:02000004FFE01B
:100000000A0000141F2003D500002000000000009B
:10001000605503000000000000001020FFFFFFFFFC
:1000200040121020FFFFFFFF1A030014414238D591
:100030003F2000F16C000054E0000054AB0100547C
:1000400000113ED5000C40B200111ED55F111ED527
:100050000A00001401113CD5C10010B721007BB289
:1000600001111CD5E07F86D240111CD5030000147D
:100070000006A0D2401018D5FF4403D5404238D521
:100080001F2000F14C01005440000054AB0000540C
:10009000000438D5000C7492E00000B50400001490
:1000A000000438D5001C7892600000B56008005844
:1000B00000E01BD5DF3F03D5414238D53F2000F19A
:1000C0006C000054C0000054AB00005420F239D53D
:1000D00000007AB220F219D5DF3F03D50D0000945D
:1000E0001A010094A00038D5009C409200DC609278
:1000F000C00000B45F2003D541060058200040F93D
:10010000A0FFFFB400001FD6BF4100D59F0600949A
:10011000FD031EAA000038D500FC44D3002C4092F9
:100120001F0C34F100010054000038D500FC44D30A
:10013000002C40921F1C34F180000054FE031DAAC5
:10014000C0035FD6FEFFFF17FDFFFF17FD031EAACA
:10015000A00038D5009C409200DC6092600000B5A1
:1001600040030058B10600940003005821030058D2
:10017000C4060094A00038D5009C409200DC609238
:10018000C00000B460020058D00600946400001063
:10019000450200582F060094FE031DAAC0035FD637
:1001A00040010058C5060014C0035FD6C0035FD6E7
:1001B0009FFFFF17000000000084D7170000000019
:1001C0001022D1FF000000000010FCFF0000000022
:1001D0000020FCFF00000000010000000000000003
:1001E000FD7BBFA9FD0300912E31009400008052D9
:1001F000FD7BC1A8C0035FD6FD7BBEA92000805255
:1002000005008052FD030091E7630091E6730091C1
:10021000040080D2030080520200805261028052AA
:10022000E01F00B925010094A0000034200100D097
:1002300000702C917013009404000014E01B40B96E
:100240001F0400318100005400008052FD7BC2A8D1
:10025000C0035FD61FFC037168000054001C00122D
:10026000FBFFFF17200100D0003C2D91F2FFFF178C
:10027000FD7BBDA9FD030091F30B00F9F30300AA78
:10028000DEFFFF97021C0012210100D0E0830091E5
:1002900021C82D91C9370094E1830091E00313AA8E
:1002A00068320094F30B40F9FD7BC3A8C0035FD60E
:1002B0001F9C0F71C9020054FD7BBEA9017D8052B5
:1002C000FD030091F30B00F91308C11A200100D0BF
:1002D00000EC2D91E103132AE237009453000094BF
:1002E000000042B9BF3F03D5000C04121300132ACB
:1002F000BF3F03D54D000094130002B900008052A7
:10030000F30B40F9FD7BC2A8C0035FD6A0028012A8
:10031000C0035FD6FD7BBFA9FD030091430000949D
:10032000000042B9BF3F03D5006C0012017D80522E
:10033000FD7BC1A8007C011BC0035FD6FD7BBDA96E
:10034000220100D001008012FD030091F35301A9A6
:1003500042702E91540A40F9E00314AA002D009433
:100360004000F836D4310094F303002AE103002A58
:10037000E00314AAFE2E009460FFFF3442010090B7
:10038000E4830091423C1D91E103132AE00314AA87
:10039000030080526530009460FEFF35400100D0BC
:1003A000E11340F901F404F9F35341A9FD7BC3A81B
:1003B000C0035FD6FD7BBEA9200100D000C83591E7
:1003C000FD030091C9480094A000F8B6200100D0B8
:1003D00000A42E91A3370094B7310094E10300AA42
:1003E000E2630091E009805261470094E103002A32
:1003F000A0000034200100D000482F9199370094CC
:10040000F6FFFF17E00F40F9F5430094410100D0DB
:1004100020F004F9FD7BC2A8C0035FD6400100D0E4
:1004200000F444F9C0035FD6400100D000F044F965
:10043000C0035FD6FD7BBBA9A101009021A0229142
:10044000FD030091E2830091F30B00F9F303002A0E
:10045000E0038052E4460094A0000034000080D203
:10046000F30B40F9FD7BC5A8C0035FD6E01340F94C
:10047000E1A30091F32300F9C23C009400FFFF3791
:10048000E0A30091323D009401F87A923F9800B1C8
:1004900060FEFF541F1400B141FEFF54F0FFFF1730
:1004A000FD7BBEA9C0038052FD030091F30B00F950
:1004B000137D80D2E0FFFF970108D39A200100D07E
:1004C00000E42F916737009400048052DAFFFF9711
:1004D0000108D39A200100D0003430916137009494
:1004E00060008052D4FFFF970108D39A200100D00A
:1004F000008830915B37009420048052CEFFFF9734
:100500000108D39A200100D000DC309155370094C7
:1005100040048052C8FFFF970108D39A200100D001
:10052000003031914F37009400068052C2FFFF9790
:100530000108D39A200100D0F30B40F900843191D7
:10054000FD7BC2A847370014FD031EAA24090058EA
:10055000850040F9210900583F0005EBE1010054F6
:10056000A00038D5009C409200DC6092200100B5CC
:100570009F0000F9640800589F0000B941C03ED5B3
:1005800021007FB241C01ED5DF3F03D59F3F03D579
:100590007F2003D5FFFFFF1784070058850040F92F
:1005A000A6006D92460300B544070058850440B983
:1005B000A00038D5010C4092020700584220C19A91
:1005C000A600028A860000B5C40500589F0000B945
:1005D00003000014E4050058820400B9A00038D5D7
:1005E000009C409200DC6092200200B4A4040058F9
:1005F000850040F9450000B4A0001FD6A00038D502
:10060000009C409200DC609220FFFFB5A4030058DC
:10061000850040F9450000B4A0001FD6A00038D5E1
:10062000009C409200DC609220FFFFB4A0030058C1
:100630007E050094600300588103005891050094E2
:10064000A00038D5009C409200DC6092C00000B44D
:10065000C00200589D05009464000010A5020058D7
:10066000FC040094FE031DAAC0035FD60000000036
:100670001822D1FF00000000E7E52812000000006A
:100680001022D1FF000000002022D1FF0000000056
:100690000010D1FF00000000000100000000000079
:1006A0000010FCFF000000000020FCFF0000000024
:1006B00001000000000000005F1C0072FD7BB8A973
:1006C000E2079F1A081C0012000C0853022C022A91
:1006D000FD030091602814530000012AE87700B957
:1006E000089080D24200002A68F4BFF2094888D2FC
:1006F000A51C001211F111D11E5111D10E0102D110
:10070000F35301A914029852138111D1F55B02A988
:1007100015E111D140000432F76303A9170698D2FE
:100720006C0080520D7D80D2E901A0F217FDA7F286
:100730002A00805214FDA772F96B04A9FB7305A966
:10074000E06F00B9E43F00F965030034C00340B92D
:10075000BF3F03D500001812E07300B9BF3F03D5B7
:10076000A10200B9BF3F03D5AAFA03B9027D8052A6
:10077000000140B9BF3F03D5400F0035DF3F03D52F
:1007800024E03BD500E03BD5007C0D9B0008C99AD6
:100790000000048B00040091DF3F03D524E03BD52B
:1007A0009F0000EBA3FFFF544204007121FEFF54A1
:1007B000200000143FFC1F712818005460F4BFD2C1
:1007C000040040B9BF3F03D5841000120B7D805256
:1007D0008004001102008052001000126F0240B924
:1007E000BF3F03D51F000F6B610500546200003549
:1007F000BF3F03D5CA0100B9DF3F03D52FE03BD58A
:1008000002E03BD5427C0D9B4208C99A42000F8B07
:1008100042040091DF3F03D52FE03BD5FF0102EBFF
:10082000A3FFFF546B0500712200805281FDFF542D
:10083000A00D80121FFC077104184B7AE1010054CF
:10084000DF3F03D524E03BD502E03BD50BFA80D255
:10085000427C0B9B4208C99A4200048B42040091DF
:10086000DF3F03D524E03BD59F0002EBA3FFFF54FD
:100870008C050071A1F6FF54F35341A9F55B42A921
:10088000F76343A9F96B44A9FB7345A9FD7BC8A88D
:10089000C0035FD6BF3F03D58400140BE26F40B99D
:1008A00084787ED3820000B9BF3F03D570F4BFD2F5
:1008B0000B008052000200B97F000B6B81000054D6
:1008C000BF3F03D5CA0100B9A9FFFF17E23F40F9B6
:1008D00004040011841000120F7D805256D86BB8AA
:1008E00002008052780240B9BF3F03D59F00186BC9
:1008F0006102005462000035BF3F03D5CA0100B950
:10090000DF3F03D538E03BD502E03BD5427C0D9B71
:100910004208C99A4200188B42040091DF3F03D578
:1009200038E03BD51F0302EBA3FFFF54EF05007136
:100930002200805281FDFF54BEFFFF17BF3F03D549
:100940000000140B00787ED3160000B9BF3F03D51A
:100950006B050011E003042A040200B9D7FFFF175A
:10096000BF3F03D51F0100B925010034C00340B9C2
:10097000BF3F03D5E27340B9000018121F00026B9D
:10098000A008801200009F1AABFFFF17220240B997
:10099000BF3F03D5800480D260F4BFF2000040B9AD
:1009A000BF3F03D55F00006B20EEFF54E042228B77
:1009B00000F47ED3000040B9BF3F03D542040011CC
:1009C000420C0012BF3F03D5047C1C53220200B925
:1009D0009F040071C1ECFF54EB7740B9046C58D30D
:1009E0007F01046B41ECFF54E60100B4CB0040B939
:1009F000DF0000B9960480D2194888D276F4BFF29D
:100A00001A0698520F584CD3DB8200D1187D80D241
:100A1000F901A0F21AFDA772AF00003500280012FC
:100A200085FFFF170B008052F3FFFF1710FA80D2EB
:100A3000C40240B9BF3F03D59F00026BE1010054DF
:100A4000DF3F03D53CE03BD504E03BD5847C189BDD
:100A50008408D99A84001C8B84040091DF3F03D55D
:100A60003CE03BD59F0304EBA3FFFF54100600F1CD
:100A700001FEFF546FFFFF1744001A0B84787ED3EA
:100A8000900040B9BF3F03D542040011EF0500516B
:100A9000420C0012BF3F03D5620300B9EBFBFF34E9
:100AA000C40040B96B050051F07824B8C40040B9C7
:100AB00084040011C40000B9D8FFFF17A0028012FF
:100AC0005DFFFF17FD7BBEA9FD030091F35301A954
:100AD000BF3F03D5930180D27420805273F4BFF2DC
:100AE000E00313AA14C41FB8BF3F03D57FC21FB8C9
:100AF000BF3F03D51F7804B925008052070080D27C
:100B0000E003052A060080D2040080D20300805250
:100B10000200805241008052E8FEFF9760000035DD
:100B2000BF3F03D5740200B9F35341A9FD7BC2A8AE
:100B3000C0035FD6070080D2060080D20500805235
:100B4000040080D20300805202008052610680526D
:100B500020008052D9FEFF17FD7BBDA9070080D27F
:100B6000060080D2FD03009105008052040080D26F
:100B700003008052020080524106805220008052C1
:100B8000F30B00F9CDFEFF97600200352000805284
:100B9000E7A30091E6B3009105008052040080D2E3
:100BA000030080520200805261078052E02F00B99A
:100BB000C2FEFF97F303002AA0000035E02B40B9E6
:100BC000BCFDFF97F303002A20020034DAFFFF97F1
:100BD0000F000014D8FFFF97F303002A80010035AF
:100BE000070080D2060080D205008052040080D227
:100BF0000300805202008052410680522000805241
:100C0000AEFEFF97F303002A20FCFF34E003132A13
:100C1000F30B40F9FD7BC3A8C0035FD6FD7BBFA9E2
:100C2000070080D2060080D2FD03009105008052AB
:100C3000040080D20300805202008052E1088052FA
:100C4000200080529DFEFF97400000349A2F0094B0
:100C5000FD7BC1A8C0035FD6FD7BBEA923008052E7
:100C6000070080D2FD030091E4730091060080D25A
:100C70000500805202008052A10B8052E01F00B993
:100C8000E003032A8DFEFF97FD7BC2A8C0035FD659
:100C9000E7FCFF17FD7BBFA9FD030091E0FDFF9777
:100CA000010040B9BF3F03D540E08152FD7BC1A8A0
:100CB000E001A0722000000AC0035FD6FD7BBEA940
:100CC000FD030091F30B00F9F3FFFF97F303002AF4
:100CD00000020034210100D021D83191F3010836FF
:100CE000220100D042F03191200100D00068329101
:100CF0005C350094617A1E7261010054F30B40F977
:100D0000400100B0FD7BC2A800200891BA10001479
:100D1000210100D021203291420100B042240891EB
:100D2000F2FFFF17A0FF9F527F02006A8103005469
:100D3000217C1013220280523F1C0072610000547B
:100D4000217C0813422000113F0C40F26100005446
:100D5000217C0413421000113F0440F26100005452
:100D6000217C0213420800113F0040F24214821A13
:100D7000400400511F3C00716D010054210100D05E
:100D80004244005121343291F30B40F9200100D04C
:100D9000FD7BC2A800B0329132350014220080528F
:100DA000E6FFFF17210100D0422400512158329163
:100DB000F6FFFF17FD7BBEA9FD030091F30B00F9C1
:100DC0009AFDFF97002053B9BF3F03D51F04007160
:100DD000F3179F1A95FDFF97736E1C53005453B978
:100DE000BF3F03D51F040071410000547302183245
:100DF0008EFDFF97002853B9BF3F03D51F04007134
:100E0000410000547302103288FDFF97002C53B943
:100E1000BF3F03D51F040071410000547302083224
:100E2000BF3F03D581FDFF97136C00B97FFDFF978E
:100E3000000053B9BF3F03D51F040071F3179F1A79
:100E40007AFDFF97000453B9BF3F03D51F0400711B
:100E5000410000547302183274FDFF97000853B923
:100E6000BF3F03D51F0400714100005473021032CC
:100E7000BF3F03D56DFDFF97137000B9F30B40F929
:100E8000FD7BC2A8C0035FD6FD7BBAA900029ED23B
:100E900060FCBFF2FD030091F35301A9F55B02A9C9
:100EA000F76303A9180080D2F96B04A9FB2B00F9A2
:100EB000BB000094F703002A00349ED260FCBFF20E
:100EC000B7000094FF02006BF503002AF322801A9A
:100ED00000669ED260FCBFF2B1000094F603002AC7
:100EE000007E9ED260FCBFF2AD000094DF02006B7A
:100EF000F403002AC122801A000C80523F00136BB9
:100F00002120931AFF820171F792801A00029ED26B
:100F100021F47ED3E203172A213C009160FCBFF24A
:100F200021787C92FF6321CBF30300917A12009128
:100F3000E10313AAAA000094FF02186B08060054EC
:100F4000BF82017179120091000C8052170080D28B
:100F50001A2682D2B592801A00349ED2E203152A54
:100F6000E10313AA60FCBFF29D000094BF02176B5F
:100F700068050054DFA200717812009100058052CC
:100F8000150080D2196082D2D692801A00669ED255
:100F9000E203162AE10313AA60FCBFF2900000945A
:100FA000DF02156BC80400549F8201717712009113
:100FB000000C8052150080D2188082D29492801A40
:100FC000007E9ED2E203142AE10313AA60FCBFF262
:100FD000830000949F02156B28040054BF03009106
:100FE000F35341A9F55B42A9F76343A9F96B44A9FF
:100FF000FB2B40F9FD7BC6A8C0035FD65B7B78B8AE
:10100000BF3F03D5797A78B808FDFF97180B009198
:10101000390740913B6B20B8C8FFFF173B7B77B87F
:10102000BF3F03D5787A77B800FDFF97F70A0091A4
:1010300018031A8B1B6B20B8CDFFFF171A7B75B8EE
:10104000BF3F03D5777A75B8F8FCFF97B50A0091D2
:10105000F702198BFA6A20B8D2FFFF17F97A75B830
:10106000BF3F03D5767A75B8F0FCFF97B50A0091BB
:10107000D602188BD96A20B8D7FFFF17FD7BBFA90E
:10108000FD03009181FFFF97FD7BC1A84AFFFF1779
:10109000BF3F03D5010082D26000805201FABFF247
:1010A000200000B920E21BD50000801200E21BD511
:1010B00000008052C0035FD6816A8852E129A9727C
:1010C0001F00016BE003005468020054212B88527A
:1010D0008189A8721F00016B40030054680100540D
:1010E00081EA8952E149A8721F00016BA0020054F5
:1010F000616A89528169A8721F00016BE0079F1A1B
:1011000000040011C0035FD621E8885201CAA8720A
:10111000FAFFFF1701AB8A52A109AA721F00016BE7
:1011200000010054A1498A528168AA721F00016B14
:101130008000005461688A5221A9A972EFFFFF174D
:1011400020008052F0FFFF17FD7BBFA9E30300AA38
:10115000E20301AAFD030091000040B9BF3F03D59F
:10116000D6FFFF97400000B91F08007141010054ED
:10117000600040B9BF3F03D50008C05ACFFFFF97BA
:101180001F080071400000B9E0139F5AFD7BC1A801
:10119000C0035FD600008052FDFFFF17FD7BBEA994
:1011A000E40300AAFD030091E1730091E7FFFF97BC
:1011B00020010035800440B9BF3F03D5E11F40B98D
:1011C0003F040071410000540008C05A0040005123
:1011D000007C0253FD7BC2A8C0035FD6FD7BBEA985
:1011E000E50301AAE40300AAFD030091E603022A35
:1011F000E1730091D5FFFF9700020035810040B9EF
:10120000BF3F03D5811040B9BF3F03D5E21F40B9AE
:101210005F040071810000542108C05AA10000B988
:1012200002000014C2FFFF3484500091220080525B
:101230005F00066B63000054FD7BC2A8C0035FD64D
:10124000810040B9A5100091BF3F03D5E31F40B90D
:101250007F040071810000542108C05AA10000B928
:1012600002000014C3FFFF344204001184100091F7
:10127000F0FFFF1700B09ED260FCBFF2020040B941
:10128000BF3F03D5618889526169AA725F00016B13
:10129000616A89528169A87281010054BF3F03D5F8
:1012A000010401B802000291010040B92108C05AAE
:1012B000014400B81F0002EB81FFFF5400B29ED230
:1012C00060FCBFF2C0035FD65F00016B80FFFF547C
:1012D000000080D2FCFFFF17FD7BBEA980BF9ED21D
:1012E00060FCBFF2FD030091F30B00F9130040B95D
:1012F000BF3F03D5BF3F03D54CFCFF97130402B992
:101300004AFCFF97000442B9BF3F03D5F30B40F9F5
:10131000FD7BC2A8C0035FD600809052E0FAA272A3
:10132000C0035FD6FD7BBEA900C09ED260FCBFF2A9
:10133000FD030091F30B00F9130040B9BF3F03D543
:10134000BF3F03D539FCFF97130802B937FCFF975D
:10135000000842B9BF3F03D5F30B40F9FD7BC2A89B
:10136000C0035FD6FD7BBEA9FD030091F35301A925
:10137000F30300AA813F0094F40300AAE00313AA38
:10138000174000941F0400B121010054610640F988
:10139000200100B000083391B23300944002801263
:1013A000F35341A9FD7BC2A8C0035FD6800200F9B8
:1013B00000008052FBFFFF17434238D5630C0253F5
:1013C0007F0C0071C1000054200040B9BF3F03D51D
:1013D000400000B900008052C0035FD6FD7BBFA96A
:1013E000FD030091010440F9200100B00074339125
:1013F0009C330094800B8012FD7BC1A8C0035FD694
:10140000434238D5630C02537F0C0071A100005495
:10141000BF3F03D500008052220000B9C0035FD651
:10142000FD7BBFA9FD030091010440F9200100B03C
:10143000008C34918B330094800B8012FD7BC1A80B
:10144000C0035FD6FD7BBEA9FD030091FF4403D519
:10145000B0010094D302009440000034962D009413
:10146000D5FBFF97B6FBFF97BF3F03D5EFFBFF9779
:10147000E1E18152E1E1BF72010800B9BF3F03D54C
:10148000004284D220FABFF21F0000F901FFFF974B
:101490008DFDFF9700008052F0FDFF97F8FEFF974B
:1014A000E263009101008052E0038052FC4200940C
:1014B00060FDFF35BF8900944E03009400FEFF9746
:1014C000F8FBFF97210100B0215C3691E2630091A7
:1014D000E0098052FF420094E103002AA00000349A
:1014E000200100B000CC36915E330094DCFFFF1782
:1014F000210100B021943791E2630091E00980520C
:10150000F4420094E103002A80000034200100B07E
:1015100000143891F5FFFF17E2630091010080523B
:10152000C0038052DE420094A0F9FF35E2630091CF
:1015300001008052800C8052D942009400F9FF359E
:1015400086FDFF97FD7BC2A8C0035FD6FD7BB9A9CE
:10155000210100B021E03891FD030091F35301A96E
:10156000F30300AAF55B02A9F76303A9F96B04A9C9
:10157000FB2B00F9590A40F9E00319AA50270094FF
:10158000F30300B5F35341A9F55B42A9F76343A9FF
:10159000F96B44A9FB2B40F9FD7BC7A8C0035FD6BC
:1015A000940600118006005161DA74B860DA60B800
:1015B0003F00006B60FFFF54D80CF836210100B0EB
:1015C000200100B021CC19910000399125330094FD
:1015D00020008052600200B99F02006B4DFDFF5455
:1015E00000018052600600B99F0A0071C0FCFF54E0
:1015F00080008052600A00B9E3FFFF17F803002A59
:1016000034008052E8FFFF17DF02146B6B020054B6
:10161000210100B0200100B0E203142A21CC19916D
:10162000009839910F330094F6FAFF35F35341A92E
:10163000210100B0F55B42A921CC1991F76343A9C0
:10164000200100B0F96B44A900DC3B91FB2B40F971
:10165000FD7BC7A803330014E00319AA18270094E0
:10166000F503002A6004F8375B0A40F9E103002A19
:10167000E2A3019160098052B0420094A0050034B9
:10168000E2A30191E103152AA00E8052AB4200941F
:1016900080050034E2A30191E103152AA0098052DC
:1016A000A642009420050034E103152AE0031BAA9A
:1016B000030080D2220100B042383A917A26009489
:1016C000F50300AA600100B4210100F021A80D91EA
:1016D0005C2D009400030034210100B0200100B013
:1016E000E20315AA21D0169100683A91DD320094E8
:1016F000F7060011E103182AE303172AE2031AAAE6
:10170000E00319AA040080D2D6270094E10300AABE
:10171000C0F7FFB596F3FF35B7F8FF35210100B0EC
:10172000200100B021CC199100303B91A8FFFF1798
:101730002000805260DA36B8D6060011EDFFFF17A0
:1017400000018052FCFFFF1780008052FAFFFF1754
:101750003A0100B0170080525ADB3A9116008052CD
:10176000E5FFFF17FD7BBEA9210100B0E009805213
:10177000FD030091E263009121843C915542009465
:10178000C0000034E103002A200100B000F03C91C9
:10179000B4320094C82C0094200080522FFDFF9793
:1017A000FD7BC2A8C0035FD600E03BD5C0035FD677
:1017B000DF3F03D520E03BD5408E00B9C0035FD6A4
:1017C000FD7BBFA9FD03009173000094FD7BC1A8C0
:1017D000730000148000001473000014404238D5D8
:1017E000000C02531F04007121020054001038D570
:1017F00060031036FD7BBFA9A10080920000018A22
:10180000FD030091414238D5210C02533F04007181
:10181000A1010054001018D5DF3F03D55E000094ED
:101820005F000094FD7BC1A8770000141F080071C1
:101830006100005400103CD5EEFFFF1700103ED5AC
:10184000ECFFFF173F0800716100005400101CD529
:10185000F2FFFF1700101ED5F0FFFF17C0035FD681
:10186000404238D5000C02531F040071810000541F
:10187000001038D500080253C0035FD61F0800715E
:101880006100005400103CD5FBFFFF1700103ED54F
:10189000F9FFFF17404238D5000C02531F040071B6
:1018A00081000054001038D500000012C0035FD63C
:1018B0001F0800716100005400103CD5FBFFFF17AA
:1018C00000103ED5F9FFFF170CF87FD30C001AD596
:1018D000DF3F03D5060039D5C20840D3900000B4DD
:1018E000C35C43D3C4DC60D303000014C33043D3D0
:1018F000C46C4DD3421000916510C05AE60303AA90
:10190000C720C59A890107AA8720C29A290107AA78
:1019100061000036497608D502000014497E08D5DA
:10192000C60400F1EAFEFF54840400F18AFEFF546D
:10193000C0035FD6E10300AA9F3F03D52A0039D533
:101940004B6958D36B0200B4EF031EAA500738D579
:10195000105E54D3000080D20C04008B4C25CC9A2E
:101960008C0940929F0900F14B000054D7FFFF976C
:10197000000400917F0100EB0CFFFF54000080D2B7
:1019800000001AD59F3F03D5DF3F03D5FE030FAA02
:10199000C0035FD6000080D2E7FFFF17000080D2AF
:1019A000C0035FD623003BD5634C50D3820080D266
:1019B0004220C39A430400D10000238A207E0BD525
:1019C0000000028B1F0001EBA3FFFF549F3F03D5D4
:1019D000C0035FD623003BD5634C50D3820080D236
:1019E0004220C39A430400D10000238A207608D500
:1019F0000000028B1F0001EBA3FFFF549F3F03D5A4
:101A0000C0035FD6494238D53F2100F16C00005435
:101A1000C00000542B0100541F870ED59F3F03D5F3
:101A2000DF3F03D5080000141F870CD59F3F03D567
:101A3000DF3F03D5040000141F8708D59F3F03D55F
:101A4000DF3F03D5C0035FD6C0035FD600000000B0
:101A5000FEFFFF971F2003D5464238D5DF2000F157
:101A6000EC000054400000542B000054BF0400F16F
:101A7000400000542500009480001FD65F111ED541
:101A8000E67F86D246111CD57FE01CD5A602005801
:101A900006101CD5E603009106411ED506C03ED5B2
:101AA00006C01CD5BF0000F1E0000054E60100585C
:101AB00006111ED5E601005806401ED524401ED54D
:101AC000E0039FD6A601005806111ED5A6010058B6
:101AD00006401ED524401ED5E0039FD6000000001E
:101AE0003008C53000000000B10500000000000013
:101AF000C903000000000000B10100000000000068
:101B0000DA01000000000000C0035FD6C0035FD60A
:101B1000FD7BBDA9620100D042001491FD0300913C
:101B2000F51300F9550100B0F35301A9740100D079
:101B3000A0FA49B994021491530014CBF4FFFF9713
:101B4000A0FA09B91F040071627E4092400100B002
:101B50000080279161010054E10300AAE00314AA68
:101B6000A52C0094A0FA49B9F35341A9000400112F
:101B7000A0FA09B9F51340F9FD7BC3A8C0035FD6ED
:101B8000E10314AAF7FFFF17400300581FEC7C92F3
:101B9000E0030091C00500941F000091F20300AA29
:101BA000C1050094000080D227FEFF979E0100949B
:101BB0001F0000F11210929AE10300911F0000F142
:101BC0000010819A1F000091E00790F00000009142
:101BD00001089090210009911F8400F81F0001EB7B
:101BE000C3FFFF54E00312AA412640F90901001483
:101BF00000F0E3FF00000000FD7BBEA9230080523F
:101C0000FD030091410240F9228446A9E20701A99F
:101C1000E2630091E143009139060094FD7BC2A884
:101C2000C0035FD600000000414238D53F2000F1DC
:101C30006C000054400200542B0200546900805292
:101C4000090000B9090440B92A1100128A010034C0
:101C50000B00029109008012694500B8694500B87F
:101C60004A050051CAFFFF35C10300586000805289
:101C7000200000B900108052200400B9C0035FD6D4
:101C8000424238D55F2000F16C00005440010054FE
:101C90002B01005409008012098000B929008052EC
:101CA000090001B9E93C8052290000B909108052AD
:101CB000290400B9C0035FD6090090520920A07220
:101CC00009000FB9C0035FD67F2003D5092040B9B2
:101CD000092400B92925001289FFFF35C0035FD60A
:101CE0000020FCFF00000000FD7BBFA9FD03009168
:101CF000000C40F900003FD6FD7BBFA9000084D254
:101D0000FD030091408E00F9892A0094C00000353F
:101D100020008052623F009460000035FD7BC1A826
:101D20005A3F0014FD7BC1A8C0035FD6C0035FD635
:101D3000400400B4FD7BBEA9FD030091F30B00F944
:101D4000F30300AAD92200940001F8369E260094DD
:101D5000E10300AAF30B40F9200100B0FD7BC2A80B
:101D600000983D913F310014E00313AA0100805216
:101D7000AE060094E0000035200100B000D03D9197
:101D800001008052F30B40F9FD7BC2A835310014ED
:101D9000E00313AA99FFFF97E103002A80000034B3
:101DA000200100B000643E91F7FFFF17F30B40F9EC
:101DB000FD7BC2A8C0035FD6C0035FD6600100D020
:101DC000018042F940688AD220ABA9F23F0000EBC3
:101DD000A1000054600100D000401491000040F9BF
:101DE000C0035FD600008092FEFFFF17000080D284
:101DF000C0035FD6C0035FD600004891C0035FD622
:101E0000A0028012C0035FD6A0028012C0035FD67A
:101E1000450040B9E4A4805224C3AA72BF00046BF9
:101E200061000054E10302AAF8FFFF17FD7BBFA980
:101E3000030880D2FD030091F2FFFF971F0000719D
:101E4000A10280120000811AFD7BC1A8C0035FD6E9
:101E5000FD7BBCA9FD030091F35301A9F30302AA82
:101E6000F40300AAE0078092F55B02A9F60304AA36
:101E7000F71B00F9F70301AA010880D2DFFFFF97E3
:101E8000640240F9F50300AA60224079E30315AA31
:101E9000E10316AA02FC0091E00300CB4200008A95
:101EA000E00313AA80003FD61FFC00710C01005410
:101EB00095008012F35341A9E003152AF55B42A96E
:101EC000F71B40F9FD7BC4A8C0035FD6A10240B94F
:101ED00000BA8152C0BFBD723F00006B4101005487
:101EE000F71B40F9E30315AAE20316AAE10313AABC
:101EF000F55B42A9E00314AAF35341A9FD7BC4A8F2
:101F0000E8010014E20315AAE10317AAE00314AAEA
:101F1000C0FFFF97F503002AE0FCFF35830A40F974
:101F200060224079822E40B961224079040400D1B8
:101F30008400028B630002CB21040051823240B93D
:101F4000E00300CB81C021CB4200048B640240F946
:101F50002100008A420001CB6300018B4200008A0D
:101F6000C102018BE00313AA80003FD6A000F8371E
:101F7000813240B93F00006BE9F9FF54CDFFFF17F4
:101F8000F503002ACCFFFF17400240F9800000B59E
:101F9000400100B000002891400200F9C0035FD664
:101FA000FD7BBFA9FD03009154FFFF978000003522
:101FB000411A40F9210071B2411A00F9FD7BC1A814
:101FC000C0035FD6401A40F9C0007836401A40F985
:101FD000000076B2401A00F900008052C0035FD6BC
:101FE000FD7BBFA9FD03009144FFFF97A0000035D2
:101FF000401A40F9000076B2401A00F90000805201
:10200000FD7BC1A8C0035FD600008052C0035FD62D
:10201000FD7BB2A9820280D2010100F0FD03009194
:10202000F55B02A9F5E3019121A03291E00315AA25
:10203000F35301A9F76303A9F96B04A9FB7305A97D
:102040006D2B0094D1FFFF9700F4A3D2010AA0D218
:102050000E0C0094401A40F9020077B2421A00F9BF
:1020600080005037D8FFFF9740000034922A009438
:1020700008FCFF97F6DD9752CE860094B6D5BB726A
:1020800058F8FF97940100D001008052020A80D2D4
:10209000E04302913E2B0094E00315AAF6BB00B981
:1020A0002BFDFF973A010090810100D0800100D004
:1020B00021A02F9100E03191130001CBE0F301B298
:1020C000605595F294A22F9173FE43935ADF3E918F
:1020D000180080D257028012737E009B000380524A
:1020E000737E209B9302138BB97A78B83F03166BEB
:1020F000000700543B010090FC0314AA7B3F3F9172
:102100002C000014800B40B97C0000B43F03006B2E
:10211000E104005436FFFF97E10300AA400000B538
:10212000810340F9E0031AAA4E300094800B40B9B5
:10213000E1A30191E06B00B9E0430291FF3B00F99C
:10214000820B40F940003FD6F703002AA002003579
:10215000E1A30191E0430291ACFFFF97F703002A4E
:1021600000020035F9BB00B9E04302917EFDFF9704
:10217000E0430291EEFEFF97E06342391F64007175
:1021800021030054E05B40F91300009073323D914D
:10219000E8FEFF9718FFFF97E043029160023FD6E9
:1021A000E103172AE0031BAA2E3000949C630091E0
:1021B0009F0313EB81FAFF54200100901807009150
:1021C00000683F91273000941F1700F1E1F8FF5499
:1021D000D7FCFF342001009000E43F91860B00946F
:1021E000A3FFFF17F3FFFFF073A23391EAFFFF177E
:1021F000FD7BBFA9004098522000A072FD03009112
:10220000407600B924720094401A40F9000065B28B
:10221000401A00F9200100B000900091FD7BC1A898
:10222000750B0014000080D2C0035FD6FD7BBCA9F3
:10223000FD030091F35301A9F403022AE20301AA6A
:10224000F55B02A9F30303AAE3F30091011440B97B
:10225000000040F994230094A00200B4E23F40B98A
:10226000417C4093210400D11600018B020200340E
:1022700001686138C101003515008052BF02146B3E
:102280008B000054600200F9000080520900001425
:1022900001008052812A0094000400911F0016EB77
:1022A00008010054B5060011F5FFFF17A0028012C7
:1022B000F35341A9F55B42A9FD7BC4A8C0035FD6D7
:1022C000C0008012FBFFFF17FD7BBDA9FD0300913D
:1022D000E3A30091F35301A9F30300AAD4FFFF97EE
:1022E000A0010035600240F9611240B9F41740F9CD
:1022F000E20314AADA220094E000F836E203002A8E
:10230000E10314AA200100B000600191D52F0094D0
:10231000A0028012F35341A9FD7BC3A8C0035FD67E
:10232000FD7BB8A9FD030091F35301A9F303032A30
:10233000F55B02A9F50302AAF60304AAF76303A951
:10234000F70300AAF80301AAF92300F9E103032A1D
:10235000540040F9E2A30191E00314AA820600941C
:1023600060020034C00A40F9000200B5020080D2C9
:10237000E103132AE00314AA77220094E10300AAE0
:10238000200100B000E40191B62F0094000D8012EE
:10239000F35341A9F55B42A9F76343A9F92340F937
:1023A000FD7BC8A8C0035FD6E03700F9E263019166
:1023B000E103132AE00314AA9906009440010034B3
:1023C000E2630191E103132AE00314AA8206009458
:1023D00020030035A10640F9E05B40B90000010B85
:1023E000E05B00B9E2730191E103132AE00314AA50
:1023F0009D06009420030035E05F40B904040051BD
:1024000000030035E103132A020080D2E00314AA7E
:102410005122009421010090E20300AA21101A9198
:10242000200100B0009C02918E2F00940000805289
:10243000D8FFFF17E3830191E2C30191E103132A5F
:10244000E00314AA5006009440080034200100B0B4
:1024500000340391E80A009420008012CDFFFF179A
:10246000E2224079007C4093E15B40B9E03300F91F
:10247000400400510000010AE303024BF53740F924
:102480004200000B4200040B2100030AE40240F961
:102490004200030AB5FE009101C3218BB5E67A9292
:1024A000197C4093E30315AA427C4093E00317AAEA
:1024B00080003FD6E13340F91F0001EBE3040054F4
:1024C000B502198B020080D2E103132AE00314AA9B
:1024D00021220094E10300AA200100B000A403918E
:1024E000602F0094420A40F9E30315AAE43340F94F
:1024F000E103132AE00314AAAC060094200300347D
:10250000200100B000400491BB0A0094E20346A9F8
:10251000E10315AA532A0094B6F8FFB4E03740F956
:10252000C00A00F9E03340F9C03200B9E2E301919A
:10253000E103132AE00314AA0F0600941F000071A0
:10254000E03F40F900009FDAC00E00F9B8FFFF1726
:10255000F53B40F9DCFFFF17800080128DFFFF176D
:10256000000080128BFFFF17FD7BB7A9FD030091D0
:10257000F35301A9F30300AAF55B02A9F60301AA2C
:10258000F50303AAF71B00F9210100B0F70302AA23
:1025900021500491143040B902008052000840F9E3
:1025A0009402008BE00303AAF42B00F947FFFF9786
:1025B0000002F836420A40F9020300B4420440B96E
:1025C000E00314AA741200F94208C05A410A40F903
:1025D000092A0094F55B42A901008452601240F977
:1025E000F35341A9F71B40F9FD7BC9A88F040014E0
:1025F000E303002AE4030191E20315AAE10317AA09
:10260000E00316AA47FFFF978000F837E02B40F958
:10261000601200F9F0FFFF17F35341A9F55B42A9DF
:10262000F71B40F9FD7BC9A8C0035FD6C0035FD686
:10263000FD7BBEA9217C021B000880D2FD03009116
:10264000F30B00F9337C409361FE009121E47A9210
:102650001B0D0094A00100B5E10313AA200100B0F6
:1026600000600491FF2E0094200100B000FC049152
:10267000FC2E0094E10313AA000080D2F30B40F972
:10268000FD7BC2A8DDFDFF17F30B40F9FD7BC2A85F
:10269000C0035FD600008052C0035FD6C0035FD680
:1026A000FFC304D1FD7B01A9FD430091F35302A9AF
:1026B000F30300AAF55B03A9F76304A9F70301AAD2
:1026C000F80302AAF96B05A9FB7306A9600440B9D7
:1026D0000008C05A000C001100747E92D4FFFF97CE
:1026E000E2224079010C009121F47E92E16B00F925
:1026F00041040051E203024B2100000B2100020AB9
:1027000022008052357C4093E00315AAC9FFFF9751
:10271000600100B59A008012FD7B41A9E0031A2AEE
:10272000F35342A9F55B43A9F76344A9F96B45A9A3
:10273000FB7346A9FFC30491C0035FD6E40240F9CE
:10274000F40300AAE30300AAE20315AAE10318AA0E
:10275000E00317AA80003FD6E0FDFFB4F46700F95C
:10276000CDFFFF97A0180037E00314AACCFFFF9716
:10277000F50300AAE06700F980090094E0DF00B9E2
:10278000F403002A6000F836BA028012E3FFFF1754
:10279000020080D2E103002AE00315AA6E21009412
:1027A000E10300AA200100B000880591AD2E00943D
:1027B000E103142AE00315AAD2080094F403002AC6
:1027C000600000341A008012D4FFFF17200100B00F
:1027D00000400491080A0094E00315AA210100B00A
:1027E00021280691B6220094E0DB00B9E0FCFF3717
:1027F000E023039102008052210100B021E82791DB
:10280000B2FEFF97F603002A2001F836E023039179
:1028100002008052210100B021480691ABFEFF97D3
:10282000F603002A00FDFF3734008052E40313AAA8
:10283000E303162AE2230391E10318AAE00317AA8F
:10284000B8FEFF97FA03002A80F6FF356222009156
:10285000E103162AE00315AA30050094C0010034F4
:102860002002805260220039E3230391E20318AA78
:10287000E10317AAE00313AA3CFFFF97FA03002A1B
:102880000001F836602240391F44007161F4FF54A2
:1028900004000014602240391F44007160FEFF54A0
:1028A000390100B0200100B0394B069100200E9193
:1028B000E04300F9200100B000400791E04700F933
:1028C000E203142AE10319AAE0230391FFFF02396E
:1028D0007EFEFF97FB03002AE00BF837DF02006B58
:1028E0006100005494060011F6FFFF17E303002A6D
:1028F000E4830391E2230391E10318AAE00317AAFA
:10290000FF7B00F987FEFF97FA03002A1F00007182
:102910000007801244B3407A20010054E3031A2ACE
:10292000E203142A21010090200100B021641C91CF
:10293000007006914B2E009478FFFF17E2FF029182
:10294000E1031B2AE00315AAF4040094E0FF4239D6
:102950001F44007101010054E3230391E20318AA0C
:10296000E10317AAE083039100FFFF97E08340F99A
:10297000601200F9600E40F91F0400B1A10000547C
:10298000E07F40F91F0400B140000054600E00F9E0
:102990007A1240F99AFAFFB4E3030391E203142A8E
:1029A000E10319AAE023039121FEFF97C0F9FF3745
:1029B000E203142AE10319AAE023039143FEFF97DF
:1029C000FC174FA9FB03002AE24340F9E103002A68
:1029D000E41341B9030080D2E06340F9E03F00F91D
:1029E000E00315AAE55300F9E4AF00B9AE21009465
:1029F000E24740F9E60300AAE1031B2AE00315AA17
:102A0000030080D2E64F00F9A7210094E70300AA53
:102A1000E1031B2AE00315AA030080D2220100B0C3
:102A2000424C0791E74B00F99F210094E00300F925
:102A3000E71B49A9E3031CAAE23F40F9E103142A7A
:102A4000E55340F9E0031AAAE4AF40B90D0300943E
:102A5000A5FFFF17600E40F9000400D11F0C00B164
:102A600069000054600A40F9600E00F9604240B904
:102A700000001F32604200B91A00805227FFFF1782
:102A800000008052C0035FD6FD7BBCA9FD0300910E
:102A9000F35301A9F40301AAF30300AA9D4C009487
:102AA000F8FFFF97047C40930100009021F02B91E8
:102AB000E11700F9E1930091E11B00F92100805238
:102AC000E2A30091E1730079E10314AA030080D22C
:102AD000E02700B9E00313AADEFCFF97F303002A06
:102AE000A26C0094E003132AF35341A9FD7BC4A810
:102AF000C0035FD6E003012AC0035FD6FD7BBDA9FA
:102B0000FD030091F35301A9F40300AAF30302AA01
:102B1000F55B02A9F60303AA000440F9150080B989
:102B20002100154BE003152AF3FFFF970000150B5A
:102B3000E20316AAE103132A3F6C0094F503002A6E
:102B40007B4C009480220079BF020071F55B42A9A2
:102B500060029F9AF35341A9FD7BC3A8C0035FD6CF
:102B600040008052C0035FD6E00301AAC0035FD6D5
:102B7000FEFFFF17FFFFFF1700D44139001443D3B6
:102B80001F1C007100109F1AC0035FD6FBFFFF17C8
:102B9000FD7BBBA9FD030091F35301A9F55B02A9DD
:102BA000F60301AAF76303A9F70300AAF80302AA30
:102BB000F92300F9F90304AA200040B91F040071A9
:102BC00080020054000800511F0400716902005483
:102BD00055028012200100B000740791A12D0094CD
:102BE000F40790D0800240F9C00100B5E003152A37
:102BF000F6450094F303002A80030034E103002A21
:102C0000200100B000000891962D009421000014CE
:102C100015008052F3FFFF1735008052F1FFFF17B8
:102C2000C4460094000440B9BF02006B01FEFF548B
:102C3000800240F9C10240B9CAFFFF971F08007126
:102C4000600600541F0C0071200400541F04007122
:102C500080050054200100B0B3028012007C0A916C
:102C6000E50800940B000014E003152A9C4600942C
:102C7000800200F9C00100B553028012E103152A59
:102C800042028012200100B000A80891752D009426
:102C9000F55B42A9E003132AF35341A9F76343A963
:102CA000F92340F9FD7BC5A8C0035FD648430094D3
:102CB000F303002AE0FBFF34E103002A9F0200F93E
:102CC000200100B000600991D0FFFF17800240F999
:102CD000AFFFFF97F303002A800240F99546009466
:102CE000E103132A63300094F303002AA0000034A8
:102CF000200100B000F40991BF080094E5FFFF1720
:102D0000800240F9E10319AA9BFFFF97800240F976
:102D100088460094E20300AAF35341A9E40318AAE9
:102D2000F92340F9E10316AAF55B42A9E00317AACB
:102D3000F76343A923008052FD7BC5A8B8000014A7
:102D4000040080D203008052220100B042E80A91C0
:102D500090FFFF17FD7BBCA9FD030091F35301A970
:102D6000F55B02A9FF3F00B9400500B4F503012A55
:102D7000210100B021580B91F40300AA50210094C6
:102D8000E103002AE000F83613008012F55B42A947
:102D9000E003132AF35341A9FD7BC4A8C0035FD607
:102DA000E2F30091E00314AA360100B02B1F009457
:102DB000D6420791F303002A93FEFF37E03F40B964
:102DC0001F0000712DFEFF541F040071E00000542D
:102DD000E103132AE2F30091E00314AA1F1F0094F9
:102DE000F303002AF5FFFF17E20316AAE103132AF3
:102DF000E00314AA030080D2AB200094A0FEFFB42D
:102E0000490100941F00156B41FEFF54E0FFFF17BE
:102E100013018012DEFFFF17FD7BBCA9FD030091AB
:102E2000F35301A9F40301AA01008052F71B00F932
:102E3000F70790D0F3220091F55B02A9F50300AAF1
:102E4000F60302AAE00313AA023080D2D02700942E
:102E5000602080D2432080D20006A0F2E00600F974
:102E6000E00790D000E00091600600F9E00790D004
:102E700000600391600A00F9202080D20303A0F2D1
:102E8000000BA0F2606A00F9A078805260E200B9FD
:102E9000E00790D000400191600E00F9E00790D06B
:102EA00000000291601200F9202080D2631A00F91C
:102EB000000BA0F2632600F92000C0F2603E00F98A
:102EC000756E00F9768200F9A00038D5003C40927A
:102ED000604A00F920798052633200F9744200F9A7
:102EE000608A00B9E00790D000A00191601600F957
:102EF000E00313AAF35341A9F55B42A9F71B40F97C
:102F0000FD7BC4A8C0035FD6C4FFFF17FD7BBDA92E
:102F1000FD030091E2A30091F35301A9F30300AA7A
:102F2000F403012A94030094A0000034E2A300916A
:102F3000E103142AE00313AA8B030094F35341A97D
:102F4000E01740F9FD7BC3A8C0035FD6FD7BBDA998
:102F500041038052FD030091F35301A9F40300AA39
:102F6000F51300F9151040F9E00315AA7AFFFF9751
:102F70000003F837E103002AE00315AAE4FFFF97F6
:102F8000F30300AA21028052E00315AA72FFFF9703
:102F9000E103002A2002F837E00315AADCFFFF97BF
:102FA000E10300AA940E40F9E00313AA020080D2C4
:102FB000D6FFFF97F30300AA0078805220421BD56A
:102FC00007FAFF97E00313AA010080D280023FD6E0
:102FD000130080D2ECFFFF170104A0D2F2FFFF170D
:102FE000FD7BBEA9E50301AAE10303AAFD0300914D
:102FF000000440F9E4630091E30302AAE20305AA96
:10300000C0860094017C40931F000071E00F40F9DE
:10301000FD7BC2A82010809AC0035FD6FD7BBAA9B1
:10302000FD030091F55B02A9F50790B0F60300AA35
:10303000E00302AAA28A41B9F35301A9F40304AA46
:10304000F71B00F9F70301AA82030035E103032A05
:1030500009850094F303002AC0020034E203002A29
:10306000010100F0200100902130179100880B91A0
:103070007C2C00943301F836010100F0200100900F
:10308000E303132AE20314AA21501A9100F40B91CE
:10309000BF8A01B9732C0094F55B42A9E003132A9F
:1030A000F35341A9F71B40F9FD7BC6A8C0035FD6C7
:1030B00020008052A08A01B9E0FFFFF000803F911C
:1030C000E0D304A900088052E2230191E10317AA8A
:1030D000040080D2030080D2E0B30079E00316AA96
:1030E0005CFBFF97F303002AE3FFFF17FD7BBEA9FC
:1030F000FD030091F30B00F9F30302AA000440F969
:1031000000C840F9BB6B00941F00007160029F9AD9
:10311000F30B40F9FD7BC2A8C0035FD60080A0522C
:10312000C0035FD600008052C0035FD6000080520B
:10313000C0035FD6FD7BBBA9FD030091F35301A93A
:10314000F40301AAF30300AAF51300F9F6FFFF97B1
:10315000F503002AF6FFFF9702488852E103002A90
:1031600063008452E003152AE201A072A66B00946A
:10317000200100B520010090008C0C919E07009466
:1031800040028012F35341A9F51340F9FD7BC5A815
:10319000C0035FD60100009021B00391E18303A931
:1031A00021008052E1930079DDFFFF97E103002ABF
:1031B0002001009000D80C91D93D0094E2E30091E9
:1031C000E403002AE10314AAE00313AA030080D257
:1031D00020FBFF97ECFFFF17FD7BBEA9E00303AACE
:1031E0000340A0D2FD0300912100038BF30B00F9F3
:1031F000F30302AA00270094E00313AAF30B40F99B
:10320000FD7BC2A8C0035FD6FD7BBCA90340A0D252
:10321000FD030091F35301A9F40301AA01BA8152FD
:10322000620040B9C1BFBD725F00016BE001005494
:10323000F30300AAE2FAFF97E20300AA1F0400B119
:10324000A1000054010880D2E0078092EBFAFF97BA
:10325000E20300AAE10314AAE00313AAF35341A96D
:10326000FD7BC4A8EBFAFF170100009021600791D5
:10327000E1FF02A921008052020080D2E1730079AF
:10328000E1A3009107FDFF97F35341A9FD7BC4A87B
:10329000C0035FD6E12484920000018B00EC7C9295
:1032A000C0035FD6FD7BBEA9022580D201008052FB
:1032B000FD030091F30B00F9F30300AA73C204911C
:1032C000B3260094538A00F9F30B40F9FD7BC2A8A2
:1032D000C0035FD6FD7BBEA9FD030091F35301A996
:1032E000F30300AAF40302AA600240B96000F836B2
:1032F0000000801207000014600640F9000100B4CD
:10330000E10314AA47260094A0000035600240B9EA
:10331000F35341A9FD7BC2A8C0035FD6736200913D
:10332000F2FFFF17E20300AA21010090000100D084
:1033300021AC279100002D91E7FFFF17FD7BBCA971
:10334000FD030091F35301A9F403042AF30301AA36
:1033500001008052F55B02A9F50300AAF76303A9F7
:10336000F70302AAF80303AAB8220094F603002A7E
:1033700001008052E00315AAC122009401741E537B
:10338000C6761E53050080D2217C4093C27C4093B8
:1033900026C0268B9F02056B2C0100549F020071F2
:1033A00080A29F1AF35341A9F55B42A9007C061B3A
:1033B000F76343A9FD7BC4A8C0035FD6A7F07DD304
:1033C000E17A65F8E46A67B8DF0A00712105005404
:1033D000210CC0DA61020039233C0853630600392E
:1033E000235C1053630A0039237C1853630E0039A1
:1033F000239C60D36312003923BC68D36316003961
:1034000023DC70D321FC78D3631A0039611E0039A4
:10341000017B65F86402028B076B67B81F080071B7
:10342000E1020054210CC0DA616A2238233C0853BF
:1034300083040039235C105383080039237C18531C
:10344000830C0039239C60D38310003923BC68D3DC
:103450008314003923DC70D321FC78D3831800391E
:10346000811C00397302068BA5040091CAFFFF1767
:103470008108C05A610200B9E6FFFF17E108C05A8F
:10348000616A22B8F8FFFF17FD7BBDA9FD0300911B
:10349000F35301A9F40302AAF55B02A9F50300AAFC
:1034A000F603012A6E1E00941F040031A10000548F
:1034B000E20314AAE103162AE00315AA40220094AD
:1034C000F303002A2001F836BF200094E30300AA8A
:1034D000010100F020010090E20314AA21F81E91DE
:1034E000005830915F2B0094F55B42A9E003132A4A
:1034F000F35341A9FD7BC3A8C0035FD6FD7BB7A9E9
:10350000FD030091F35301A9F55B02A9F503032A1A
:10351000F76303A9F92300F97F1000710D0200542D
:1035200013008012E203152A83008052010100F08B
:10353000200100902174169100883091492B00944D
:10354000F55B42A9E003132AF35341A9F76343A9AA
:10355000F92340F9FD7BC9A8C0035FD6F40300AA94
:10356000F60301AAF70302AAD01C0094F303002A71
:103570002001F83694200094E20300AA010100F033
:10358000200100902174169100683091352B009431
:10359000ECFFFF17380100B018AB0D91E20318AA39
:1035A000E00314AA01008052B8FFFF97F303002A3A
:1035B00080FCFF37190100F0393B3A91E30318AA68
:1035C000E103002AE20319AAE00314AAE4008052EE
:1035D000A5210094F803002AC004F8367A2000944C
:1035E000F303182AE20300AAE10319AA20010090BC
:1035F00000E031911B2B0094D2FFFF17840400914F
:10360000BF02046BAD000054C07A64F880FFFFB5C0
:10361000E07A64F840FFFFB504030034E30317AA1F
:10362000E20316AAE1430191E00314AA350100B0B8
:1036300043FFFF97B53E1D91E403002AE103132ADF
:10364000E3430191E20315AAE00314AA8621009442
:10365000F303002A2001F8365B200094E20300AA5D
:10366000E10315AA2001009000E03191C8FFFF1787
:10367000040080D2E3FFFF1713008052B1FFFF1751
:10368000FD7BB9A9FD030091F35301A9F40300AA3E
:10369000F55B02A9F60303AAF50305AAF76303A9DC
:1036A000F80306AAF70307AAF96B04A9F903042A89
:1036B000FA3B40F9FB2B00F9FB0302AA7B1C0094A8
:1036C0002002F836F303002A3F200094010100F0A5
:1036D000E20300AA21B41C912001009000683091FF
:1036E000E02A0094F55B42A9E003132AF35341A9B1
:1036F000F76343A9F96B44A9FB2B40F9FD7BC7A8ED
:10370000C0035FD6E00314AA22010090010080529A
:10371000425C0B915DFFFF97F303002A40FEFF37E9
:10372000E103002AE2031BAAE00314AA57FFFF9754
:10373000F303002A80FDFF37D60EC0DAE103002A2A
:1037400022010090E3A3019142201391E00314AA07
:1037500004018052F63700F943210094BF0600B1FE
:1037600040010054B50EC0DA22010090E3A301919C
:10377000425C3291E103132AE00314AA040180524F
:10378000F53700F938210094390BC05A2201009016
:10379000E3A3019142643391E103132AE00314AAE5
:1037A00084008052F96B00B92F210094580100B4B5
:1037B000E00318AA4325009422010090040400119C
:1037C000E30318AA42200E91E103132AE00314AA8E
:1037D00025210094570100B4E00317AA392500946D
:1037E0002201009004040011E30317AA424007914C
:1037F000E103132AE00314AA1B2100945AF7FFB433
:10380000E0031AAA2F250094E3031AAA0404001166
:10381000E103132AE00314AA22010090424C07910D
:1038200011210094B0FFFF17C00600B4FD7BBCA9B6
:10383000FD030091F35301A9F40300AAF303012A45
:10384000F55B02A9341D0094F603002A150080528E
:10385000BF02166B6B000054030080520D00001471
:10386000E3E30091E2C30091E103152AE00314AA07
:103870001C1D0094E01B40F99F0200EB2103005443
:10388000E103152AE00314AAAD200094230080521E
:10389000E0098252822240B97302000B800E40B9C7
:1038A0004208C05A812E00120008C05A0000020BC4
:1038B0007302000B7302010B734E14127302014B5F
:1038C000600AC05A800600B903010035E003132ADC
:1038D000F35341A9F55B42A9FD7BC4A8C0035FD6A1
:1038E000B5060011DBFFFF17E203132AE10314AA58
:1038F000E00314AA76200094A0FEFF36F5FFFF1720
:1039000000008052C0035FD6FD7BADA9FD0300918E
:10391000F55B02A9F50300AAE0C30291F35301A9E4
:10392000F30307AAF76303A9F80307AAF70305AA95
:10393000F96B04A9190080521A008052FB7305A983
:10394000E66B00B9E10F07A901008052E2131029CC
:10395000021080D20E250094B60A40B91F03003928
:10396000C00AC05A16008012E05B0C29E03381B90E
:10397000FF6F00B9E04700F900070091E04B00F944
:10398000FFAB00B9FBAB40B9E2A30291E00315AA7B
:10399000E1031B2ADA1B0094F403002AE06F40B90C
:1039A000FCAB40B91F000071841A497AE11600543B
:1039B0009F0E007140090054280100549F060071B9
:1039C000200D00549F0A00714013005400008052E3
:1039D00007000014FB6700B9EBFFFF179F1200718F
:1039E000C00B00549F260071E0179F1AE16740B991
:1039F0001F0000712018413A01140054E16B40B9D6
:103A00005F0300714013417AAC010054420700513A
:103A1000E36340B9487C7D93E1CE228BE86A68B8C5
:103A2000210440B90101010B2100034B3F001B6B36
:103A3000610000541B01034BFA03022A1F000071AE
:103A4000640B413AA0010054E06B40B95F03006B86
:103A50000A010054417F7D93E26340B9E0CE3A8B86
:103A600087031B4B6203020BE26A21B8070400B90B
:103A70005A0700111B0080129F260071C1FAFF54E3
:103A8000A12640B9E0AB40B92108C05A1F00016B24
:103A9000C10F0054E16B40B95F03016BCA010054D0
:103AA000417F7D93E36340B9E2CE3A8B00001B4B2C
:103AB0007603030BF66A21B8E13B41B9400400B933
:103AC000A1000034A12240B92108C05A0000010B16
:103AD000400400B9400700110C000014E1031B2A48
:103AE000020080D2E00315AA3D1D0094010840B9F0
:103AF000E00315AA2108C05A781C0094E10300AA2B
:103B0000400200B540018012F35341A9F55B42A980
:103B1000F76343A9F96B44A9FB7345A9FD7BD3A8BF
:103B2000C0035FD6E03F40F9E14F00F900787CF830
:103B30009C07009143240094E14F40F98000003538
:103B4000FC031B2AAAFFFF171C0080D2E08740B9A4
:103B50001F001C6B8CFEFF543F070071E0D79F1ABB
:103B6000F8FFFF17D6060011DF820071C0FCFF547A
:103B7000E1031B2AE2B30291E00315AA761C00942C
:103B8000E10300AA7600003500004039E007003567
:103B9000E2AF80B9600218CB420800914200008B6E
:103BA000E04740F95F0000EBCA060054E04B40F9E3
:103BB0007F0200EB60000054E00580526016003880
:103BC000E00313AA19240094E0AF80B93F07007105
:103BD0009C139B1A020080D27302008BE0C30291F7
:103BE00019D836B8E08340B91F00026B8C0000542E
:103BF000B9010035FC031B2A75FFFF17E03B40F9B4
:103C0000E10318AAE24F00F9007862F80D2400944D
:103C1000E24F40F94204009160FEFF3559008052A6
:103C20000200001439070051E003192A70FFFF1742
:103C3000B6F6FF37E0C30291C106005102D876B84C
:103C40007F0218EB8900005460FE5F381FBC0071D2
:103C500081FFFF547F020039E003192AF603012A8D
:103C6000F903022A3F04003121ECFF542100805265
:103C7000E16F00B95EFFFF17FB6740B970FFFF17E8
:103C800040008012A1FFFF17600180129FFFFF1705
:103C9000FD7BBDA9FD030091F35301A9F30303AA22
:103CA000F40302AAE3B30091FF1C0094E00100B406
:103CB000E22F40B9050080D2040080D2437C021379
:103CC000BF0003EBA10100545F2000710902005402
:103CD000FF8344EBC001005420010090E10314AACB
:103CE000007432915F29009400008012F35341A9BF
:103CF000FD7BC3A8C0035FD6017865B8A504009119
:103D00002108C05A248004AAEEFFFF170000805249
:103D1000640200F9F6FFFF17FD7BBDA9FD030091CA
:103D2000E3B30091F30B00F9F30302AA2201009020
:103D300042400791DC1C0094000100B47AFDFF971B
:103D4000011C00120000805261020039F30B40F99F
:103D5000FD7BC3A8C0035FD6E11F80520000801224
:103D6000FAFFFF17E30302AA2201009042201391F9
:103D7000C8FFFF17E30302AA22010090425C3291C0
:103D8000C4FFFF17FD7BBDA9FD030091F35301A9FB
:103D9000F40302AAF30303AA220100B0E3B30091E3
:103DA00042201491C01C0094800200F9E00000B48D
:103DB000E12F80B900008052610200F9F35341A95C
:103DC000FD7BC3A8C0035FD6010080D20000801233
:103DD000FAFFFF17FD7BBEA9030080D2FD0300910F
:103DE000F30B00F9F30302AA2201009042E832919A
:103DF000AD1C0094000100B4000040B90008C05A96
:103E0000600200B900008052F30B40F9FD7BC2A8AC
:103E1000C0035FD620008012FCFFFF17FD7BBEA908
:103E2000030080D2FD030091F30B00F9F30302AA13
:103E300022010090421833919B1C0094000100B4B1
:103E4000000040B90008C05A600200B9000080526A
:103E5000F30B40F9FD7BC2A8C0035FD6200080129F
:103E6000FCFFFF17FD7BBEA9030080D2FD0300917C
:103E7000F30B00F9F30302AA2201009042503391A0
:103E8000891C0094000100B4000040B90008C05A29
:103E9000600200B900008052F30B40F9FD7BC2A81C
:103EA000C0035FD620008012FCFFFF17FD7BBDA979
:103EB000FD030091F30B00F9F30302AAE3B30091B1
:103EC000220100D042C80C91771C0094600200F9D6
:103ED0001F0000F1E0139F5AF30B40F9FD7BC3A8CC
:103EE000C0035FD6FD7BBDA9FD030091F35301A97B
:103EF000F40302AAF30303AA220100D0E3B3009162
:103F000042701391681C0094800200F9E00000B434
:103F1000E12F40B900008052610200B9F35341A97A
:103F2000FD7BC3A8C0035FD6010080520000801251
:103F3000FAFFFF17FD7BBCA9FD030091F35301A914
:103F4000F40300AAF30304AAE00302AAF55B02A9A2
:103F5000F503012AF60303AAE1E30091480800945F
:103F60000002F837E01F40F9E20316AAE103152A20
:103F7000040840F9031840B9E00314AA80003FD6B2
:103F8000E01F40F9000840B9600200B9000080520B
:103F9000F35341A9F55B42A9FD7BC4A8C0035FD6DA
:103FA00000008012FBFFFF17FD7BAFA9FD0300910E
:103FB000F55B02A9F50303AA230100D0632408914D
:103FC000F60304AAE33F00F923008052E40302AAA7
:103FD000E5B30191E20315AAF35301A9F40300AA82
:103FE000F76303A9F703012AF96B04A9FB7305A979
:103FF000E36F00B9E30316AA40020094A003003463
:10400000000100F01300805200783391E03F00F986
:10401000F53F40F9E103132A020080D2E00314AA1D
:104020004D1B0094F30300AAE103172A020080D27B
:10403000E00314AA481B0094E20313AAE30300AAB6
:10404000E10315AA000100F000CC36918528009408
:1040500000008052F35341A9F55B42A9F76343A9DD
:10406000F96B44A9FB7345A9FD7BD1A8C0035FD6BA
:10407000E103172AE00314AA180100F0190100F067
:10408000A21A009418973C91F303002A39E3339164
:104090001B0100F0F300F8367F220031641A4B3A1E
:1040A000A10D0054000100F0005C369115000014D1
:1040B000E103132A020080D2E00314AA261B009415
:1040C000FA0300AAE00318AAFE220094E20300AA61
:1040D000E10318AAE0031AAAE3220094200900359C
:1040E000E2030291E103132AE00314AAFF3F00F95F
:1040F0006FFFFF97A0000034000100F0000834912A
:10410000E03F00F9C3FFFF17FC4340F92001009096
:1041100000E00591E1031CAA52280094020100F07E
:10412000E3430291427C3491E103132AE00314AA91
:10413000DD1B0094000200B4E19340B93F10007110
:10414000A1010054000040B960010034000100F0FA
:1041500000B034914328009460473691A603009440
:10416000E103132AE00314AA751A0094F303002A4A
:10417000C9FFFF17E3D30191E2230291E103132A60
:10418000E00314AA58FFFF9780000034000100F0FC
:1041900000D83491DBFFFF17FA3F0391E4C301918C
:1041A0005AE77A92E2031CAAE3031AAAE103162A49
:1041B000E00315AA60FFFF9780000034000100F0C3
:1041C00000503591CFFFFF17E2034E295F00006BCF
:1041D00080000054000100F000BC3591C9FFFF17BA
:1041E000E14740F9427C4093E0031AAA352300944A
:1041F00040FBFF34000100F000083691C1FFFF17BB
:10420000E06F40B9E0FAFF34E00319AAAD22009450
:10421000E10319AAE20300AAE0031AAA9222009479
:1042200000FAFF35440A40F9E6E30191E30316AAD8
:10423000E20315AAE103132AE00314AA0500801281
:104240007E010094A0F8FF34000100F00050369188
:10425000C3FFFF17200080527FFFFF17FD7BBDA922
:10426000FD030091F35301A9F40300AA130080D2C7
:10427000F55B02A9350100D0B5E2299160EA7BD354
:10428000B66A60F8E00316AA8E220094E10314AA2D
:10429000E20300AAE00316AA73220094A0010035ED
:1042A000E00316AA87220094806A60381FB000716C
:1042B00001010054A016138BF35341A9F55B42A9E9
:1042C000FD7BC3A8C0035FD6330080D2ECFFFF178D
:1042D000D3FFFFB4000080D2F8FFFF17FD7BBDA91C
:1042E00081058052FD030091F35301A9F51300F9F4
:1042F0006A220094E00000B5130080D2F51340F963
:10430000E00313AAF35341A9FD7BC3A8C0035FD602
:1043100014040091930100909501009073E20091C4
:10432000B5C202917F0215EB82FEFF54600240F994
:10433000E10314AA4322009420FEFF3473A20091EB
:10434000F9FFFF17FD7BBDA9FD030091F35301A900
:10435000F51300F9E00000B5130080D2F51340F921
:10436000E00313AAF35341A9FD7BC3A8C0035FD6A2
:10437000F50300AA930100909401009073222E91FE
:1043800094622E917F0214EB82FEFF54600240F98A
:10439000E10315AA2B22009420FEFF347342009102
:1043A000F9FFFF17FD7BBAA9FD030091F35301A9A3
:1043B000F30300AAF55B02A9F50301AAF76303A9B9
:1043C000F80305AAF96B04A9200440B90100A25220
:1043D0000008C05A1F00016B89010054000100F061
:1043E0003600805200E83791A00000F9F35341A94C
:1043F000E003162AF55B42A9F76343A9F96B44A9C8
:10440000FD7BC6A8C0035FD6F703022AFA0303AAFE
:10441000F903042AE2630191E103172AE00315AAD4
:10442000A3FEFF97F603002AC0000034000100F04D
:104430000008349116008012000300F9ECFFFF170A
:10444000E103172AE00315AA030080D2020100F05D
:10445000423C3891141B0094F40300AA600000B59C
:10446000140100F094C63791020F80D201008052EF
:10447000E00313AA46220094E103172A030080D226
:10448000E00315AA020100F0425C3891061B00947B
:10449000600600F9E02F40F9750E00F9772200B9A7
:1044A000601600F96EFFFF97601A00F9E02F40F9DF
:1044B0008BFFFF97602200F9E00314AAA2FFFF9789
:1044C000601E00F9620640F97A2600F9E12F40F9F2
:1044D000795200B9000100F00094389161270094EE
:1044E000601A40F9600000B4602240F900F8FFB59E
:1044F000000100F000AC3891CFFFFF17E50300AAE0
:10450000E00303AA830000B4040080525F00046B40
:104510004C000054C0035FD6260080B9840400110B
:104520002120009163400091A600068B66001FF8D1
:1045300026C05FB866801FB8F5FFFF17FD7BA4A9F2
:10454000FD030091F35301A9F40305AAF30303AAA1
:10455000F55B02A9F50300AAF603042AF76303A991
:10456000F703012AE103022AF96B04A9020080D2B1
:10457000FB7305A9FF4300D1F71900949F0200F9CE
:10458000E50314AAE403162AE30313AAE203172A95
:10459000E10315AAA03700F9A003029182FFFF975B
:1045A00060010035A3C30191A2E30191E103172A41
:1045B000E00315AA4CFEFF97F603002AA001003481
:1045C000000100F000D83491800200F90000801250
:1045D000BF030091F35341A9F55B42A9F76343A9D7
:1045E000F96B44A9FB7345A9FD7BDCA8C0035FD62A
:1045F000A3D30191E103172AE00315AA020100F0F9
:10460000421C3991A81A0094F30300AA600100B477
:10461000B87780B91800188BE00313AA1C008052E9
:104620001F0018EBE30000545C010035000100F0AE
:1046300000503991E5FFFF17180080D2F7FFFF17F0
:10464000011440383F0000719C179C1AF5FFFF17BA
:10465000530100B4A07740B91F000071ED00005471
:104660000004005160CA603880000034000100F08E
:1046700000D03991D5FFFF179F9301718D00005431
:10468000000100F000883A91D0FFFF17807F7D93F2
:104690001A0100F0003C00915A273B9100EC7C92FB
:1046A0001B008052FF6320CBF94300917F0218EB7F
:1046B000A30000545B030037000100F000643B914D
:1046C000C2FFFF1733DB36F8E0031AAA7D210094FE
:1046D000E20300AAE10313AAE0031AAA62210094EC
:1046E00020010035603E40391FBC0071C1000054FC
:1046F000A13740F960420091522100941F000071DF
:104700007B179F1AE00313AA6E2100940004009106
:10471000D60600117302008BE5FFFF17F6008052EA
:10472000A7E30391E2031C2AE10319AA967F161B53
:1047300084008052030100B063000E91C05200114A
:10474000D64E0011E603162A007C7D93003C0091B2
:1047500000EC7C92FF6320CB00198052F84300915B
:10476000E50318AAE00300B9E00315AAFF0B00B99E
:1047700066FCFF97F303002A1F0000718A000054B3
:10478000000100F000F43B9190FFFF1781000054FE
:10479000000100F000683C918CFFFF17DF02006B06
:1047A0008C000054000100F000A83C9187FFFF1727
:1047B000020100F0E103172A42003D91E00315AA2F
:1047C000030080D2381A0094400100B4637E7D93C8
:1047D000A10E40B902CF338B730600112108C05AD5
:1047E000016B23B8000440B90008C05A400400B966
:1047F000FFD333CBE10318AAE7430091E203132A66
:10480000E30307AAE00315AA3DFFFF97A06340F961
:10481000E10307AAA33F40F9051040F9A003029164
:10482000A47340B9A0003FD640EDFF34000100F072
:10483000003C3D9165FFFF17FD7BB2A9FD03009190
:10484000DF0000F9F35301A9F40300AAF30306AA59
:10485000F55B02A9F503012AF60303AAE30304AA00
:10486000E403052AE50306AAF71B00F9F70302AAE9
:10487000E203012AE10300AAE0A30191CAFEFF9727
:1048800040010035E3330191E2430191E103152A30
:10489000E00314AA94FDFF9740010034000100F0EA
:1048A00000D83491600200F900008012F35341A94E
:1048B000F55B42A9F71B40F9FD7BCEA8C0035FD68C
:1048C000E05740F9F72F00F9E32B40F9F66300B900
:1048D000051040F9E1630191E44F40B9E0A3019173
:1048E00022008052A0003FD620FEFF34000100F0DD
:1048F000003C3D91ECFFFF17FD7BB7A9FD03009144
:10490000F35301A9F40300AA20008052F55B02A929
:10491000160100F0D6E23391F76303A9F50304AA68
:10492000F803012AF96B04A9F70305AA01008052D4
:10493000FB7305A9A00000B9E00304AAE20F07A9D0
:10494000E20316AA46190094A001F837E103002AF1
:104950001A0100F0E00315AA1B0100F06B18009487
:104960005AE33D91F303002A7B533691190080529C
:10497000B300F83659000034FF0200B9000080523D
:1049800030000014E2031AAAE103132AE00315AA77
:10499000030080D2C4190094400A00B4010100F061
:1049A00021301A91A7200094C0090035200100B0E1
:1049B00000240891E103182AE04700F9E00314AA53
:1049C00052180094FC03002AA004F8361F2000317E
:1049D00004184B3A41020054160100F0D65E36919D
:1049E000E1031C2A020080D2E00314AADA18009422
:1049F000E103182AF70300AA020080D2E00314AAF8
:104A0000D5180094E30300AAE20317AA000100F0FE
:104A1000E10316AA00CC369112260094020080D23F
:104A2000E103132AE00315AACB180094E10300AABE
:104A3000000100F000043E910A260094000080125C
:104A4000F35341A9F55B42A9F76343A9F96B44A964
:104A5000FB7345A9FD7BC9A8C0035FD6020080D2C5
:104A6000E1031C2AE00314AABB1800940108805239
:104A7000E03700F989200094E00300B5E00316AAAE
:104A800090200094E20300AAE10316AAE03740F95F
:104A90007520009460010035E20F47A9E6230291DA
:104AA000E40315AAE1031C2AE00314AA05008012FE
:104AB00062FFFF97E0000034E0031BAA4E01009460
:104AC000E1031C2AE00314AA1D180094BEFFFF177F
:104AD00039070011000100F00044369146010094AE
:104AE000E103132AE00315AA15180094F303002A22
:104AF000A0FFFF17160100F0D68E3D91B9FFFF17FA
:104B0000FD7BB8A9020080D2FD030091F35301A9F7
:104B1000F40300AAF55B02A9F603012AF76303A9CF
:104B2000F96B04A9FB7305A9550A40F98A1800948A
:104B300001088052F30300AA58200094E00000B45A
:104B4000000100F0E10313AA00AC3E91C5250094DA
:104B5000000080120A000014170100F0F7E2339100
:104B6000E20317AAE00315AA01008052BC180094C2
:104B7000F303002A2001F83600008052F35341A9C4
:104B8000F55B42A9F76343A9F96B44A9FB7345A9F7
:104B9000FD7BC8A8C0035FD6E103002A020100F034
:104BA000E00315AA42443F91030080D23E190094CD
:104BB000A00800B4010100F021BC0E912120009456
:104BC0001F000071FA079F1AE103132AE00315AAD8
:104BD000CE170094F303002A000100F000E03D919D
:104BE0001900805218008052E03300F9000100F0F3
:104BF00000503691E03700F9930AF837E23340F974
:104C0000E103132AE00315AA030080D226190094B9
:104C1000A00A00B4010100F0217C3F91092000941A
:104C2000200A0035000100F000903F913907001183
:104C3000E103162AE03F00F9E00314AAB317009439
:104C4000FB03002A4004F8361F20003104184B3AB9
:104C500081000054000100F0005C3691E03F00F953
:104C6000FC3F40F9E1031B2A020080D2E00314AAB2
:104C700039180094FB0300AAE103162A020080D22F
:104C8000E00314AA34180094E2031BAAE30300AA69
:104C9000E1031CAA200100900004009171250094FA
:104CA0003A060034E103132AE00315AA020080D279
:104CB00029180094E10300AA000100F000043E91CD
:104CC000A3FFFF173A008052C0FFFF17E1031B2A22
:104CD000020080D2E00314AA1F180094FC0300AA6B
:104CE000E00317AAF71F0094E20300AAE10317AA42
:104CF000E0031CAADC1F009460010035E5E301918C
:104D0000E403132AE30315AAE203162AE1031B2A8C
:104D1000E00314AA0AFEFF97E0000034E03740F9F0
:104D2000B5000094E1031B2AE00314AA8417009441
:104D3000C4FFFF17000100F018070011004436916E
:104D4000AD0000941A0100353F030071001B407A4A
:104D500041F1FF542001009000D0009141250094C2
:104D60007CFFFF17E103132AE00315AA74170094D0
:104D7000F303002AA1FFFF17FD7BBBA9010100F08F
:104D800021243B91FD030091F35301A9F40300AAF0
:104D9000F55B02A9F76303A949190094A003F8374A
:104DA000E33301912201009042A40191F303002A10
:104DB000E103002AE00314AABB1800943801009014
:104DC000E103132AF60300AA18C70191E00314AA0D
:104DD0004E170094F303002A35008012D301F837F0
:104DE000E3330191E20318AAE103132AE00314AAB2
:104DF000AD180094F70300AAA00100B5010100D08E
:104E0000200100902190179100F401911525009444
:104E1000B5028012F35341A9E003152AF55B42A9BC
:104E2000F76343A9FD7BC5A8C0035FD6560100B454
:104E3000020080D2E103132AE00314AAC6170094EB
:104E4000E10300AAE00316AA7E1F00941F00007170
:104E5000B512931AE00317AA06EDFF97C0000034BD
:104E6000E103132AE00314AA35170094F303002A80
:104E7000DBFFFF17F503132AE7FFFF17010040F9D7
:104E80003F1440F2A1000054010041A93F0000EB93
:104E9000E0179F1AC0035FD600008052FEFFFF1785
:104EA000FD7BBEA9FD030091F35301A9F30300AA02
:104EB000F40304AA010400A9810400D12100028B9B
:104EC000020800F9032000B92108C49A217C049B40
:104ED000010C00F9A0003FD660010035610E40F9D9
:104EE000E00314AAF6020094600600F9000200B480
:104EF000612240B981000036610240F9620A40F93E
:104F0000BD1F0094610E40F9600640F921FC00913C
:104F100021E47A922100008B30F2FF97000080524A
:104F2000F35341A9FD7BC2A8C0035FD66001801284
:104F3000FCFFFF1705000090040880D2A5F039910E
:104F4000D8FFFF17FD7BBEA9FD030091F30B00F90D
:104F5000F30300AA002040B9E0000836610E40F9D2
:104F6000600640F921FC009121E47A922100008B37
:104F700019F2FF97600640A93F0000EBE0000054E3
:104F8000622240B962000836620A40F99A1F009412
:104F9000600640F97C000094F30B40F90000805259
:104FA000FD7BC2A8C0035FD6E207909042A00791A4
:104FB00040D860F8022040F9F00302AA00021FD690
:104FC000011C0012720100B4401A40F92001D836C9
:104FD000C0000836E007909000F840F9021C40F944
:104FE000F00302AA00021FD6E003012A8B66001418
:104FF000C0035FD6E10300AAF20000B4421A40F9F0
:10500000A200D8366200083620008052E7FFFF1762
:1050100087660014C0035FD6FD7BBDA9C10790F071
:10502000FD030091F51300F9D50790F0F35301A9A2
:10503000B3EA40F921F040F91400138B3F0014EB60
:1050400008020054C10790F021EC40F93F0014EB36
:1050500083010054A000F8B6E20300CB01008052A7
:10506000E00314AA4A1F0094E00313AAB4EA00F96B
:10507000F35341A9F51340F9FD7BC3A8C0035FD6E4
:1050800000008092FBFFFF17E20301AAC10790F026
:105090000400028B20F000F9C10790F024EC00F925
:1050A000C10790F020E800F901008052381F001479
:1050B000FD7BBDA9FD030091F51300F9350100B09A
:1050C000B5222B91F35301A9A10A40F9340440F908
:1050D00094F67E92937E3F91730200CB73CE7492CE
:1050E000730640D17FFE3FF10D030054000080D2D3
:1050F000CAFFFF97A10A40F92100148B1F0001EBA2
:1051000041020054E00313CBC4FFFF971F0400B11A
:1051100061020054000080D2C0FFFF97A20A40F94C
:10512000010002CB3F7C00F10D010054230100B0CF
:10513000210040B2410400F9635C45F9000003CB53
:10514000C30790F0608C01B900008052F35341A96D
:10515000F51340F9FD7BC3A8C0035FD6A00A40F950
:10516000C10790F0940213CB940240B2140400F9EA
:10517000208C41B90000134B208C01B920008052D3
:10518000F3FFFF17411A40F9E1094836C00900B49E
:1051900006805FF8034000D1240100B084202B91E9
:1051A000C1F87F92C60040926500018B870840F9E4
:1051B000A20440F942F47E92BF0007EB6102005462
:1051C0002200028BE60000B500005FF8630000CB10
:1051D0004200008B610041A9200C00F9010800F990
:1051E000400040B2600400F9200100B0830800F9DB
:1051F000006045F95F0000EB63060054C00790F0C3
:1052000000E440F9ABFFFF17A20400F9860100B5E6
:1052100000005FF8260100B0C6602B91630000CB50
:105220002100008B600840F91F0006EBE0040054E9
:10523000660C40F9060C00F9C00800F90000805225
:10524000A600028BC60440F9660100372100028BDC
:10525000A20840F9E0030035260100B0C6602B919A
:105260005F0006EB61030054830C02A9200080520A
:10527000620801A9220040B2620400F9616821F8C5
:10528000200200353FFC07F1C802005421FC43D343
:1052900022008052207C0213210400114220C01AF7
:1052A00021781F53800440F981CC218B000002AA91
:1052B000800400F920045FF8600401A9230800F9C4
:1052C000030C00F9C0035FD620008052DDFFFF17FA
:1052D000A50C40F9450C00F9A20800F9E6FFFF17FC
:1052E00022FC49D33FFC27F16802005420FC46D33E
:1052F00000E000110204001142781F5382CC228B7F
:1053000045045FF85F0005EB41040054007C021384
:10531000210080522120C01A800440F9000001AA17
:10532000800400F9650801A9430800F9A30C00F9FD
:10533000E5FFFF175F5000F168000054406C011159
:10534000EDFFFF175F5001F18800005420FC4CD3A3
:1053500000B80111E8FFFF175F5005F18800005405
:1053600020FC4FD300DC0111E3FFFF1720FC52D3D8
:105370005F5415F100F00111C20F80520030821A03
:10538000DDFFFF17A50840F95F0005EBA000005402
:10539000A00440F900F47E923F0000EB43FFFF546D
:1053A000A20C40F9E0FFFF17421A40F942004837CB
:1053B00049020014E10300AAC20790F0C00790F070
:1053C00042EC40F900F040F9000002AA600100B58B
:1053D000000080D2C0035FD6000080D2F35341A901
:1053E000F55B42A9F76343A9F96B44A9FB2B40F98C
:1053F000FD7BC6A8C0035FD63F0050F1A8FEFF5456
:10540000FD7BBAA9215C00913FB800F1FD0300913A
:10541000F35301A9340100B094222B91F55B02A94A
:10542000F76303A9F96B04A9FB2B00F929030054C6
:1054300035EC7C92BFDE07F1A8050054A1FE43D3F2
:105440002204001142781F5382CE228B434000D1A8
:10545000400440F91F0003EB81000054400C40F968
:105460005F0000EBA0010054018C40A9020C40F940
:1054700021F47E92620C00F90100018B430800F9CF
:10548000220440F9420040B2220400F91600001440
:10549000150480D2EAFFFF1721080011801240F99D
:1054A000250100B0A5602B911F0005EB600B005497
:1054B000020440F942F47E92440015CB9F7C00F137
:1054C000ED0700540300158BA10240B2010400F95E
:1054D000810040B2830E02A9619400A9650C00F915
:1054E000046822F800400091BDFFFF17A0FE49D3D9
:1054F000000500B41F1000F148020054A1FE46D37D
:1055000021E000112204001142781F5382CE228B29
:10551000424000D1400C40F91F0002EBE000005473
:10552000030440F963F47E92650015CBBF7C00F163
:105530004D0300542104005121040011D8FFFF172E
:105540001F5000F168000054016C0111EEFFFF17BD
:105550001F5001F188000054A1FE4CD321B8011165
:10556000E9FFFF171F5005F188000054A1FE4FD33B
:1055700021DC0111E4FFFF17A1FE52D31F5415F1E6
:1055800021F00111C00F80522130801ADEFFFF1779
:10559000E1078052DCFFFF17040C40F9C500F8B7A3
:1055A000010840F9240C00F9810800F90100038B7F
:1055B000B4FFFF17E00304AAD8FFFF17851602A95E
:1055C000C400F8B70200028B410440F9210040B248
:1055D000410400F9C4FFFF17870640F95FFC07F19B
:1055E000280C005442FC43D323008052447C021315
:1055F0004204001142781F536320C41A630007AAB3
:10560000830600F982CE228B43045FF8030801A9C8
:10561000400800F9600C00F9207C0213220080523F
:105620004220C01A800640F91F0002EB0304005418
:105630001F0002EAC100005421741E1242F87FD3F9
:10564000211000111F0002EAA0FFFF54E90180921F
:1056500023040011E603012A63781F5323CD238B13
:105660008302038BE70303AAE00C40F91F0007EB5A
:10567000C10D0054C6040011E7400091DF0440F260
:1056800041FFFF543F0440F2C1100054800640F92E
:105690000000228A800600F9800640F942F87FD394
:1056A0001F0002EB43000054021100B5980A40F9B4
:1056B000170740F9F7F67E92E20215CB5F7C00F106
:1056C000EC150054C00790F03B0100B01A03178B93
:1056D00013E440F9605F45F9B302138B1F0400B176
:1056E000810F005473820091E00313AA4BFEFF97D1
:1056F000F60300AA1F0400B1601300545F0300EB1F
:10570000690000541F0314EBE1120054D90790F014
:10571000208F41B90000130B208F01B95F0316EBF6
:10572000010E0054800A40F9F302138B730240B259
:10573000130400F9C10790F0208F81B922E040F9ED
:105740001F0002EB4900005420E000F9C10790F06F
:1057500022DC40F91F0002EB6910005420DC00F944
:105760008100001444FC49D35FFC27F14802005437
:1057700043FC46D363E000116404001184781F5396
:1057800084CE248B86045FF89F0006EB210400542E
:10579000637C0213220080524220C31A420007AAEF
:1057A000820600F9061001A9800800F9C00C00F972
:1057B0009AFFFF179F5000F168000054836C01119D
:1057C000EEFFFF179F5001F18800005443FC4CD3BB
:1057D00063B80111E9FFFF179F5005F188000054DD
:1057E00043FC4FD363DC0111E4FFFF1743FC52D3AA
:1057F0009F5415F163F00111C40F80526330841A75
:10580000DEFFFF17C60840F99F0006EBA00000541A
:10581000C30440F963F47E927F0002EB48FFFF541B
:10582000C40C40F9E0FFFF17040440F984F47E92B1
:10583000880015CB1F7D00F1CD010054030840F90D
:10584000A10240B2010400F90200158B010C40F9DD
:10585000610C00F9230800F9010140B2820A02A993
:10586000419400A9450C00F9086824F81EFFFF17B1
:105870004801F8B70400048B810440F9210040B2CC
:10588000810400F9010C40F9020C41F8410C00F9C7
:10589000220800F9D2FEFF17000C40F974FFFF1731
:1058A00060045FF8210400511F0003EBC0EEFF54B9
:1058B0007AFFFF172110001142F87FD31F0002EA80
:1058C000A0FFFF5463FFFF17E103062AFCFFFF1749
:1058D000E00382D27302008B73CE749283FFFF17B2
:1058E000615F45F93F0400B161050054765F05F939
:1058F000C00E40F280000054010280D2200000CB94
:10590000D602008BD302138B000013CB73FE3F91A2
:1059100073CE74927302008BE00313AABFFDFF974E
:105920001F0400B100020054218F41B9000016CBC2
:105930000000138B960A00F92100130B000040B2FF
:10594000218F01B9C00600F91F0314EB40EFFF548B
:10595000FF7E00F188020054800A40F9210080D2C5
:10596000010400F9800A40F9020440F942F47E92F1
:10597000420015CB5F7C00F10DD3FF54800A40F943
:10598000A10240B2010400F90100158B810A00F95F
:10599000BDFEFF17DA021ACB00001A0B208F01B9E7
:1059A000D4FFFF17000740F9F76200D1F7EE7C92B1
:1059B000210180D200004092000017AA000700F9E0
:1059C0000003178B018C00F8010400F9FF7E00F141
:1059D00029EBFF5400430091EBFDFF9756FFFF17A3
:1059E000FD7BBCA9FD030091F55B02A9157C019B21
:1059F000F60300AA200100B0F71B00F9F35301A938
:105A0000176C45F9E00315AAF40640F967FEFF9705
:105A10003605F8B7F30300AA200300B4411A40F991
:105A2000A1004837E20315AA01008052D81C009457
:105A30001300001401805FF8034000D182F67E92CB
:105A40007F0017EB21F47E92420041FA4230819AA6
:105A5000422000D15F2001F188FEFF545F9C00F1DD
:105A6000A90000541F7C00A95FDC00F1480100542C
:105A7000004000911F7C00A91F0800F9F55B42A9B6
:105A8000E00313AAF35341A9F71B40F9FD7BC4A817
:105A9000C0035FD61F7C01A95F2001F160000054A4
:105AA00000800091F4FFFF1700C000917F7E02A9E3
:105AB000F1FFFF17130080D2F1FFFF17FD7BBCA998
:105AC000FD030091F35301A9F55B02A9F71B00F94F
:105AD0003F0050F108060054421A40F9C20048370E
:105AE000F35341A9F55B42A9F71B40F9FD7BC4A81C
:105AF0007B000014F40300AAF70301AA1F4000F181
:105B0000E8000054F35341A9E00301AAF55B42A960
:105B1000F71B40F9FD7BC4A824FEFF17000480D2C8
:105B2000215C00919F0200EB36EC7C929422809ADB
:105B30003FB800F1D682809A8002008B0000168B5D
:105B40001AFEFF97E20300AA400300B5E00317AA7C
:105B500016FEFF971508D49AF30300AAB582149B8A
:105B6000D50100B488FDFF97950215CBE002158B97
:105B70000EFEFF97E20300AAE00000B40108D49AE9
:105B80002180149B810201CBBF0201EB2201005452
:105B90007DFDFF97130080D2F55B42A9E00313AAB5
:105BA000F35341A9F71B40F9FD7BC4A8C0035FD69E
:105BB0004008D49A534000D10088149B800300B45D
:105BC000E003144B950600D15500158B007C4093E3
:105BD000B502008AB54200D1A00213CB1F7C00F1B0
:105BE00048000054B502148B610640F9A30213CBA0
:105BF00021F47E92210003CB200040B2A102018B50
:105C0000A00600F9200440F9000040B2200400F989
:105C1000E00302AA610640F921004092210003AA94
:105C2000610600F9F30315AA57FDFF97610640F9D5
:105C300021F47E92210016CB3F7C00F14D010054EF
:105C40006002168B210040B20040009101801FF8D5
:105C5000610640F921004092210016AA610600F970
:105C600049FDFF9773420091CCFFFF17458A40F929
:105C7000227C4093431E41B9E20302CB63C0218BD7
:105C8000A10400D16300018B010005CB6300028AEF
:105C9000421A41B92100038B3F4022EB29010054F5
:105CA000FD7BBFA9000100F000840291FD0300917B
:105CB0006C210094000080D2FD7BC1A8C0035FD698
:105CC000211C0011E00303AA21701D12411E01B91D
:105CD000C0035FD621008052E5FFFF17E20300AA50
:105CE000E00301AAE103022AE1FFFF17419240F914
:105CF000610000B421E000D1410000B5C0035FD6CF
:105D00001F0001EB60000054211C40F9F9FFFF1750
:105D1000032040F902E00091011C40F9610000F904
:105D2000410000B4230400F91F1C00F95F0400F9CE
:105D3000F3FFFF17FD7BBDA9FD030091F35301A9FC
:105D4000F30300AAF40302AAF55B02A9F50303AA70
:105D5000F60301AAE6FFFF97020A80D201008052F3
:105D60000B1C0094765600A9000080D2740A00F93A
:105D70007B1C0094600E00F961E20091E00312AA1E
:105D8000429240F9621E00F9420000B4410400F959
:105D9000019000F900800491200400F9F35341A917
:105DA000F55B42A9FD7BC3A8C0035FD6920700B490
:105DB000411A40F941078837FD7BBCA921006FB229
:105DC000FD030091F35301A9F55B02A9F76303A951
:105DD000539240F9411A00F9330500B4150100F05F
:105DE00073E200D1B5260391177182D23800805238
:105DF000730400B4761E40F9000080D2581C009451
:105E0000F40300AA601A40F99F0200EB2403005437
:105E1000600A40F9610240F90000148B601A00F931
:105E2000E00313AA20003FD6601640F90004009159
:105E3000601600F9000080D2491C0094020014CBC7
:105E4000601240F90000028B601200F95F0017EB4E
:105E50000901005460224139C0000037610640F951
:105E6000E00315AA03718252FE20009478220139C2
:105E7000760000B4D3E200D1DEFFFF17401A40F9EC
:105E800000F86E92401A00F9F35341A9F55B42A95C
:105E9000F76343A9FD7BC4A8C0035FD6C0035FD6E8
:105EA000000840B91F00036B4C010054FD7BBFA9E3
:105EB000FD030091200040B9400000B9E00301AAB1
:105EC000B1FCFF9700008052FD7BC1A8C0035FD6E4
:105ED00000008012C0035FD6FD7BBEA9FD030091C8
:105EE000F30B00F9F30301AAE10302AAE203032A78
:105EF000600240B9BE1A0094600200B900008052EE
:105F0000F30B40F9FD7BC2A8C0035FD6FD7BBEA9A1
:105F1000800080D2FD030091F30B00F9F30301AA86
:105F200022FDFF971F0000B9600200F900008052B7
:105F3000F30B40F9FD7BC2A8C0035FD6000840B94F
:105F40001F00036BCC010054FD7BBEA9FD03009133
:105F5000F30B00F9F30301AAE10302AAE00313AA79
:105F6000ED110094E00313AA87FCFF97F30B40F9AF
:105F700000008052FD7BC2A8C0035FD600008012E3
:105F8000C0035FD6FD7BBFA9E00301AAE10302AA1B
:105F9000FD030091E203032ADC110094000080520B
:105FA000FD7BC1A8C0035FD6FD7BBEA9000D80D2DA
:105FB000FD030091F35301A9F30301AAFBFCFF9732
:105FC000F40300AA87090094740200F900008052CB
:105FD000F35341A9FD7BC2A8C0035FD6000840B9B6
:105FE0001F00036BCC010054FD7BBEA9FD03009193
:105FF000F30B00F9F30301AAE10302AAE00313AAD9
:10600000EF080094E00313AA5FFCFF97F30B40F93D
:1060100000008052FD7BC2A8C0035FD60000801242
:10602000C0035FD6FD7BBFA9E00301AAE10302AA7A
:10603000FD030091E203032ADE0800940000805271
:10604000FD7BC1A8C0035FD6FD7BBEA9000D80D239
:10605000FD030091F35301A9F30301AAD3FCFF97B9
:10606000F40300AAF9020094740200F900008052BF
:10607000F35341A9FD7BC2A8C0035FD6FD7BBCA939
:10608000FD030091F35301A9340100B094620B9118
:10609000F55B02A9F50300AAF60301AA130080D25A
:1060A000F71B00F9170780D2607E179B816A60F8A2
:1060B000E00315AAE31A009420010035737E379B94
:1060C0007302148BD30200F9F35341A9F55B42A983
:1060D000F71B40F9FD7BC4A8C0035FD6730600918F
:1060E0007F0E00F121FEFF54800B8012F7FFFF1797
:1060F000FD7BBCA9FD030091F35301A9330100B05E
:1061000073620B91F55B02A9F50300AAF60301AADD
:10611000F71B00F9F70313AA14008052610240F93B
:10612000E00315AAC71A009460010035611240F916
:10613000210100B401078052945E219BD40200F932
:10614000F35341A9F55B42A9F71B40F9FD7BC4A8B5
:10615000C0035FD69406001173E200919F0E007198
:10616000E1FDFF54800B8012F6FFFF17FD7BBEA9F7
:10617000FD030091F35301A913E47A927402019193
:10618000E10314AAE00313AA94EDFF97E10314AA14
:10619000E00313AAF35341A9FD7BC2A88EEDFF17BC
:1061A000FF4309D1FD7B00A9FD030091F35301A931
:1061B000F30300AA140080D2F55B02A9F60301AA3A
:1061C00035FC44D3F76303A938FC43D3F92300F922
:1061D000A4EDFF97F9630191F703002AD50200B5FA
:1061E000790240F97F0200F977000034E00313AA36
:1061F000DFFFFF97600240F9E203142A000600B4B3
:10620000E1630191200080D2790200F91F0300EBC5
:1062100088020054FD7B40A9E00315AAF35341A96D
:10622000F55B42A9F76343A9F92340F9FF430991BC
:10623000C0035FD6A1F27DD3600E158B626A61F850
:10624000227B34F8E20335AA626A21F85700003451
:10625000C7FFFF97B5FE419394060091E0FFFF173B
:106260004204005103F07DD300F87FD324D862F8B4
:10627000646A23F8E6FFFF1715F07DD3420400514E
:10628000646A75F861D862F8616A35F8E10320AA9A
:1062900000F87FD33F0004EB600100541F0300EBC4
:1062A000A9FBFF544204005101F07DD300F87FD3D5
:1062B00064D862F8646A21F8F9FFFF17E36301917B
:1062C000200080D21F0300EB88FDFF54F50316AABF
:1062D000790200F9D0FFFF17FD7BBAA9FD030091F9
:1062E000F35301A9F40301AAF55B02A9F60303AA7B
:1062F000F76303A9F80301AA210C0091F96B04A923
:10630000FB7305A91A1840F91B27403820E05F38B5
:106310005C5F41290000005233F05F3859001C4B8C
:106320003703174B1300332AE2120051F70E0051C6
:10633000E00318AA731E0012427C4093E11A0094F5
:1063400001CB7738F503002A420F80B900C3378BA1
:106350007B03012A00040091410B40F973021B2AC0
:10636000731E0012D71A0094B502002AB502132A30
:10637000F5010035E10316AA827F409380C2398B74
:10638000D01A00941F000071810180120000811A50
:10639000F35341A9F55B42A9F76343A9F96B44A9FB
:1063A000FB7345A9FD7BC6A8C0035FD6A00280127F
:1063B000F8FFFF17FD7BB6A9FD030091F35301A978
:1063C000F55B02A9F76303A9F96B04A9FB2B00F99C
:1063D000172440F9240FF837F60301AAE103042A31
:1063E000F40300AAFB0302AAF503032AF303042A19
:1063F000E00317AA030080D2020100F042C80C910A
:1064000029130094E10300AA400100B5A001801205
:10641000BF030091F35341A9F55B42A9F76343A978
:10642000F96B44A9FB2B40F9FD7BCAA8C0035FD6DA
:10643000801640F9031A0094A0FEFF35E103132AE9
:1064400003008052E00317AA020100D04214049115
:1064500095160094E103132A03008052020100D034
:1064600042480491A09700B9E00317AA8E16009441
:10647000A09300B9A3B30191E103132AE00317AA83
:10648000020100D04284049107130094A04700F950
:10649000800000B4A06F40B91F1C00714800005478
:1064A000BF4700F9E103132A030080D2E00317AAD3
:1064B00018018052020100D042B80491B89B00B983
:1064C000F9120094E103132A030080D2020100D0E4
:1064D00042E80491A04300F9E00317AAF2120094E5
:1064E000A03F00F9A19740B921F9FF34A24340F938
:1064F000E2F8FFB4C0F8FFB4802240F9F70300913E
:10650000824E43A9190840B95B0500B4DF0200F1CF
:10651000441840FAE0040054D30400B4210CD81A03
:106520003F00156B21020054BF020871E8010054BE
:10653000E003152A5A0840B9003C0091A2C301911A
:1065400000707C9201008052FF6320CB8009805252
:10655000F8030091D22E0094E0000034000100D036
:10656000002005913F1F0094A0028012FF020091BD
:10657000A8FFFF17A03B40F9E4030091A3E30191BA
:10658000E203152AE1031BAA8B6B009400FFFF3581
:10659000650640F9E4031A2AE30316AAE203192A5E
:1065A000E10318AAE00314AAA0003FD6F0FFFF17EA
:1065B00080008012EEFFFF170001801295FFFF1789
:1065C000FD7BB4A9FD030091F35301A9F55B02A97A
:1065D000F50300AAF60301AAF76303A9010080529C
:1065E000F70302AAF96B04A9020100B0F803032A19
:1065F000192440F942E03391E00319AA18120094DB
:10660000E007F837A45240B99F04003160010054FC
:10661000F35341A9E303182AF96B44A9E20317AA2B
:10662000F76343A9E10316AAE00315AAF55B42A9A3
:10663000FD7BCCA860FFFF17A30640F9F403002AF6
:10664000810C80D2E0630191020100D042D005911B
:10665000B31E0094E2630191E103142AE00319AA36
:10666000FF110094E303182AE403002AFA03002A26
:10667000E20317AAE10316AAE00315AA4EFFFF974B
:10668000F303002AE0020034FF5700B9E103142AA3
:10669000E2530191E00319AAF0100094F403002AD8
:1066A0000002F837E05740B91F000071AD010054F7
:1066B0001F040071C1FEFF549F021A6B80FEFF543D
:1066C000E403142AE303182AE20317AAE10316AA33
:1066D000E00315AA38FFFF97F303002A80FDFF357A
:1066E000F55B42A9E003132AF35341A9F76343A9D9
:1066F000F96B44A9FD7BCCA8C0035FD633008012A0
:10670000F8FFFF17FD7BBDA9FD030091F35301A91D
:10671000F30300AAF40303AAF51300F9F503042A0E
:10672000002040F9030840B9607C4093003C009190
:1067300000EC7C92FF6320CB601A40F9040840B95A
:106740007F00046BEA000054A0028012BF03009196
:10675000F35341A9F51340F9FD7BC3A8C0035FD6ED
:10676000040C40F9E3030091000040F980003FD69B
:10677000C0FEFF37E303152AE20314AAE1030091E8
:10678000E00313AA8FFFFF97F1FFFF17020080526B
:10679000030080D2040040B99F00026B48000054FF
:1067A000C0035FD6050440F9245862B8A55862B802
:1067B000840005CB8300038B235822B842040011C8
:1067C00063FC6093F4FFFF17EA0302AAE80303AA3D
:1067D00003008052020040B95F00036BC800005400
:1067E000020040B9070080525F00076B2802005486
:1067F000C0035FD63F5823B863040011F6FFFF17AC
:10680000CC7C7ED3225866B8C60400114200048BAB
:1068100004696CB86409A49B020440F942686CB82E
:106820002215A29B4540248B256823B80E00001436
:10683000FD7BBFA9FD030091220040B926008052D4
:106840004B5967B8040140B9030440F9090440B941
:106850006409A49B650040B9827C4092297D041B99
:106860002509A59BC3040051020040B984FC60D3F4
:10687000A5FC60D363F47ED3DF00026B23FCFF54DE
:106880008400058B246823B8FF8344EB4000005448
:10689000BFFFFF97020040B9E70400115F00076BDC
:1068A000C8FCFF54FD7BC1A8C0035FD64304005160
:1068B0006500809221C8238B030080D2647C059BF5
:1068C000246864B88408C05A047823B8630400912B
:1068D0005F00036B4CFFFF54C0035FD6FD7BB4A980
:1068E000FD030091F35301A9F55B02A9F76303A926
:1068F000F96B04A9FB7305A9A33B00F9421400B48A
:10690000F603012AF50300AA410840F9F40302AA9C
:10691000404C4329B3031429010A00B4A063029137
:10692000020180D234190094BC4F40F99C0FC0DAA8
:10693000BC5F00F9D3120034810640F9811200B423
:10694000860240F9461200B4600220511F002071F7
:10695000E8110054737E0553E203132A776A7ED34D
:10696000E33E009163647C92FF6323CBFA030091C2
:10697000FF6323CBF4030091E0031AAAA34300F9B9
:10698000B3A300B9BAD30AA9C9FFFF97E00314AAB9
:10699000E10306AAC6FFFF97C0767E92E10315AA1F
:1069A000003C009100707C92FF6320CBE003162A2C
:1069B000F8030091E20300AAA04700F9E00318AA37
:1069C0000D190094F9030091A34340F9E21200D19C
:1069D0000203028BFF6323CBFB030091FF6323CBF6
:1069E000F6030091FF6323CBF5030091FF6323CBF4
:1069F000E003009163008092A04300F9000080D280
:106A0000017C039B416861B82108C05A617B20B8B2
:106A1000000400917F02006B48FFFF549C0000B40B
:106A20008413C0DA9FFC00F1C10100543F030091C0
:106A3000B4028012BF030091E003142AF35341A96A
:106A4000F55B42A9F76343A9F96B44A9FB7345A918
:106A5000FD7BCCA8C0035FD6FC830032B5FFFF17D7
:106A6000BC7F00B95CFE0736A0830291E30314AA41
:106A7000E2031BAAE10316AAA43700F953FFFF970C
:106A8000A04340F9E20317AAD40780523C0080D209
:106A9000D9180094A43740F99402044BE30316AAD2
:106AA000E20316AAE10315AAA0830291B4020035FD
:106AB00046FFFF9773060051E3031BAAE20315AAE2
:106AC000E10316AA41FFFF97E20317AAE00315AA04
:106AD000C9180094607E4093A27A60B8417B60B888
:106AE0005F00016BC302005488000054000400D111
:106AF0001F04003121FFFF542000805211000014B8
:106B000032FFFF97A37F40B98223D49A7F00026AA5
:106B1000E0000054A34340F9E20315AAE10316AADA
:106B20002AFFFF9794060051DDFFFF17E20317AA23
:106B3000E00316AAB0180094FBFFFF170000805274
:106B400080000034E10315AAA083029110FFFF9793
:106B5000E10318AAA05A73B8730600510008C05A7E
:106B6000204400B87F06003161FFFF54A03B40F98C
:106B70003F030091A24740F9E10318AA9E18009430
:106B8000ADFFFF1714018012ABFFFF17B401801295
:106B9000A9FFFF175F0000714D050054FD7BBCA9E4
:106BA000FD030091F35301A9F30301AAF403022AA0
:106BB000E1C30091F55B02A9F50303AA4DFDFF9720
:106BC000C0020035E01B40F9E1E30091021040F9FA
:106BD00040003FD620020035940600511600805236
:106BE000E00743A9620240F9630A40B9051440F97D
:106BF0009F02166BAC01005424008052A0003FD6C7
:106C0000C0000035E00743A9E20315AA041840F9C3
:106C1000030840B980003FD6F35341A9F55B42A970
:106C2000FD7BC4A8C0035FD604008052734200916C
:106C3000A0003FD620FFFF35D6060011E9FFFF1761
:106C4000A0028012C0035FD6216084D21F7C00A9FD
:106C5000A1E8ACF22171D5F2A1F9FDF2010800F929
:106C6000C19F9BD24117B3F2C18ECAF24106E2F234
:106C7000010C00F9013E9C52417AB872012000B922
:106C8000C0035FD6C2B10034FD7BB5A927338FD2D4
:106C900026749DD2FD030091859B97D2C43A98D269
:106CA000420400514750ABF226DBADF265E3B1F28E
:106CB000444CB9F2F35301A9F55B02A9F76303A9A8
:106CC000F96B04A9FB7305A9E27300B922004039EE
:106CD0002100019123105C382C305C3833705C3813
:106CE000432003AA22205C383AB05C3828D05C38B4
:106CF000624002AA23505C384C600CAA29105D380F
:106D00008209C05AE2AF00B922405C388C09C05AEF
:106D100038305D383E705D38432003AA22605C380D
:106D200031B05D3839F05C38624002AA23905C389B
:106D3000536013AA620AC05AE2AB00B922805C38E1
:106D4000730AC05A432003AA22A05C38624002AAF8
:106D50005A601AAA22C05C38430BC05A5A0BC05A58
:106D6000482008AA22E05C38024102AA28005D38C7
:106D7000596019AA220BC05A390BC05A092109AA15
:106D800028205D38284108AA29505D38186118AAC2
:106D9000080BC05AE8A700B928405D38180BC05A44
:106DA000092109AA28605D38284108AA29905D3880
:106DB0001E611EAAC80BC05AE8A300B928805D381E
:106DC000DE0BC05ADE03078B092109AA28A05D3813
:106DD000284108AA116111AA280AC05AE89F00B9DF
:106DE00028C05D3829D05D3830F05D382F305E38EE
:106DF000092109AA28E05D382E705E382B905E3894
:106E0000284108AA29105E38106110AA34D05E38D3
:106E1000080AC05AE89B00B928005E3836F05E3890
:106E200035305F38092109AA28205E382DB05E3838
:106E3000284108AA29505E380F610FAA28405E3801
:106E4000EA09C05AEF09C05AEF01078B092109AAC4
:106E500028605E38284108AA0E610EAA28805E3894
:106E6000C909C05A0B210BAA28A05E38684108AA9C
:106E70002BC05E380D610DAAA809C05AAD09C05AD1
:106E80006B2114AA34E05E38AD01078B6B4114AA64
:106E900034105F38766116AACB0AC05AEB9700B956
:106EA0002B005F38D60AC05A6B2114AA34205F38F1
:106EB0006B4114AA34505F38756115AAAB0AC05AE9
:106EC000EB9300B92B405F38B50AC05A6B2114AA66
:106ED00034605F386B4114AA34705F386B6114AA58
:106EE0007409C05AF47700B934805F386B09C05A0E
:106EF00037905F381B704329942217AA37A05F3858
:106F0000944217AA37B05F38976217AAF40AC05A9A
:106F1000F48F00B9F40AC05A37D05F38F43F00F953
:106F200034C05F38942217AA37E05F38944217AA1A
:106F300037F05F38976217AAF40AC05AF48B00B989
:106F4000F40AC05AF44300F9141040B9F46300B9CC
:106F5000141440B9F46B00B9F43340F9977E7BD335
:106F6000F46340B9947E1B53F70214AA74031C4ABD
:106F7000FC6B40B994021C0A1C1C40B994021C4AC8
:106F8000FC6340B9F402148B172040B9F740378BEB
:106F90009702178BF43740F98C01178BF76B40B9C8
:106FA000947E62D3F77E0253940217AA770314CA21
:106FB0009703170A9C7F0253F7021BCA7B03078BB8
:106FC000F302138B171C40B9F740378B7302178BF2
:106FD000977D1B53F7160CAAF702138BF33340F976
:106FE000737E62D373021CAA9C0213CA9C030C8A90
:106FF0009C0314CA9402078B9A031A8B5B031B8BA6
:10700000FA7E1B535A1717AA5A031B8B9B7D0253F8
:107010006C7B0CAA7B020CCA7B03178A7B0313CA06
:107020007302078B7903198B3903148B547F1B531D
:1070300094161AAA9402198BF97E0253377B17AA69
:10704000990117CA39031A8A39030CCA3803188BF5
:10705000597F02531803138B937E1B53397B1AAA53
:10706000731614AA7302188BF80219CA1803148A2B
:10707000180317CA18030C8B6C7E1B531E031E8B40
:10708000987E0253187B14AA8C1513AA340318CACD
:107090008C011E8B9402138A940219CA9702178BD3
:1070A000340AC05A9402078B917D1B53F402148B4F
:1070B00031160CAA3102148B747E0253947A13AAEF
:1070C000130314CA73020C8A730218CA7702198B4D
:1070D000130AC05A7302078B307E1B53F302138BC3
:1070E000101611AA1002138B937D0253737A0CAA07
:1070F0008C0213CA8C01118A8C0114CA8C01188B62
:107100008F010F8B0C7E1B538C1510AA8C010F8BDB
:107110002F7E0253F17911AA6F0211CAEF01108A72
:10712000EF0113CAF401148BCF09C05AEF01078B8A
:107130008E7D1B538F020F8BCE150CAACE010F8BA9
:107140000F7E0253EF7910AA30020FCA10020C8A88
:10715000100211CA1002138B937D02530D020D8B86
:10716000D07D1B53737A0CAA10160EAA10020D8B39
:10717000ED0113CAAD010E8ACC02078BAD010FCA17
:10718000AD01118BD17D0253317A0EAAAD010C8B6A
:107190006E0211CA0C7E1B53CE01108A8C1510AAE8
:1071A000CE0113CA8C010D8BCE010F8B0F7E0253C3
:1071B000EF7910AAAD02078BCE010D8B30020FCAFA
:1071C0008D7D1B5310020C8AAD150CAA100211CA3A
:1071D000AD010E8B1002138B6E01078B73010A4AEF
:1071E00010020E8BAE7D1B53CE150DAACE01108B57
:1071F000907D0253107A0CAAEC0110CA8C010D8A02
:107200008C010FCA9101118BEC3F40F98C01078B67
:1072100031020C8BCC7D1B538C150EAA8C01118B6B
:10722000B17D0253317A0DAA0D0211CAAD010E8A49
:10723000AD0110CAAF010F8BED4340F9AD01078BD3
:10724000EF010D8B8D7D1B53AD150CAAAD010F8B7E
:10725000CF7D0253EE790EAAEFAF40B96F000F4A0F
:107260006F020F4AF3FD5FD36F060FAA33020ECAF7
:1072700073020C8AD6020FCA730211CA7302108BF2
:10728000F001078B7302108BB07D1B5310160DAAF3
:107290001002138B937D0253737A0CAAEC8F40B9C2
:1072A0009401094AF7B35429F89740B94C000C4AA5
:1072B000E302034A8C020C4AFB7740B9FA67522971
:1072C00094FD5FD38C060CAAD40113CA94020D8AD4
:1072D000B5020CCA94020ECA9402118B9101078B5D
:1072E0009402118B117E1B53311610AA3102148B9C
:1072F000B47D02538D7A0DAAF48B40B99402084AEA
:107300008302034A74FC5FD3830603AA74020DCA86
:107310009402108A6B0103CA940213CA94020E8B62
:107320006E00078B94020E8B2E7E1B53CE1511AA76
:10733000CE01148B147E0253947A10AAF0A340B9A4
:107340000202024AC20202CAF6A340B9507C1F538D
:10735000020602AAB00114CA1002118A10020DCA54
:107360001302138B5000078B7302108BD07D1B53BD
:1073700010160EAA1002138B337E0253737A11AAD1
:10738000F19F40B93102174AB10211CA357E1F532D
:10739000B10611AA950213CAB5020ECAB5020D8B29
:1073A0002D02068BB5020D8B0D7E1B53AD1510AA59
:1073B000AD01158BD57D0253B57A0EAAEE9B40B96F
:1073C000CE01164A6E010ECACB7D1F536E050EAA62
:1073D0006B0215CA6B0110CA7401148BCB01068BAA
:1073E00094020B8BAB7D1B536B150DAA6B01148B99
:1073F000147E0253947A10AAF03F40F9160202CA92
:10740000F09F40B95001104A0A010A4AD00210CA3E
:10741000167E1F53D00610AAB60214CAD6020DCA91
:10742000D602138B1302068BD602138B737D1B536C
:1074300073160BAA7302168BB67D0253D67A0DAA69
:10744000ED4340F9B70111CAED9B40B92D010D4A3A
:107450000903094AED020DCAF89340B9B77D1F53DD
:107460000803084AED060DAA970216CAF7020BCACE
:10747000F702158BB501068BF702158B757E1B5332
:10748000B51613AAB502178B777D0253EB7A0BAAB8
:10749000F7010ECAEA020ACA577D1F53EA060AAA72
:1074A000D7020BCAF70213CA58000ACAF702148B94
:1074B0005401068BF702148BB47E1B53941615AA45
:1074C0009402178B777E0253F37A13AA970110CA9E
:1074D000E90209CA377D1F53E90609AA770113CAD1
:1074E000F70215CAF702168B3601068BF702168BC8
:1074F000967E1B53D61614AAD602178BB77E02535C
:10750000F57A15AA77000DCAE80208CA177D1F533D
:10751000E80608AA770215CAF70214CAEB020B8B19
:107520001701068B6B01178BD77E1B53F71616AA14
:10753000F7020B8B8B7E0253747914AAEB7740B958
:107540006B01194AF98F40B90B030BCA39031A4A68
:10755000DA0108CA787D1F530B070BAAB80214CAB8
:10756000180316CA1803138B7301068B1803138BA9
:10757000F37E1B53731617AA7302188BD87E02531F
:10758000167B16AA380209CA180319CA197F1F5395
:10759000380718AA990216CA390317CABC0118CAB3
:1075A0003503158B1903068BB502198B797E1B5396
:1075B000391713AA3903158BF57E0253B77A17AA28
:1075C000F58B40B9B5021B4A7B7E0253550315CAA1
:1075D0007B7B13AABA7E1F53550715AADA0217CA76
:1075E0005A0313CAF33F40F95403148BBA02068BB3
:1075F00094021A8B3A7F1B535A1719AA73020FCAA7
:107600005A03148B14020BCA930213CAEF0103CA64
:10761000747E1F53930613AAF4021BCA940219CA5C
:107620009402168B7602068B9402168B567F1B53A0
:10763000D6161AAAD602148B347F0253997A19AA45
:10764000F44340F994020CCA8C0102CA940314CA90
:1076500042000ECACE010DCAAD0109CA9C7E1F535D
:10766000940714AA7C0319CA9C031ACA1E0114CADF
:107670009C03178B9702068B9C03178BD77E1B539B
:10768000F71616AAF7021C8B5C7F02539A7B1AAA84
:107690005C0115CA8F030FCAFC7D1F538F070FAA09
:1076A0003C031ACA9C0316CA9C031B8BFB01068B66
:1076B0009C031B8BFB7E1B537B1717AA7B031C8B26
:1076C000DC7E0253967B16AA3C0113CA8C030CCABB
:1076D00029010BCA9C7D1F538C070CAA5C0316CA98
:1076E0009C0317CA9C03198B9901068B9C03198B69
:1076F000797F1B5339171BAA39031C8BFC7E02535D
:107700009C7B17AA770011CAD70317CA310210CA87
:1077100010020ACA4A0108CAE37E1F53080118CAA8
:10772000770417AAC3021CCA63001BCA7A001A8B0B
:10773000E302068B5A03038B237F1B53631419AA9E
:1077400063001A8B7A7F02535A7B1BAA7B010FCAF4
:10775000620302CA6B0115CA5B7C1F53620702AA4F
:107760009B031ACA7B0319CA7B03168B5600068B30
:107770007B03168B767C1B53D61603AAD6021B8B73
:107780003B7F0253797B19AA1B030CCA31021BCA27
:10779000180313CA3B7E1F53710711AA5B0319CA52
:1077A0007B0303CA7C031C8B3B02068B9C031B8B55
:1077B000DB7E1B537B1716AA7B031C8B7C7C02533E
:1077C000837B03AABC0217CACE011CCAB50214CA25
:1077D000DC7D1F538E070EAA3C0303CA9C0316CA06
:1077E0009C031A8BDA01068B9C031A8B7A7F1B533E
:1077F0005A171BAA5A031C8BDC7E0253967B16AACF
:107800007C0202CA10021CCA5E7F0253DE7B1AAAE7
:1078100073020FCA1C7E1F53900710AA7C0016CA61
:107820009C031BCA9C03198B1902068B9C03198BA2
:10783000597F1B5339171AAA39031C8B7C7F0253BB
:107840009B7B1BAA9C0211CAAD011CCA94020CCAE4
:10785000BC7D1F538D070DAADC021BCA9C031ACAEC
:10786000FA010ECA8303038BBC01068B63001C8BD9
:107870005A011ACA3C7F1B532A031E8A9C1719AA55
:10788000EF0117CA9C03038B437F1F537A041AAA84
:1078900023031EAA63001B8A63000AAA4A03058BFE
:1078A0006300168B367F025363000A8B8A7F1B535B
:1078B0004A151CAAD67A19AA4A01038B830110CA59
:1078C000290103CA9903168A8C0102CA237D1F531A
:1078D000690409AA830316AA63001E8A790019AAFB
:1078E0002301058B39031B8BFB020DCA3903038B64
:1078F000437D1B5363140AAA08011BCA6300198B3A
:10790000997F0253397B1CAA1B7D1F53680708AA65
:107910005B0119AA7B03168A5C01198A7C031CAAE5
:107920001B01058B9C031E8BF70211CA9C031B8B4A
:107930007B7C1B537B1703AA7B031C8B5C7D025350
:107940008A7B0AAA5C001ACA8B030BCA7E000A8AC9
:1079500042000ECA7C7D1F538B070BAA7C000AAA2B
:107960009C03198A9C031EAA9603168B7C01058B27
:10797000D6021C8B7C7F1B539C171BAA9C03168B67
:10798000767C0253C37A03AA360209CA160316CAC2
:107990007E03038A310210CAD87E1F53160716AA27
:1079A000780303AA18030A8A18031EAA1903198B5D
:1079B000D802058B3903188B987F1B5318171CAA04
:1079C0001803198B797F0253397B1BAADB0108CA84
:1079D000B5021BCA9E03198ACE010DCABB7E1F5376
:1079E000750715AA9B0319AA7B03038A7B031EAAAA
:1079F0007B030A8BAA02058B7B030A8B0A7F1B532E
:107A00004A1518AA4A011B8B9B7F02537B7B1CAA39
:107A10001C020BCA73021CCA1E031B8A10021ACA5C
:107A20007C7E1F53930713AA1C031BAA9C03198A6D
:107A30009C031EAA9C03038B6302058B9C03038B90
:107A4000437D1B5363140AAA63001C8B1C7F0253E3
:107A5000987B18AABC0116CA94021CCA5E01188A37
:107A6000AD0109CA9C7E1F53940714AA5C0118AA91
:107A70009C031B8A9C031EAA9C03198B9902058BED
:107A80009C03198B797C1B53391703AA39031C8B70
:107A90005C7D02538A7B0AAA5C0315CAEF011CCAEB
:107AA0007E000A8A5A0308CAFC7D1F538F070FAA5B
:107AB0007C000AAA9C03188A9C031EAA9C031B8BA9
:107AC000FB01058B9C031B8B3B7F1B537B1719AA68
:107AD0007B031C8B7C7C02539C7B03AA230113CA6F
:107AE0008C0103CA3E031C8A837D1F536C040CAABD
:107AF00023031CAA63000A8A63001EAA7E7F1B530D
:107B00006300188B9801058B6300188BDE171BAA86
:107B1000DE03038B237F0253797819AA030114CA69
:107B2000F70203CA7803198A080116CAE37E1F53B5
:107B3000770417AA630319AA63001C8A630018AAB2
:107B400078010FCA6A000A8BE302058B4A01038B96
:107B5000C37F1B5363141EAA580018CA63000A8B04
:107B60006A7F02535B791BAA027F1F53580418AA2D
:107B7000C2031BAA4200198ACA031B8A4A000AAA26
:107B80000203058B4A011C8BDC7F02534A01028BE6
:107B9000627C1B53421403AA9C7B1EAA42000A8BE0
:107BA000CA020CCA31020ACA7E001C8AD60213CA53
:107BB0002A7E1F53510511AA6A001CAA4A011B8A7A
:107BC0004A011EAA4A01198B3902058B4A01198BF9
:107BD000597C1B53391702AA39030A8B6A7C02535A
:107BE000437903AAAA0217CACA010ACA5E00038A15
:107BF0004E7D1F53CA050AAA4E0003AACE011C8A55
:107C0000CE011EAA5E7C0253CE011B8B5B01058B4D
:107C1000CE011B8B3B7F1B537B1719AADE7B02AA6D
:107C20007B030E8B6E0218CA0E020ECA30031E8A28
:107C300073020FCAC27D1F534E040EAA22031EAA4E
:107C40004200038A420010AAD001058B42001C8B1F
:107C50004200108B707F1B5310161BAA1002028B60
:107C6000227F0253597819AA820211CAA20102CABC
:107C70007C03198A4D7C1F53A20502AA6D0319AA21
:107C8000AD011E8AAD011CAA1C7E1B53AD01038BE6
:107C90004300058BAD01038B9C1710AA9C030D8B31
:107CA000ED010ACA4D030DCA637F02537B781BAAFC
:107CB000EF0117CAA37D1F531A021B8A6D040DAA78
:107CC00003021BAA6300198A63001AAABA01058B72
:107CD00063001E8B9E010ECA63001A8B9A7F1B5392
:107CE0005A171CAA5A03038B037E0253707810AAFA
:107CF00023010BCAC30303CA9E03108A6B0115CA72
:107D0000B50214CA697C1F5394020CCA230503AA46
:107D1000890310AA29011B8A8C0118CA29011EAAED
:107D20002901198B7900058B2901198B597F1B5368
:107D300039171AAA3903098B897F02533C791CAA87
:107D4000E90202CA090109CA5E031C8AF70211CAC4
:107D5000287D1F53090509AA48031CAA0801108A97
:107D600008011EAA08011B8B3B01058B08011B8B18
:107D70003B7F1B537B1719AA7B03088B487F025359
:107D80001A791AAA08030DCA680108CA3E031A8A9A
:107D900018030ACA0B7D1F53680508AA2B031AAAE9
:107DA0006B011C8A6B011EAA7001108B0B01058BE5
:107DB00010020B8B6B7F1B536B151BAA6B01108B77
:107DC000307F0253197A19AA300203CAD00210CAAE
:107DD00031020ECA167E1F53D00610AA560319CAC6
:107DE000D6021BCADC021C8B1602048B9C03168B6A
:107DF000767D1B53D6160BAAD6021C8B7C7F0253B2
:107E00009B7B1BAA5C0109CAB5021CCA4A0102CAB3
:107E1000BC7E1F53950715AA3C031BCA9C030BCAC3
:107E20009C031A8BBA02048B9C031A8BDA7E1B53B9
:107E30005A1716AA5A031C8B7C7D02539C7B0BAAF3
:107E4000CB0108CA73020BCACE010DCA6B7E1F5349
:107E5000730513AA6B031CCA6B0116CA6B01198B3D
:107E60007902048B6B01198B597F1B5339171AAA9E
:107E700039030B8BCB7E0253767916AA4B0010CABE
:107E80008B020BCA420003CA747D1F538B060BAAD8
:107E9000940316CA94021ACA9B021B8B7401048BAA
:107EA0007B03148B347F1B53941619AA94021B8BEB
:107EB0005B7F02537A7B1AAABB0115CAEF011BCA6A
:107EC000AD0109CAFB7D1F536F070FAADB021ACA57
:107ED0007B0319CA7C031C8BFB01048B9C031B8B4B
:107EE0009B7E1B537B1714AA7B031C8B3C7F025386
:107EF000997B19AA7C0013CA8C011CCA630008CAAA
:107F00009C7D1F538C070CAA5C0319CA9C0314CADE
:107F10009C03168B9601048B9C03168B767F1B5358
:107F2000D6161BAAD6021C8B9C7E02539C7B14AADD
:107F300034010BCAF40214CA290110CA977E1F53D8
:107F4000F40614AA37031CCAF7021BCAF7021A8BDD
:107F50009A02048BF7021A8BDA7E1B535A1716AA61
:107F60005A03178B777F0253FB7A1BAA17010FCA9C
:107F7000170317CA080115CAF87E1F53170717AA57
:107F800098031BCA180316CA1903198BF802048B2D
:107F90003903188B587F1B5318171AAA1803198B0B
:107FA000D97E0253367B16AA19020CCA310219CAAD
:107FB000100213CA397E1F53310711AA790316CA5A
:107FC00039031ACA3C031C8B3902048B9C03198B9E
:107FD000197F1B53391718AA39031C8B5C7F025376
:107FE0009A7B1AAABC0214CA4A011CCAB5020BCA5F
:107FF0005C7D1F538A070AAADC021ACA9C0318CAAE
:108000009C031B8B5B01048B9C031B8B3B7F1B53D3
:108010007B1719AA7B031C8B1C7F0253987B18AA21
:108020007C0217CACE011CCA73020FCADC7D1F5323
:108030008E070EAA5C0318CA9C0319CA9C03168BF0
:10804000D601048B9C03168B767F1B53D6161BAA76
:10805000D6021C8B3C7F0253997B19AA7C0111CA62
:10806000820302CA6B010CCA5C7C1F53820702AAFE
:108070001C0319CA9C031BCA940202CA9C031A8BD4
:108080005A00048B9C031A8BDA7E1B535A1716AACC
:10809000340114CA5A031C8B7C7F02539B7B1BAA9E
:1080A000FC010ACAAD011CCA897E1F53340514AAFB
:1080B000BC7D1F538902048B8D070DAA3C031BCA8C
:1080C0009C0316CAF7020DCA9C03188BB801048BD7
:1080D0009C03188B587F1B5318171AAA170117CA2D
:1080E00018031C8BDC7E0253967B16AA9C010ECAD9
:1080F0007C001CCAE87E1F53170517AA4A0114CA40
:10810000837F1F53E802048B7C041CAA630316CAF6
:1081100063001ACA31021CCA7900198B8303048BCD
:108120003903038B037F1B53631418AA100211CA6F
:108130006300198B597F0253397B1AAAB5020ACA08
:10814000DA0219CACE0117CA5A0318CA73020ECA34
:108150005A031B8B5A03098B697C1B53291503AAED
:1081600029011A8B1A7F02535A7B18AA2D031ACAA7
:10817000AD0103CAAD01168BAD01088B287D1B53E1
:10818000081509AA08010D8B6D7C0253AD7903AA6D
:10819000037E1F53700410AA43030DCA630009CA6B
:1081A0001102048B6300198B0A7D02536300118B4B
:1081B000117D1B53311608AA420010CA3102038BED
:1081C000237D0253637809AAA97E1F53350515AA9A
:1081D000A90103CA290108CAB502048B29011A8B17
:1081E000487908AAB502098B6A7E1F53297E1B5362
:1081F000530513AA291511AA6A0008CA2901158B6B
:108200006B0102CA4A0111CA7302048B4A010D8B29
:108210002D7E025373020A8BAD7911AA2A7D1B535E
:10822000627D1F534A1509AA4B040BAA02010DCA0D
:108230004A01138B420009CA6B01048B4200038B75
:10824000E36340B96B01028B427D1B5342140AAABF
:108250002909891342000B8B6200020B021000B93E
:10826000E26B40B942000A0B021400B9021840B98F
:108270002901020B021C40B942000D0B0908032919
:10828000022040B94200080B022000B9E27340B955
:1082900042040051E27300B95F0400318151FF5480
:1082A000F35341A9F55B42A9F76343A9F96B44A9CC
:1082B000FB7345A9FD7BCBA8C0035FD6C0035FD687
:1082C000FD7BBBA9FD030091F35301A9F40300AAB0
:1082D000F303022AF55B02A916088052F50301AAEE
:1082E000F76303A9F92300F9000040F9171440923D
:1082F0004000000B800200F9F903172AD602174B41
:108300001F4022EB82000054800640F900040091D7
:10831000800600F9FF0200F1C212537AC80100542E
:1083200073020151E10315AA98920091B502168BD0
:108330003303130B0003178B170080D2E20316AA36
:10834000AD120094E10318AAE00314AA220080529F
:108350004DFAFF97627E0653E10315AAE00314AAC3
:1083600049FAFF97621600728001005473667A9290
:1083700080920091F92340F9A102138BF35341A994
:108380000000178BF55B42A942144092F76343A9A2
:10839000FD7BC5A898120014F35341A9F55B42A9CF
:1083A000F76343A9F92340F9FD7BC5A8C0035FD655
:1083B00042000034C3FFFF17C0035FD6FD7BBDA999
:1083C000FD030091F35301A9F40301AAF30300AAEA
:1083D000010840A923FC5DD3620C02AA030780D2E6
:1083E0004208C05AE22B00B922F07DD321144092FA
:1083F000630001CB3FDC00F14208C05AE22F00B914
:10840000020F80D2420001CB4280839AE10000D06B
:1084100021242B91E7FFFF97E1A30091E00313AA2A
:1084200002018052A7FFFF97604E40398002003959
:108430006026407980060039601240B9007C0853FC
:10844000800A0039601240B9800E0039605E403900
:1084500080120039602E407980160039601640B9CC
:10846000007C0853801A0039601640B9801E00391C
:10847000606E4039802200396036407980260039AC
:10848000601A40B9007C0853802A0039601A40B94C
:10849000802E0039607E403980320039603E40795C
:1084A00080360039601E40B9007C0853803A00399C
:1084B000601E40B9803E0039608E403980420039EC
:1084C0006046407980460039602240B9007C0853FC
:1084D000804A0039602240B9804E0039F35341A9E7
:1084E000FD7BC3A8C0035FD6FD7BB5A9FD0300914A
:1084F000F35301A9F30300AA7442218BE0230191F5
:10850000F55B02A9F603032AF71B00F9F70302AA99
:10851000CEF9FF977F0214EB23010054E10317AA61
:10852000E0230191A6FFFF97F35341A9F55B42A910
:10853000F71B40F9FD7BCBA8C0035FD6950213CB98
:10854000E10313AADF02156BE0230191D532951ADE
:10855000E203152A73C2358B96FFFF9714F6FF9737
:10856000EDFFFF17FD7BB5A9FD030091F35301A9B2
:10857000F30300AA7442218BE0230191F55B02A969
:10858000F603032AF71B00F9F70302AA150000946B
:108590007F0214EB23010054E10317AAE0230191A9
:1085A0005D080094F35341A9F55B42A9F71B40F91C
:1085B000FD7BCBA8C0035FD6950213CBE10313AAC2
:1085C000DF02156BE0230191D532951AE203152ADB
:1085D00073C2358B4D080094F5F5FF97EDFFFF173B
:1085E000E1CC9C521F7C00292141AD72010800B9E9
:1085F000A1D09552E16CB772010C00B9416E9E5248
:10860000C18DA772011000B941A79E52E1A9B472B1
:10861000011400B9E14F8A52C121AA72011800B9B0
:1086200081118D52A160B372011C00B961359B525A
:1086300061F0A372012000B921A39952017CAB72B1
:10864000012400B9C0035FD6C2FE0034FD7BB9A986
:1086500042040051FD030091F35301A9F55B02A907
:10866000F76303A9F96B04A9FB7305A9E26F00B9CD
:10867000220040392100019123105C3837305C38EA
:1086800038705C38432003AA22205C383AB05C384A
:1086900039F05C38624002AA23505C38576017AA50
:1086A00022405C3834305D38F70AC05A33705D3888
:1086B000422003AA23605C383EB05D3831F05D385B
:1086C000424003AA23905C38586018AA22805C3884
:1086D000180BC05A422003AA23A05C38424003AAC8
:1086E00023D05C385A601AAA22C05C385A0BC05A90
:1086F000422003AA23E05C38424003AA23105D38DD
:10870000596019AA22005D38390BC05A422003AAC9
:1087100023205D38424003AA23505D38546014AAD8
:1087200022405D38940AC05A422003AA23605D3873
:10873000424003AA23905D38536013AA22805D381B
:10874000730AC05A422003AA23A05D38424003AAFC
:1087500023D05D385E601EAA22C05D38DE0BC05A91
:10876000422003AA23E05D38424003AA516011AAC7
:1087700022005E3823105E38310AC05A30305E382D
:108780002F705E38422003AA23205E382EB05E3858
:108790002DF05E38424003AA23505E38506010AA84
:1087A00022405E382B305F38100AC05A2A705F387A
:1087B000422003AA23605E382CB05F3836F05F3861
:1087C000424003AA23905E384F600FAA22805E3891
:1087D000EF09C05A422003AA23A05E38424003AAF0
:1087E00023D05E384E600EAA22C05E38CE09C05A31
:1087F000422003AA23E05E38424003AA23105F38D8
:108800004D600DAA22005F38AD09C05A422003AA6C
:1088100023205F38424003AA23505F384B600BAAE5
:1088200022405F386B09C05A422003AA23605F3898
:10883000424003AA23905F384A600AAA22805F3828
:108840004A09C05A422003AA23A05F38424003AA23
:1088500023D05F384C600CAA22C05F388C09C05A04
:10886000422003AA23E05F38424003AA566016AABA
:10887000021840B9042040B9D60AC05A0718412945
:10888000432C82136318C24A6364C24A021C40B973
:108890004200044A041840B94200040A042040B9C6
:1088A0004200044A04F385526200020B032440B9DB
:1088B0004451A8726300040B040C40B94200030B3E
:1088C000031440B94200170BF701170B6900020BA4
:1088D000030840B965348313A508C34AA558C34AA1
:1088E0006300042A041040B96300040A040840B974
:1088F0008400060A6300042A24928852A500030B10
:10890000E426AE72A500020B020C43294200034A82
:108910004200090A4200034A032040B94200180BF2
:108920006300040BA43485134200030B232D891329
:108930006318C94A8408C54A6364C94A8458C54A49
:108940004200030B031040B96800020B030840B952
:108950006300052A6300060A060840B9C600050A36
:108960006300062AE6799F528400030B031840B97E
:108970008400020B021840B906B8B6724200094AD8
:108980004200080A4200034A031C40B942001A0B85
:108990006300060BA600042A4200030B032D881374
:1089A0006318C84AC600070A6364C84AA700040AD5
:1089B0004200030B030C40B9C600072A2701084AEE
:1089C0007B00020B833484136308C44AE7001B0A4C
:1089D0006358C44AE700094A6300060BA6749B5219
:1089E0006300020B021840B9E700190BA636BD72EE
:1089F0004200060B9500032AE700020B622F9B132F
:108A00004218DB4A9C00030A4264DB4AB502050AAD
:108A1000E700020B020840B9B5021C2A4600070B0A
:108A2000623483134208C34A4258C34A4200150BBA
:108A30004200070B07011B4AE700060A7500022ADD
:108A4000E700084A7C00020AE700090B694B9852CC
:108A5000C92AA7728902090BE700090BC92C8613E2
:108A60002919C64AB502040A2965C64AB5021C2A54
:108A7000E700090B493482132909C24AA500070BF4
:108A80002959C24A2901150B2901070B6703064A18
:108A9000E700050A5500092AE7001B4A5C00090A9D
:108AA000E700080B283E8252283EAB726802080B92
:108AB000E700080BA82C85130819C54AB502030A5C
:108AC0000865C54AB5021C2AE700080B283589133A
:108AD0000809C94A8400070B0859C94A0801150B3F
:108AE000D500054AB502040A0801070BB502064A7B
:108AF00087549052B5021B0BE747B272C703070BAE
:108B00003B01082AB502070B872C8413E718C44AD7
:108B10003C01080AE764C44A7B03020AB502070B5A
:108B200007358813E708C84A7B031C2AE758C84A58
:108B30006300150BE7001B0BE700150BB500044A9B
:108B4000B502030A1B01072AB502054A1C01070AE0
:108B5000B502060BA6DA8B528663B5722602060BA7
:108B6000B502060B662C8313C618C34A7B03090A99
:108B7000C664C34A7B031C2AB502060BE63487137E
:108B8000C608C74A4200150BC658C74AC6001B0B89
:108B9000C600150B9500034AB502020AFB00062A1F
:108BA000B502044AFC00060AB502050B05539552AE
:108BB000E500BB720502050BB502050B452C8213BF
:108BC000A518C24A7B03080AA564C24A7B031C2A73
:108BD000B502050BC5348613A508C64A2901150B35
:108BE000A558C64AA5001B0BA500150B7500024A27
:108BF000B502090ADB00052AB502034ADC00050AB2
:108C0000B502040B24608B526450A272E401040B81
:108C1000B502040B242D89138418C94A7B03070A63
:108C20008464C94A7B031C2AB502040BA43485134F
:108C30008408C54A0801150B8458C54A84001B0BDB
:108C40008400150B5500094AB502080ABB00042A26
:108C5000B502024ABC00040AB502030BC3B7905226
:108C60002386A472C301030BB502030B032D8813E3
:108C70006318C84A7B03060A6364C84A7B031C2A3C
:108C8000B502030B833484136308C44AE700150B51
:108C90006358C44A63001B0B6300150B3501084A77
:108CA000B502070A9B00032AB502094A9C00030A81
:108CB000B502020B62B88F5282A1AA72A201020B06
:108CC000B502020BE22C87134218C74A7B03050A40
:108CD0004264C74A7B031C2AB502020B6234831329
:108CE0004208C34AC600150B4258C34A42001B0B38
:108CF0004200150B1501074AB502060A7B00022A3D
:108D0000B502084A7C00020AB502090B89AE8B52F3
:108D1000C957AE726901090BB502090BC92C86133C
:108D20002919C64A7B03040A2965C64A7B031C2A03
:108D3000B502090B493482132909C24AA500150B53
:108D40002959C24A29011B0B2901150BF500064AB6
:108D5000B502050A5B00092AB502074A5C00090A48
:108D6000B502080BC83F9652C81BB0724801080BE9
:108D7000B502080BA82C85130819C54A7B03030A02
:108D80000865C54A7B031C2AB502080B28358913E0
:108D90000809C94A8400150B0859C94A08011B0B68
:108DA0000801150BD500054AB502040A3B01082A43
:108DB000B502064A3C01080AB502070BE7D4805207
:108DC000877BB3728701070BB502070B872C8413CF
:108DD000E718C44A7B03020AE764C44A7B031C2ADF
:108DE000B502070B07358813E708C84A6300150B5F
:108DF000E758C84AE7001B0BE700150BB500044A0B
:108E0000B502030A1B01072AB502054A1C01070A1D
:108E1000B502060B862E9E526633B872C602060B4A
:108E2000B502060B662C8313C618C34A7B03090AD6
:108E3000C664C34A7B031C2AB502060BE6348713BB
:108E4000C608C74A4200150BC658C74AC6001B0BC6
:108E50009B4D8C13C600150B154B98137B47CC4AC2
:108E6000B51ED84A7B2B4C4AB50E584A7503150BD4
:108E7000FB00062AB502170B9700034AF702020A05
:108E8000FC00060AF702044A7B03080AF702050BF6
:108E900025388D526593BC72A502050BF702050BB0
:108EA000452C8213A518C24A7B031C2AA564C24A1A
:108EB000D801180BF702050BC5348613A508C64A5E
:108EC0002901170BA558C64AA5001B0BDB4E9613AC
:108ED000A500170B574B9A137B47D64AF71EDA4A61
:108EE0007B2B564AF70E5A4A7703170BDB00052AED
:108EF000F702180B7800024A1803090ADC00050A79
:108F00001803034A7B03070A1803040BC4F08852B2
:108F1000C4F7BD72E402040B1803040B242D89135B
:108F20008418C94A7B031C2A8464C94ABA011A0BF3
:108F30001803040BA43485138408C54A0801180BD0
:108F40008458C54A84001B0BBB4E95138400180B34
:108F5000384B99137B47D54A181FD94A7B2B554A62
:108F6000180F594A7803180BBB00042A18031A0B70
:108F70005A00094A5A03080ABC00040A5A03024A62
:108F80007B03060A5A03030BC3B8935223F8A1725A
:108F90000303030B5A03030B032D88136318C84AFA
:108FA0007B031C2A6364C84A7901190B5A03030B1B
:108FB000833484136308C44AE7001A0B6358C44A15
:108FC00063001B0BFB4E971363001A0B9A4A941312
:108FD0007B47D74A5A1FD44A7B2B574A5A0F544AC9
:108FE0007A031A0B9B00032A5A03190B3901084A0A
:108FF0003903070A9C00030A3903094A7B03050A5F
:109000003903020B823994528281A4724203020B0B
:109010003903020BE22C87134218C74A7B031C2A30
:109020004264C74A5401140B3903020B62348313A0
:109030004208C34AC600190B4258C34A42001B0BE0
:109040001B4F98134200190B794A93137B47D84A58
:10905000391FD34A7B2B584A390F534A7903190BCE
:109060007B00022A3903140B1401074A9402060AF2
:109070007C00020A9402084A7B03040A9402090B4A
:10908000E98D855229BDA5722903090B9402090BAC
:10909000C92C86132919C64A7B031C2A2965C64A8E
:1090A0009301130B9402090B493482132909C24A14
:1090B000A500140B2959C24A29011B0B5B4F9A13B7
:1090C0002901140BD44B9E137B47DA4A941EDE4AC7
:1090D0007B2B5A4A940E5E4A7403140B5B00092AD8
:1090E0009402130BF300064A7302050A5C00090A96
:1090F0007302074A7B03030A7302080B48959052D8
:10910000884EA9728802080B7302080BA82C8513DD
:109110000819C54A7B031C2A0865C54ADE021E0BD6
:109120007302080B283589130809C94A8400130BF8
:109130000859C94A08011B0B3B4F99130801130B2F
:10914000334A91137B47D94A731ED14A7B2B594A24
:10915000730E514A7303130B3B01082A73021E0B53
:10916000DE00054ADE03040A3C01080ADE03064A63
:109170007B03020ADE03070B873B95520796AB720F
:109180006702070BDE03070B872C8413E718C44A1A
:109190007B031C2AE764C44ADE03070B07358813E8
:1091A000E708C84A63001E0BE758C84AE7001B0BD4
:1091B0001B4A90137B1FD04AE7001E0B7B0F504ABF
:1091C0009E4E94137B03110BDE47D44AB100044A30
:1091D000DE2B544A3102030ADE03150B3102054A25
:1091E000DE031B0B3102060B461B915226DFAE72CB
:1091F000C603060B3102060B662C8313C618C34A3E
:109200001B01072AC664C34A1C01070A3102060B68
:10921000E6348713C608C74A7B03090A7B031C2A66
:10922000C658C74AC6001B0B4200110BC600110BE3
:10923000F1498F13311ECF4AFB00062A310E4F4AE7
:10924000FC00060A3102100B704E93131046D34AED
:109250007B03080A102A534A7B031C2A1002170BAF
:109260003102100B9000034A1002020A1002044A55
:109270001002050B452A8A52C507B3722502050B59
:109280001002050B452C8213A518C24AA564C24AD8
:109290001002050BC5348613A508C64A2901100B18
:1092A000A558C64AA5001B0BA500100BD0498E136C
:1092B000101ECE4ADB00052A100E4E4ADC00050ABD
:1092C00010020F0BCF4F9E13EF45DE4A7B03070AB8
:1092D000EF295E4A7B031C2AEF01180B10020F0BCB
:1092E0006F00024AEF01090AEF01034AEF01040B84
:1092F000A4CD98522406B5720402040BEF01040BAE
:10930000242D89138418C94A8464C94AEF01040BC7
:10931000A43485138408C54A08010F0B8458C54A34
:1093200084001B0B84000F0BAF498D13EF1DCD4A3A
:10933000BB00042AEF0D4D4ABC00040AEF010E0BDE
:109340002E4E9113CE45D14A7B03060ACE29514AAF
:109350007B031C2ACE011A0BEF010E0B4E00094AAB
:10936000CE01080ACE01024ACE01030B03F9845252
:109370006300B672E301030BCE01030B032D8813C8
:109380006318C84A6364C84ACE01030B833484134C
:109390006308C44AE7000E0B6358C44A63001B0B02
:1093A00063000E0B6E498B13CE1DCB4A9B00032A24
:1093B000CE0D4B4A9C00030ACE010D0B0D4E9013AF
:1093C000AD45D04A7B03050AAD29504A7B031C2AD0
:1093D000AD01190BCE010D0B2D01084AAD01070A95
:1093E000AD01094AAD01020BE2F88F5222EBB772D0
:1093F000C201020BAD01020BE22C87134218C74ACF
:109400004264C74AAD01020B623483134208C34A67
:10941000C6000D0B4258C34A42001B0B5B498A131E
:109420007B1FCA4A42000D0B7B0F4A4AED4D8F133A
:109430007B030B0BAD45CF4A0B01074AAD294F4AC1
:109440006B01060AAD01140B6B01084AAD011B0B41
:109450006B01090B697E815209DCB872A901090B05
:109460006B01090BC92C86132919C64A7B00022AF5
:109470002965C64A7C00020A6B01090B4934821334
:109480002909C24A7B03040A7B031C2A2959C24AC0
:1094900029011B0BA5000B0B29010B0B8B498C130E
:1094A0006B1DCC4A5B00092A6B0D4C4A5C00090A13
:1094B0006B010A0BCA4D8E134A45CE4A7B03030A41
:1094C0004A294E4A7B031C2A4A01130B6B010A0BE3
:1094D000EA00064A4A01050A4A01074A4A01080BFE
:1094E000E8289252E8B4BA726801080B4A01080BE6
:1094F000A82C85130819C54A0865C54A4A01080BF6
:10950000283589130809C94A84000A0B0859C94A31
:1095100008011B0B08010A0BCA4A96134A1DD64ABA
:109520003B01082A4A0D564A3C01080A4A010C0B25
:10953000AC4D8D138C45CD4A7B03020A8C294D4AD4
:109540007B031C2A8C011E0B4A010C0BCC00054A24
:109550008C01040A8C01064A8C01070B276A8C5285
:1095600047D9A0724701070B8C01070B872C841386
:10957000E718C44AE764C44A8C01070B073588130F
:10958000E708C84A63000C0BE758C84AE7001B0B02
:10959000E7000C0BAC4A95138C1DD54A1B01072A1A
:1095A0008C0D554A1C01070A8C01160B764D8B1346
:1095B000D646CB4A7B03090AD62A4B4A7B031C2A90
:1095C000D602110B8C01160BB600044AD602030A10
:1095D000D602054AD602060BE62C85522685A272D3
:1095E0008601060BD602060B662C8313C618C34AE7
:1095F000C664C34AD602060BE6348713C608C74AB8
:109600004200160BC658C74AC6001B0BC600160BF5
:10961000F64A9713D61ED74AFB00062AD60E574A9B
:10962000FC00060AD602150B554D8A13B546CA4AE8
:109630007B03080AB52A4A4A7B031C2AB502100B91
:10964000D602150B9500034AB502020AB502044A78
:10965000B502050BA5508152E5F6A472C502050BB3
:10966000B502050B452C8213A518C24AA564C24A4F
:10967000B502050BC5348613A508C64A2901150B8A
:10968000A558C64AA5001B0BA500150B154B981332
:10969000B51ED84ADB00052AB50E584ADC00050A7B
:1096A000B502170B974D8C13F746CC4A7B03070A7C
:1096B000F72A4C4A7B031C2AF7020F0BB502170B43
:1096C0007700024AF702090AF702034AF702040B7D
:1096D0000427845264C3A572A402040BF702040B8E
:1096E000242D89138418C94A8464C94AF702040BDB
:1096F000A43485138408C54A0801170B8458C54A49
:1097000084001B0B8400170B574B9A13F71EDA4A81
:10971000BB00042AF70E5A4ABC00040AF702180BD1
:10972000D84E96131847D64A7B03060A182B564A7A
:109730007B031C2A18030E0BF702180B5800094A6A
:109740001803080A1803024A1803030B83BF8D523B
:1097500083A5A972E302030B1803030B032D8813DF
:109760006318C84A6364C84A1803030B833484131C
:109770006308C44AE700180B6358C44A63001B0B14
:109780006300180B384B9913181FD94A9B00032A02
:10979000180F594A9C00030A18031A0BBA4E951366
:1097A0005A47D54A7B03050A5A2B554A7B031C2A84
:1097B0005A030D0B18031A0B3A01084A5A03070AF9
:1097C0005A03094A5A03020B62A281520267AA7223
:1097D0000203020B5A03020BE22C87134218C74AFA
:1097E0004264C74A5A03020B623483134208C34AD5
:1097F000C6001A0B4258C34A42001B0B42001A0B08
:109800009A4A94135A1FD44A7B00022A5A0F544A88
:109810007C00020A5A03190BF94E97133947D74AAD
:109820007B03040A392B574A7B031C2A39030B0B91
:109830005A03190B1901074A3903060A3903084A62
:109840003903090B896A8E5249A1AC724903090B8D
:109850003903090BC92C86132919C64A2965C64A3A
:109860003903090B493482132909C24AA500190B8F
:109870002959C24A29011B0B2901190B794A931353
:10988000391FD34A5B00092A390F534A5C00090A81
:109890003903140B144F98139446D84A7B03030AD8
:1098A000942A584A7B031C2A94020A0B3903140B8E
:1098B000F400064A9402050A9402074A9402080B2F
:1098C0006857815248CDAE722803080B9402080BEA
:1098D000A82C85130819C54A0865C54A9402080BC7
:1098E000283589130809C94A8400140B0859C94A44
:1098F00008011B0B0801140BD44B9E13941EDE4A67
:109900003B01082A940E5E4A3C01080A9402130B9C
:10991000534F9A137346DA4A7B03020A732A5A4A50
:109920007B031C2A73020C0B9402130BD300054A11
:109930007302040A7302064A7302070BC725995281
:109940004738B0728702070B7302070B872C84130A
:10995000E718C44AE764C44A7302070B0735881343
:10996000E708C84A6300130BE758C84AE7001B0B17
:109970003B4F9913E700130B334A9113731ED14ADF
:109980007B47D94A730E514A7B2B594A73021E0BEF
:10999000BE00044ADE03030A7B03160BDE03054AFE
:1099A00073021B0BDE03060BA6908552464EB27265
:1099B0006602060BDE03060B662C8313C618C34A29
:1099C0001B01072AC664C34A1C01070ADE03060BF3
:1099D000E6348713C608C74A7B03090A7B031C2A9F
:1099E000C658C74AC6001B0B42001E0BC6001E0B02
:1099F0001E4A9013DE1FD04AFB00062ADE0F504A93
:109A0000FC00060ADE03110B914E94133146D44A32
:109A10007B03080A312A544A7B031C2A3102150BA6
:109A2000DE03110B9100034A3102020A3102044A9B
:109A30003102050B25149D52E557B472C503050B81
:109A40003102050B452C8213A518C24AA564C24AEF
:109A50003102050BC5348613A508C64A2901110B2E
:109A6000A558C64AA5001B0BFB498F137B1FCF4A85
:109A7000A500110B7B0F4F4A714E93137B03100B04
:109A80003146D34A7000024A312A534A1002090A69
:109A90003102170B1002034A31021B0B1002040B98
:109AA00064C98C524403B5722402040B1002040BE7
:109AB000242D89138418C94ADB00052A8464C94A05
:109AC000DC00050A1002040BA43485138408C54A7F
:109AD0007B03070A7B031C2A8458C54A84001B0B9E
:109AE0000801100B8400100BD0498E13101ECE4AB3
:109AF000BB00042A100E4E4ABC00040A10020F0BD1
:109B0000CF4F9E13EF45DE4A7B03060AEF295E4ADC
:109B10007B031C2AEF01180B10020F0B4F00094AA0
:109B2000EF01080AEF01024AEF01030B036E9152A5
:109B30006349B8720302030BEF01030B032D881373
:109B40006318C84A6364C84AEF01030B8334841363
:109B50006308C44AE7000F0B6358C44A63001B0B39
:109B600063000F0BAF498D13EF1DCD4A9B00032AF5
:109B7000EF0D4D4A9C00030AEF010E0B2E4E911380
:109B8000CE45D14A7B03050ACE29514A7B031C2AC4
:109B9000CE011A0BEF010E0B2E01084ACE01070A67
:109BA000CE01094ACE01020B62348A5282EDB872AC
:109BB000E201020BCE01020BE22C87134218C74AC6
:109BC0004264C74ACE01020B623483134208C34A7F
:109BD000C6000E0B4258C34A42001B0B42000E0B3C
:109BE0006E498B13CE1DCB4A7B00022ACE0D4B4A09
:109BF0007C00020ACE010D0B0D4E9013AD45D04AEC
:109C00007B03040AAD29504A7B031C2AAD01190BC2
:109C1000CE010D0B0D01074AAD01060AAD01084A40
:109C2000AD01090B29039D524932BA72C901090BD2
:109C3000AD01090BC92C86132919C64A2965C64AE4
:109C4000AD01090B493482132909C24AA5000D0B45
:109C50002959C24A29011B0B29010D0B4D498A13B1
:109C6000AD1DCA4A5B00092AAD0D4A4A5C00090ACB
:109C7000AD010B0BEB4D8F136B45CF4A7B03030AF2
:109C80006B294F4A7B031C2A6B01140BAD010B0B94
:109C9000EB00064A6B01050A6B01074A6B01080BD2
:109CA00088C4805228D3BA72A801080B6B01080B34
:109CB000A82C85130819C54A0865C54A6B01080B0D
:109CC000283589130809C94A84000B0B0859C94A69
:109CD00008011B0B08010B0B8B498C136B1DCC4A25
:109CE0003B01082A6B0D4C4A3C01080A6B010A0B28
:109CF000CA4D8E134A45CE4A7B03020A4A294E4A70
:109D00007B031C2A4A01130B6B010A0BCA00054A8C
:109D10004A01040A4A01064A4A01070BA7B08652C3
:109D2000C781BE726701070B4A01070B872C84139A
:109D3000E718C44AE764C44A4A01070B0735881389
:109D4000E708C84A63000A0BE758C84AE7001B0B3C
:109D5000E7000A0BCA4A96134A1DD64A1B01072A76
:109D60004A0D564A1C01070A4A010C0BAC4D8D13D3
:109D70008C45CD4A7B03090A8C294D4A7B031C2A5A
:109D80008C011E0B4A010C0BAC00044A8C01030A27
:109D90008C01054A8C01060B060E9452460DA272E8
:109DA0004601060B8C01060B662C8313C618C34AAA
:109DB000C664C34A8C01060BE6348713C608C74A3B
:109DC00042000C0BC658C74AC6001B0BC6000C0B42
:109DD000AC4A95138C1DD54AFB00062A8C0D554ABA
:109DE000FC00060A8C01160B764D8B13D646CB4A27
:109DF0007B03080AD62A4B4A7B031C2AD602110B86
:109E00008C01160B9600034AD602020AD602044AB7
:109E1000D602050BC52298528534A3728501050B25
:109E2000D602050B452C8213A518C24AA564C24A66
:109E3000D602050BC5348613A508C64A2901160BA0
:109E4000A558C64AA5001B0BA500160BF64A97138A
:109E5000D61ED74ADB00052AD60E574ADC00050A73
:109E6000D602150B554D8A13B546CA4A7B03070A1D
:109E7000B52A4A4A7B031C2AB502100BD602150BE1
:109E80007500024AB502090AB502034AB502040B7D
:109E900004818D52E4C6A372C402040BB502040B04
:109EA000242D89138418C94A8464C94AB502040B55
:109EB000A43485138408C54A0801150B8458C54A83
:109EC00084001B0B8400150B154B9813B51ED84A44
:109ED000BB00042AB50E584ABC00040AB502170B91
:109EE000974D8C13F746CC4A7B03060AF72A4C4A57
:109EF0007B031C2AF7020F0BB502170B5700094A08
:109F0000F702080AF702024AF702030B83E98E52AE
:109F100003E9A472A302030BF702030B032D8813BA
:109F20006318C84A6364C84AF702030B8334841376
:109F30006308C44AE700170B6358C44A63001B0B4D
:109F40006300170B574B9A13F71EDA4A9B00032A3C
:109F5000F70E5A4A9C00030AF702180BD84E9613C4
:109F60001847D64A7B03050A182B564A7B031C2A3E
:109F700018030E0BF702180B3801084A1803070ADA
:109F80001803094A1803020BA29697520296A6726A
:109F9000E202020B1803020BE22C87134218C74A95
:109FA0004264C74A1803020B623483134208C34A4F
:109FB000C600180B4258C34A42001B0B4200180B44
:109FC000384B9913181FD94A7B00022A180F594A97
:109FD0007C00020A18031A0BBA4E95135A47D54A49
:109FE0007B03040A5A2B554A7B031C2A5A030D0B88
:109FF00018031A0B1A01074A5A03060A5A03084A99
:10A000005A03090B699681528923A7720903090B28
:10A010005A03090BC92C86132919C64A2965C64A51
:10A020005A03090BA9001A0B45348213A508C24A2A
:10A03000A558C24AA5001B0BA5001A0B9A4A9413F7
:10A040005A1FD44A5B00052A5A0F544A5C00050A7D
:10A050005903190BFA4E97135A47D74A7B03030A41
:10A060005A2B574A7B031C2A5A030B0B39031A0B32
:10A07000FA00064A5A03090A5A03074A5A03080B08
:10A080004849955208DBA9722803080B5A03080BAC
:10A09000282D89130819C94A0865C94A5A03080BAB
:10A0A00088001A0BA43485138408C54A8458C54A0D
:10A0B00084001B0B1B4F981384001A0B7A4A9313CE
:10A0C0005A1FD34A7B47D84A5A0F534A7B2B584AC8
:10A0D0007B030A0B5A03140B74031A0BDA00094AA8
:10A0E0005A03080ABB00042A5A03064ABC00040AA1
:10A0F0004703070BFA4999529A73AB729A021A0BEB
:10A10000E7001A0B1A2D88135A1BC84A7B03020A50
:10A110005A67C84A7B031C2AE7001A0B7A00070B10
:10A12000833484136308C44A6358C44A63001B0B16
:10A130006300070BC74B9E13E71CDE4A9B00032AF4
:10A14000E70C5E4A9C00030AE700130B334F991398
:10A150007346D94A7B03050A732A594A7B031C2A92
:10A1600073020C0BE700130B3301084A73021A0A3F
:10A170007302094A7302060B66FE8D52C605AD7264
:10A18000E600060B7302060B462F9A13C618DA4A2E
:10A19000C664DA4A7302060B4600130B623483135B
:10A1A0004208C34A4258C34A42001B0B9B4E9413B9
:10A1B0007B47D44A4200130B7B2B544A334A9113FA
:10A1C0007B03160B731ED14A16011A4A730E514AAD
:10A1D000D602060A73021E0BD602084A73021B0B34
:10A1E000D602090BC95D9052E991AE726902090B62
:10A1F000D602090BC92C86132919C64A7B00022AEC
:10A200002965C64A7C00020AD602090B493482132A
:10A210002909C24A7B03040A2959C24A7B031C2A22
:10A2200029011B0BA500160B2901160B164A9013CA
:10A23000D61ED04A5B00090AD60E504AD102110B35
:10A24000F64C8713D646C74AD62A474AD602150B7C
:10A250005503064AB502050A3102160BB5021A4A21
:10A260005600092AB502080BE86D8C52A814AF728B
:10A270002802080BB502080BA82C85130819C54A3B
:10A28000D602030A0865C54AD6021B2AB502080B86
:10A29000283589130809C94A8400150B0859C94A89
:10A2A0000801160BD600054A0801150BF5498F1356
:10A2B000B51ECF4AD602040AB50E4F4AD602064A48
:10A2C000B502100B704E93131046D34AD6021A0BE8
:10A2D000102A534A3A01080A1002170B3701082ABC
:10A2E000B502100B90028F521099B072B002100B91
:10A2F000D602100B902C8413101AC44AF702020ADB
:10A300001066C44AF7021A2AD602100B10358813B9
:10A31000100AC84A6300160B105AC84A1002170BDD
:10A320001002160BD6498E13D61ECE4A1701100AFC
:10A33000D60E4E4ACF020F0B364E9113D646D14A57
:10A34000D12A514A1601102A3102180BD602090AE5
:10A35000EF01110BB100044A3102030AD602172A99
:10A360003102054A3102060B06418052E698B1726D
:10A37000E601060B3102060B662C8313C618C34A8E
:10A38000C664C34A3102060B06369013C608D04A8B
:10A390004200110BC658D04AC600160BC600110B5E
:10A3A000B1498D13311ECD4A1602060A310E4D4AAF
:10A3B0002E020E0BB14E95133146D54A352A554A19
:10A3C0009100034A3102020AB502190B3102044A14
:10A3D000CE01150B3102050B45FF9F52C517B27216
:10A3E000C501050B3102050B452C8213A518C24A85
:10A3F0001502062AA564C24AB502080A3102050BF5
:10A40000C5348613A508C64AB502162AA558C64AF9
:10A410002901110BA500150BA500110B71498B1318
:10A42000311ECB4A310E4B4A2D020D0BF14D8F13CD
:10A430003146CF4A2F2A4F4AD100052AEF01140B8B
:10A440003102100AAD010F0B6F00024AEF01090A39
:10A45000D400050AEF01034A3102142AEF01040B6C
:10A46000649D8D52048AB472A401040BEF01040BA5
:10A47000242D89138418C94A8464C94AEF01040B46
:10A48000A43485138408C54A08010F0B8458C54AB3
:10A490008400110B84000F0B4F498A13EF1DCA4A29
:10A4A000EF0D4A4AE701070BEF7E94522FDFB77298
:10A4B0006B010F0BEB000B0BC74D8E13E744CE4A1D
:10A4C000EE284E4A4700094ACE01030B032D88139C
:10A4D0006318C84AE700080AE700024A6364C84AEA
:10A4E0006300070B6E010E0BCE01030BA700042ABD
:10A4F000E700060A833484136308C44AAB00040AE5
:10A50000E7000B2A6358C44A6300070B87498C1382
:10A51000E71CCC4A10020E0BEC0C4C4A471E8F5223
:10A5200027CEB8724A01070B8C01130BA74D8D1370
:10A53000E744CD4A63000E0BED284D4A2701084A37
:10A54000AD01020B022E90134218D04AE700100A08
:10A550008A010A0BE700094A4264D04A4D010D0BFB
:10A560004200070B67348313AD01020B8200032AFC
:10A57000E708C34A4200050A8A00030AE758C34AAB
:10A5800042000A2AE200020B070840B9E7000D0B5F
:10A590004200070B020800B9020C40B94200030B4D
:10A5A000020C00B9021040B94200040B021000B9BD
:10A5B000021440B94200050B021400B9021840B958
:10A5C0004200060B42000D0B021800B9021C40B9F4
:10A5D0004200100B021C00B9022040B94200080BD7
:10A5E000022000B9022440B94200090B022400B93C
:10A5F000E26F40B942040051E26F00B95F040031DC
:10A600008103FF54F35341A9F55B42A9F76343A9C2
:10A61000F96B44A9FB7345A9FD7BC7A8C0035FD6AE
:10A62000C0035FD6FD7BBCA9FD030091F35301A9D4
:10A63000F40300AAF303022AF55B02A9F60301AAB8
:10A64000F76303A917088052000040B915140012DF
:10A650000000022B800200B9F702154B8300005462
:10A66000800640B900040011800600B9BF020071E5
:10A67000E212537AE8010054E10316AA7302015171
:10A68000D602178B98A20091E003152AB302130B90
:10A6900015008052E20317AA0003008BD60900942C
:10A6A000E10318AAE00314AA22008052E7F7FF97FB
:10A6B000627E0653E10316AAE00314AAE3F7FF97AC
:10A6C000621600728001005473667A9294A200911F
:10A6D000E003152AC102138BF55B42A98002008BAF
:10A6E000F35341A942144092F76343A9FD7BC4A8E8
:10A6F000C1090014F35341A9F55B42A9F76343A9CB
:10A70000FD7BC4A8C0035FD642000034C6FFFF171C
:10A71000C0035FD6FD7BBDA903078052FD030091F6
:10A72000F35301A9F40301AAF30300AA0108402985
:10A73000427481134208C05AE22B00B922701D53A3
:10A74000211400126300014B3FDC00714208C05A23
:10A75000E22F00B9020F80524200014B4280831A5F
:10A76000010100B021000E91E8FFFF97E1A30091E5
:10A77000E00313AA02018052ABFFFF97602E40391D
:10A78000800200396016407980060039600A40B9BD
:10A79000007C0853800A0039600A40B9800E0039F5
:10A7A000603E403980120039601E407980160039C1
:10A7B000600E40B9007C0853801A0039600E40B921
:10A7C000801E0039604E4039802200396026407971
:10A7D00080260039601240B9007C0853802A003975
:10A7E000601240B9802E0039605E403980320039F5
:10A7F000602E407980360039601640B9007C0853DD
:10A80000803A0039601640B9803E0039606E4039A8
:10A81000804200396036407980460039601A40B97C
:10A82000007C0853804A0039601A40B9804E0039D4
:10A83000607E403980520039603E40798056003950
:10A84000601E40B9007C0853805A0039601E40B930
:10A85000805E0039608E4039806200396046407900
:10A8600080660039602240B9007C0853806A003954
:10A87000602240B9806E0039609E40398072003994
:10A88000604E407980760039602640B9007C0853DC
:10A89000807A0039602640B9807E0039F35341A99F
:10A8A000FD7BC3A8C0035FD6010040B900BA815246
:10A8B000C0BFBD723F00006B0001801200109F1AE4
:10A8C000C0035FD6E100F8372200022BA20000543B
:10A8D000032440B96308C05A5F00036B6900005449
:10A8E000000080D205000014020840B94208C05A96
:10A8F00041C0218B0000018BC0035FD6FD7BBFA947
:10A90000E60302AAE2008012FD030091C20000B932
:10A91000E503012A24100011E80300AA82008052F6
:10A92000E9FFFF97010040B940018012C00000B963
:10A930000060A0522708C05A3F00006BC0030054BB
:10A94000FF0C0071680100540020A0523F00006B12
:10A95000A00100540040A0523F00006B4002005490
:10A9600027018052E003072AFD7BC1A8C0035FD600
:10A970000080A0523F00006B600100540020A152F3
:10A98000F6FFFF17E103042A22008052E00308AA21
:10A990008400020BCCFFFF97600000B40000403938
:10A9A00020FFFF35840C001184741E12C40000B90E
:10A9B000EDFFFF17E103042AE00308AA820080529A
:10A9C000C1FFFF97040040B9A53000118408C05AA8
:10A9D000A400040BF4FFFF17FD7BBEA9FD0300914B
:10A9E000E11F00B98100F83660008012FD7BC2A82B
:10A9F000C0035FD6E203012A5F0440F261FFFF5407
:10AA0000E2730091BEFFFF971F040071E1FEFF5447
:10AA1000E01F40B9F6FFFF17FD7BBEA9FD030091C3
:10AA2000E11F00B98100F83660008012FD7BC2A8EA
:10AA3000C0035FD6E203012A5F0440F261FFFF54C6
:10AA4000E2730091AEFFFF971F0C0071E1FEFF540F
:10AA5000E01F40B9F6FFFF17FD7BBEA9EB0300AA7C
:10AA6000EA0302AAFD030091FF1F00B9A100F83715
:10AA7000DAFFFF97E01F00B9E903002A0002F83768
:10AA8000E91F40B9E2730091E0030BAAE103092A30
:10AA90009BFFFF971F080071800100541F24007165
:10AAA000200200541F040071C1FEFF548A0000B44C
:10AAB000400140B900040011400100B9E003092A37
:10AAC000FD7BC2A8C0035FD6CAFDFFB4410140B9F7
:10AAD00021040051410100B941FDFF36E91F40B991
:10AAE000F7FFFF17E91F40B9C900F8363F210031D1
:10AAF00061FEFF545F0100F129119F5AF0FFFF171B
:10AB000009008012EEFFFF17FD7BBEA9FD03009137
:10AB1000E2730091FF1F00B9D0FFFF97C000F83724
:10AB2000E11F40B93F04007100009F5AFD7BC2A89D
:10AB3000C0035FD600008012FDFFFF17FD7BBEA99A
:10AB4000EC0300AA20008052FD030091E01F00B931
:10AB5000E2730091E0030CAAC0FFFF97E103002A13
:10AB60002001F837E01F40B91F000071CD000054EC
:10AB70001F040071E1FEFF54E003012AFD7BC2A81F
:10AB8000C0035FD601008012FCFFFF17FD7BBDA94B
:10AB9000FD030091F35301A9F30300AA347C409311
:10ABA000E00302AAF55B02A9F50302AA4508009496
:10ABB0000004001194C220CB167C40937402148BC5
:10ABC0007F0214EBE9000054130080D2F55B42A928
:10ABD000E00313AAF35341A9FD7BC3A8C0035FD6CA
:10ABE000E20316AAE10315AAE00313AAB50800942C
:10ABF000E0FEFF3473060091F2FFFF17021040B928
:10AC00004208C05A41D0218B0000018BC0035FD69F
:10AC1000030840B96308C05A61C0218B0000018B52
:10AC2000820000B4010440B92108C05A410000B9B3
:10AC3000C0035FD6FD7BBDA9FD030091F35301A9BD
:10AC4000F40300AAF303012AE2B30091E103132AFB
:10AC5000E00314AA2AFFFF971F0C0071E0000054C4
:10AC6000F32F40B91F240071010100547F020071CD
:10AC70004001801273B2801AE003132AF35341A9F2
:10AC8000FD7BC3A8C0035FD61F100071E0FDFF5419
:10AC900013008012F9FFFF17FD7BBEA9FD03009191
:10ACA000F35301A9F40302AA020C40B94208C05AA6
:10ACB00041C0218B1300018B940000B4E00313AA60
:10ACC00000080094800200B9E00313AAF35341A9DD
:10ACD000FD7BC2A8C0035FD6020080D2EFFFFF1742
:10ACE000FD7BBFA9E40302AAFD030091C4FFFF9707
:10ACF000010040F9FD7BC1A8210CC0DA810000F9F8
:10AD0000000440F9000CC0DA600000F90000805235
:10AD1000C0035FD6E40300AAFD7BBFA903008052F5
:10AD2000FD030091E103032AE00304AAB4FFFF97A7
:10AD3000A00000B5E3008012E003032AFD7BC1A858
:10AD4000C0035FD6000440F980FFFFB46304001124
:10AD5000F5FFFF17FD7BBEA9FD030091F35301A989
:10AD6000F40302AA020840B94208C05A41C0218B2C
:10AD70000000018B13100091940000B4E00313AAAB
:10AD8000D0070094800200B9E00313AAF35341A94D
:10AD9000FD7BC2A8C0035FD6FD7BBBA9FD0300916C
:10ADA000F35301A9F303012A747C4093F55B02A9D4
:10ADB000F60300AAF71B00F9F70302AAFF4B00B93C
:10ADC000E04B40B90100132A2101F8361F00007141
:10ADD00073A29F5AF55B42A9E003132AF35341A9DA
:10ADE000F71B40F9FD7BC5A8C0035FD61F040071A7
:10ADF000A1020054E2330191E103132AE00316AAF1
:10AE0000D5FFFF97F50300AAE00100B4E20314AAFE
:10AE1000E10317AA2B08009460010035A06A74387A
:10AE2000A0FDFF34E20314AAE00317AA0108805230
:10AE300030080094800000B5A06A74381F000171CA
:10AE4000A0FCFF54E103132AE2230191E00316AAB8
:10AE500002FFFF97F303002ADAFFFF17FD7BBDA96E
:10AE6000FD030091F35301A9F40300AAF30302AA1E
:10AE7000E00302AAF51300F9F503012A91070094F3
:10AE8000E20313AAE303002AE103152AE00314AA4C
:10AE9000F35341A9F51340F9FD7BC3A8BFFFFF178A
:10AEA000FD7BBEA9FD030091F30B00F9F30300AA9B
:10AEB000CAFEFF97C000F837E103002AE00313AA97
:10AEC000F30B40F9FD7BC2A85BFFFF17F30B40F9C2
:10AED000FD7BC2A8C0035FD6FD7BBEA9FD03009128
:10AEE000F30B00F9F30300AACCFEFF97C000F8377C
:10AEF000E103002AE00313AAF30B40F9FD7BC2A88B
:10AF00004DFFFF17F30B40F9FD7BC2A8C0035FD6CE
:10AF1000FD7BBAA9FD030091F96B04A97A7C4093EB
:10AF2000F90302AAF35301A9F55B02A9F60300AAEB
:10AF3000F50304AAF76303A9F7031AAAF80305AAFD
:10AF4000D8FFFF97F303002A8000F836550400B5B8
:10AF5000140080D219000014E20315AAE103132A99
:10AF6000E00316AA2BFFFF97F40300AAE2730191F6
:10AF7000E00316AA810A40B92108C05A47FFFF978B
:10AF8000800000B4E15F40B9FF02016BA0000054F3
:10AF9000E103132AE00316AAD0FFFF97EAFFFF1789
:10AFA000E2031AAAE10319AAC607009420FFFF359D
:10AFB000580000B4130300B9F55B42A9E00314AADA
:10AFC000F35341A9F76343A9F96B44A9FD7BC6A8D4
:10AFD000C0035FD6A00200B9DEFFFF170DFFFF1709
:10AFE000050080D2CBFFFF17FD7BBDA9FD030091BB
:10AFF000F35301A9F40300AAF30302AAE00302AA8F
:10B00000F55B02A9F60303AAF503012A2D070094B4
:10B01000E40316AAE303002AE20313AAE103152AB4
:10B02000F55B42A9E00314AAF35341A9FD7BC3A831
:10B03000ECFFFF17FD7BBEA9FD030091E5730091B6
:10B04000B4FFFF97400000B400300091FD7BC2A820
:10B05000C0035FD6FD7BBEA9E40300AAFD030091F7
:10B06000F35301A9F40302AAE20303AAE9FEFF973E
:10B07000F30300AA000100B4D40000B4610A40B98F
:10B08000E00304AA2108C05A14FFFF97800200F9C8
:10B0900073320091E00313AAF35341A9FD7BC2A8C8
:10B0A000C0035FD6FD7BBDA9FD030091F35301A949
:10B0B000F40300AAF30302AAE00302AAF55B02A9C3
:10B0C000F60303AAF503012AFE060094E40316AA78
:10B0D000E303002AE20313AAE103152AF55B42A960
:10B0E000E00314AAF35341A9FD7BC3A8D2FFFF17C5
:10B0F000FD7BBDA9E20000B042640691FD03009112
:10B10000E3B30091F35301A9F30300AAF403012A66
:10B11000E5FFFF97800000B4E12F40B93F100071B8
:10B1200060010054E20000B0E3B30091424C06918C
:10B13000E103142AE00313AADBFFFF97200100B408
:10B14000E12F40B93F100071C1000054000040B928
:10B150000008C05AF35341A9FD7BC3A8C0035FD6C2
:10B1600000008052FCFFFF17FD7BBDA9FD0300918D
:10B17000F35301A9F40301AAF30300AAE10000B00C
:10B1800021840691F51300F9F503022A4C0000947E
:10B190004001F837E103002AE303152AF51340F9CB
:10B1A000E20314AAE00313AA040080D2F35341A9D6
:10B1B000FD7BC3A8A0FFFF17F35341A9000080D275
:10B1C000F51340F9FD7BC3A8C0035FD6FD7BBCA986
:10B1D000427C4093FD030091F35301A9F30301AABC
:10B1E000F55B02A935C0228BF71B00F9F70300AA13
:10B1F000200040391FBC0071A0050054E1058052B9
:10B20000E00313AA3B0700941F0000F11610959A63
:10B21000E10313AAC202134BE00317AAD3FFFF975F
:10B22000E10300AA800400B4E00317AAF30316AAFE
:10B2300023000094F403002A7F0215EBC20200549D
:10B24000F60313AAC00240391FBC0071E00100548C
:10B25000A20216CBE1058052E00316AA250700944E
:10B260001F0000F1E103142A1310959AE20316AAB5
:10B270006302164BE00317AAC8FEFF97F403002AE7
:10B28000C0FDFF3604000014D6060091BF0216EB85
:10B29000A1FDFF54F55B42A9E003142AF35341A931
:10B2A000F71B40F9FD7BC4A8C0035FD61400805291
:10B2B000E2FFFF1794008012F7FFFF17FD7BBEA986
:10B2C000FD030091F35301A9F40300AAF30301AABB
:10B2D000E00301AA7B060094E10313AAE203002A1B
:10B2E000E00314AAF35341A9FD7BC2A8B8FFFF17DE
:10B2F0002201F83600008012C0035FD600008012E1
:10B30000F35341A9F55B42A9F71B40F9FD7BC5A8A2
:10B31000C0035FD6FD7BBBA9FD030091F35301A9D8
:10B32000F403012AF303022AF55B02A9F50303AA39
:10B3300096018012F71B00F9F70300AA0000805263
:10B34000FF4F00B91F00007100A0547AACFDFF54FC
:10B35000E14F40B93F00136BD612801A1F00146BE7
:10B36000E1000054550000B4A10200B93F00136B86
:10B370006BFCFF54E003162AE2FFFF17E103002AEB
:10B38000E2330191E00317AAB4FDFF97EEFFFF1728
:10B39000FD7BBEA902008052FD030091E373009182
:10B3A000D4FFFF9740000035E01F40B9FD7BC2A8E5
:10B3B000C0035FD6FD7BBEA9FD030091F35301A935
:10B3C000F30300AAF403012AF2FFFF970001F83704
:10B3D00002040051E103142AE00313AA030080D2FF
:10B3E000F35341A9FD7BC2A8C2FFFF17F35341A944
:10B3F000FD7BC2A8C0035FD6FD7BBBA9FD03009106
:10B40000F76303A9987C4093F70303AAF35301A9B8
:10B41000F40300AAF55B02A9F50318AAF60302AA31
:10B42000020080D28DFDFF97F303002AE000F8367A
:10B43000F55B42A9E003132AF35341A9F76343A93B
:10B44000FD7BC5A8C0035FD6E3330191E20316AAD2
:10B45000E103132AE00314AA13FFFF97A00000B52D
:10B46000E103132AE00314AA020080D2EEFFFF17C3
:10B47000E14F40B93F00156B41FFFF54E20318AAAA
:10B48000E10317AA8F060094C0FEFF35E9FFFF17FE
:10B49000FD7BBDA9FD030091F35301A9F51300F94C
:10B4A000F503012A210400513F0C0031A802005489
:10B4B000F40300AA020080D20100801267FDFF970A
:10B4C000F303002AC000F836F51340F9E003132A0D
:10B4D000F35341A9FD7BC3A8C0035FD6E103132A40
:10B4E000E00314AA03FFFF971F00156BE0FEFF5453
:10B4F000E103132AE00314AA020080D2F0FFFF1731
:10B50000B3008012F1FFFF17FD7BBCA9FD03009182
:10B51000F35301A9F303012AF55B02A9F50300AA7D
:10B52000E00302AAF71B00F9F70302AAE50500945D
:10B5300014040011F603002A947E40937F02166BD8
:10B540006B010054E20314AAE10315AAE00317AA51
:10B550005C06009420020034627E4093E00315AA4A
:10B560000100805263060094E00000B500008052A4
:10B57000F35341A9F55B42A9F71B40F9FD7BC4A831
:10B58000C0035FD6010015CB730600517302014B57
:10B5900015040091EAFFFF1720008052F5FFFF1706
:10B5A000FD7BBBA9FD030091F35301A9F55B02A943
:10B5B000F60303AAE3330191F76303A9BAFEFF97E9
:10B5C000000100B5F44F40B9F55B42A9E003142A2D
:10B5D000F35341A9F76343A9FD7BC5A8C0035FD618
:10B5E000F30300AAE00316AAB6050094F54F80B94C
:10B5F00017040011140080527502158B7F0215EBA1
:10B600006300005414008012F0FFFF17A10213CB57
:10B61000E00313AAC205009400040011E04F00B932
:10B6200078C2208B027C40931F0315EB6801005405
:10B630001F00176B8000005494060011F30318AA32
:10B64000EFFFFF17E10316AAE00313AA1D060094FB
:10B6500040FFFF35DDFFFF17D4018012DBFFFF172E
:10B66000FD7BBCA9FD030091F35301A9F40304AAD7
:10B67000F55B02A9F603032AE3F300918AFEFF9724
:10B68000400100B5740000B4E03F40B9800200B949
:10B69000130080D2F55B42A9E00313AAF35341A93A
:10B6A000FD7BC4A8C0035FD6F53F80B9F30300AAB1
:10B6B0001500158B7F0215EB83000054B4FEFFB418
:10B6C00000008012F2FFFF17A10213CBE00313AAC0
:10B6D0009305009401040011E13F00B961C2218B80
:10B6E0003F0015EB8900005454FDFFB4C0018012E7
:10B6F000E7FFFF1796000035F4FCFFB4800200B9A5
:10B70000E5FFFF17D6060051F30301AAEAFFFF1772
:10B71000FD7BBDA9FD030091E3B30091F30B00F99C
:10B72000F30302AAE20000B042A806915EFEFF9772
:10B73000A00000B5E02F40B9F30B40F9FD7BC3A892
:10B74000C0035FD6E12F40B9E20313AA6FFFFF9752
:10B750001F000071E0179F1AF8FFFF17FD7BBDA9BE
:10B76000FD030091F35301A9F40300AAF51300F9B6
:10B77000F50302AA020080D2B8FCFF97F303002A67
:10B78000C000F836E003132AF35341A9F51340F93A
:10B79000FD7BC3A8C0035FD6E20315AAE103132A09
:10B7A000E00314AADBFFFF971F040031EBFEFF54F8
:10B7B000A0FEFF34E103132AE00314AA020080D2A2
:10B7C000EEFFFF171F0000718C010054C0010054F0
:10B7D000E003004B1F480071AC000054C10000D0D2
:10B7E00021800E9120D860F8C00000B5E00000B0C4
:10B7F0000058079103000014E00000B000D4069147
:10B80000C0035FD6E00000B0002C0791FDFFFF17DA
:10B81000040C40B9E50300AA002040B9E60301AAE0
:10B820008408C05A21C0228B0008C05A8400000B33
:10B83000A4C0248B3F0006EB230300543F0004EB1D
:10B84000E8020054DF0005EBA3020054487C40935B
:10B85000607C4093030008CB8300038B7F0005EBE3
:10B86000E3010054A70440B9E708C05AA500078BBC
:10B870007F0005EB88010054840006CBFD7BBFA947
:10B88000820008CBFD030091C000008B7505009479
:10B8900000008052FD7BC1A8C0035FD6600080120B
:10B8A000C0035FD640008012C0035FD6FD7BBDA9F8
:10B8B000FD030091F35301A9F303032AF40300AA43
:10B8C000636C1C53F51300F9F503022A426C1C53F8
:10B8D000D0FFFF9780010035810A40B97302154BF4
:10B8E0002108C05A2110130B2108C05A810A00B93F
:10B8F000810E40B92108C05A3310130B730AC05A85
:10B90000930E00B9F35341A9F51340F9FD7BC3A889
:10B91000C0035FD6FD7BBDA9FD030091F35301A9D0
:10B92000F40300AAF303032AF51300F9F503022A2E
:10B93000B8FFFF9780010035812640B96302154B9F
:10B940002108C05A6100010B2108C05A812600B9A4
:10B95000810E40B92108C05A6300010B6308C05A28
:10B96000830E00B9F35341A9F51340F9FD7BC3A839
:10B97000C0035FD6FD7BBAA9FD030091F35301A973
:10B98000F40300AAF55B02A9F503032AF60304AA4F
:10B99000F76303A9F96B04A9F90302AAFB7305A9CC
:10B9A0000EFCFF97F703002AE008F837980E40B91D
:10B9B000E00319AAC3040094FA0300AA812240B943
:10B9C000180BC05A9802188BE20319AAE00318AAB0
:10B9D0002108C05A6EFCFF97000300B41300184BF7
:10B9E000D301F837810A40B9A30E001163741E1207
:10B9F000E00314AA2108C05A6330001121C0378B1C
:10BA0000020080528102018BC10200F9C2FFFF9740
:10BA100060040034F303002AF55B42A9E003132A13
:10BA2000F35341A9F76343A9F96B44A9FB7345A9F3
:10BA3000FD7BC6A8C0035FD69C2240B95A070011FF
:10BA4000810E40B9E3031A2A9B0BC05A9C0BC05AC3
:10BA50002108C05AE00314AA21001C8B0200805266
:10BA60008102018B6BFFFF97F303002AA0FBFF35D8
:10BA7000802240B9427F4093E10319AAF3031B2AB5
:10BA80000008C05A4003000B0008C05A802200B9C9
:10BA900000031C8BD8040094D2FFFF17C10240F9A9
:10BAA0000260A052730AC05AB50AC05A220000B9F7
:10BAB000C10240F9330800B9C10240F9350400B9A8
:10BAC000D5FFFF17F303002AD4FFFF17FD7BBCA9A6
:10BAD000FD030091F35301A9F30300AAF40302AAA2
:10BAE000F55B02A9F50301AAF71B00F98AFCFF9791
:10BAF000611240B923008052020080522108C05ACE
:10BB000036D0208BE00313AA7702168BE10317AA25
:10BB100067FFFF97A0000035B50EC0DA756A36F8EA
:10BB2000940EC0DAF40600F9F35341A9F55B42A97B
:10BB3000F71B40F9FD7BC4A8C0035FD6FD7BBDA900
:10BB4000FD030091F35301A9F40300AAF51300F9D2
:10BB5000F503012A131040B9730AC05A73D2218B1E
:10BB60001300138B6CFCFF971F00156B2D01005405
:10BB7000F51340F9E10313AAE00314AA030080526D
:10BB8000F35341A922008052FD7BC3A848FFFF1751
:10BB9000F35341A900008012F51340F9FD7BC3A8BF
:10BBA000C0035FD6FD7BBBA9FD030091F35301A940
:10BBB000F303032AE3130191F55B02A9F50300AA3D
:10BBC000F603012AF76303A9F80302AAF70304AAFC
:10BBD00006FDFF97E02700F9F40300AAE04740B90B
:10BBE000340100B51F04003100030054000200348A
:10BBF000F35341A9F55B42A9F76343A9FD7BC5A8AF
:10BC0000C0035FD6000C0011630E001102741E12F7
:10BC100063741E1281320091E00315AA3EFFFF9764
:10BC200000010035730AC05A930600B9E02740F9B5
:10BC300000300091E00200F900008052EDFFFF1794
:10BC40001F04003161FDFF54E4230191E303132A33
:10BC5000E20318AAE103162AE00315AA46FFFF979C
:10BC6000E3FFFF17FD7BBCA9FD030091F35301A97E
:10BC7000F303042AE4E30091F51300F9F50303AAA2
:10BC8000E303132AC8FFFF97F403002AC00000351E
:10BC9000B3000034E01F40F9627E4093E10315AA2F
:10BCA00055040094F51340F9E003142AF35341A915
:10BCB000FD7BC4A8C0035FD6FD7BBAA9FD0300913C
:10BCC000F35301A9F40300AAF303012AF55B02A9C7
:10BCD000F603032AF76303A9F70302AAF92300F97D
:10BCE0002EFCFF978006F8361F04003181050054B2
:10BCF000E2730191E103132AE00314AA00FBFF970A
:10BD0000F85F40B9E2730191E00314AAE103182A35
:10BD1000FBFAFF97000C00511F04007129FFFF542C
:10BD2000950A40B9D312001173761E12E00314AACB
:10BD3000B50AC05A73220011B5C2388BE303132A27
:10BD40009902158B02008052E10319AAF2FEFF97B7
:10BD500060020035C20600110020A052806A35B88A
:10BD600034130091427C409301008052420C0091B8
:10BD7000E00314AA42F47E9233C3338B040400948C
:10BD8000C27E4093E10317AAE00314AA1A040094A8
:10BD90000040A05260C21FB8E003182AF35341A923
:10BDA000F55B42A9F76343A9F92340F9FD7BC6A8D7
:10BDB000C0035FD620008012F9FFFF17FD7BBDA9ED
:10BDC000FD030091F35301A9F40300AAF30302AAAF
:10BDD000E00302AAF51300F9F503012AB903009460
:10BDE000E20313AAE303002AE103152AE00314AADD
:10BDF000F35341A9F51340F9FD7BC3A8AFFFFF172B
:10BE0000FD7BBEA9FD030091E3730091A6FCFF97A3
:10BE1000E10300AAE01F40B9010100B41F10007146
:10BE200001010054200040B9A10180120008C05A4D
:10BE30001F1000710090811AFD7BC2A8C0035FD65D
:10BE4000A0018012FDFFFF17FD7BBFA9E20000B03B
:10BE500042900C91FD030091EAFFFF97A00000348F
:10BE60001F04003181000054400080520200001481
:10BE7000A0018012FD7BC1A8C0035FD6FD7BBFA9D6
:10BE8000E20000B042CC0C91FD030091DDFFFF9772
:10BE90001F0400314100005420008052FD7BC1A8E6
:10BEA000C0035FD6FD7BBDA9FD030091F30B00F934
:10BEB000F303032AE3B300917BFCFF97C00000B4B7
:10BEC000E12F40B93F0C007169000054130040B9E4
:10BED000730AC05AE003132AF30B40F9FD7BC3A891
:10BEE000C0035FD6FD7BBDA9FD030091F30B00F9F4
:10BEF000F303032AE3B300916BFCFF97C00000B487
:10BF0000E12F40B93F0C007169000054130040B9A3
:10BF1000730AC05AE003132AF30B40F9FD7BC3A850
:10BF2000C0035FD6FD7BBDA9FD030091F35301A9BA
:10BF3000F403032AF30304AAE3B300915AFCFF9726
:10BF4000200100B4E12F40B93F00146B6101801261
:10BF500021B09F1A610200B9F35341A9FD7BC3A828
:10BF6000C0035FD601008012FBFFFF17FD7BBFA956
:10BF7000E20000B0030080D2FD03009142FC0C916E
:10BF800049FCFF97000100B4E10000B021180D91B9
:10BF90002C0300941F000071E0179F1AFD7BC1A8BD
:10BFA000C0035FD620008052FDFFFF17FD7BBAA9BA
:10BFB000FD030091F35301A9F40300AAF303022A3D
:10BFC000E00301AAF55B02A9F76303A9F70301AA3D
:10BFD000F96B04A9F90303AA3A030094E24301911F
:10BFE000E103132A167C4093E00314AA5AFBFF973F
:10BFF000F80300AAE10000B0E00314AA218406912E
:10C00000AFFCFF97E103002AE00314AAA5FBFF970A
:10C01000F303002A1F0000716C00005435008012E9
:10C0200022000014E103132AE3530191E26301911A
:10C03000E00314AA08FCFF97F50300AAE1034A29CC
:10C040001F00016B0B040054BA0240395FBF00713E
:10C05000A103005400040051A0CA60384003003519
:10C06000E02F40F9E20316AAE10317AAFE020094AA
:10C07000A0020035E1031A2AE00315AA1803009470
:10C0800000040091E10318AAEE020094F503002ACF
:10C09000A0010035E02F40F9DD0800941F040031B5
:10C0A00020010054200300B9F35341A9E003152AED
:10C0B000F55B42A9F76343A9F96B44A9FD7BC6A8C8
:10C0C000C0035FD6E103132AE00314AA83FBFF97A2
:10C0D000D0FFFF17FD7BBBA9FD030091F35301A91E
:10C0E000F40300AAE00301AAF55B02A9160080127E
:10C0F000F71B00F9F70301AAF2020094157C4093A4
:10C10000E1000090E00314AA218406916CFCFF97E3
:10C11000E103002AE00314AA62FBFF97F303002A5D
:10C120007F020071EC000054F35341A9E003162A8A
:10C13000F55B42A9F71B40F9FD7BC5A8C0035FD69C
:10C14000E103132AE3130191E2230191E00314AA0E
:10C15000C1FBFF97010040393FBC0071C101005491
:10C16000E14740B92104005100C861384001003561
:10C17000E02740F9E20315AAE10317AABA020094E6
:10C18000A0000035E02740F9A1080094DF02006B11
:10C19000D6A2801AE103132AE00314AA4FFBFF97EB
:10C1A000F303002ADFFFFF17000200B4FD7BBEA9E6
:10C1B000FD030091F35301A9F30300AAF40301AABC
:10C1C000C10000D021E038913DFCFF97E103002A37
:10C1D000E20314AAE00313AAF35341A9030080D297
:10C1E000FD7BC2A8B0FBFF17C0035FD6FD7BBDA9D6
:10C1F000FD030091F35301A9F303042AF40303AAF6
:10C20000E4B3009163761E5347FFFF97E20300AA51
:10C21000E02F40B960010034F35341A9FD7BC3A86E
:10C22000C0035FD6437861B86308C05A837A21B8E7
:10C23000210400917F02016B6CFFFF54F7FFFF1791
:10C24000010080D2FCFFFF17FD7BBEA9FD0300911A
:10C25000E373009194FBFF971F0000F1E0079F1A22
:10C26000FD7BC2A8C0035FD6FD7BB9A9FD03009189
:10C27000F35301A9F40306AAF55B02A9F60303AA86
:10C28000F503052AE3B30191F76303A9F70300AAB5
:10C29000F803042AF96B04A9FB7305A982FBFF9735
:10C2A000400100B53B008012F35341A9E0031B2A73
:10C2B000F55B42A9F76343A9F96B44A9FB7345A950
:10C2C000FD7BC7A8C0035FD6F96F80B9F30300AA4E
:10C2D0001B00805239F77E921900198B7F0219EBEF
:10C2E0006300005435FEFF37EFFFFF17604640B88C
:10C2F0001A08C05AE0030034DF0200F16403557AE3
:10C3000021030054E1031A2AE00317AA61FCFF97F6
:10C31000FC03002A6000F836BB028012E3FFFF171F
:10C32000560200B4E103002AE20316AAE00317AAAA
:10C3300003008012DCFEFF971F040031E0FEFF5473
:10C34000614A208B3F0301EB83FEFF547F03156B93
:10C35000010300549AFAFF34340100B51B008052E7
:10C36000D2FFFF171C008012E003182AF5FFFF1709
:10C370001C00801200008052F5FFFF171F40007163
:10C38000010280520290811A9C0A00299422009195
:10C39000000080D25F00006B29FEFF54617A60B814
:10C3A0002108C05A817A20B800040091FAFFFF17D3
:10C3B000734A208B7B070011C9FFFF17E103012A95
:10C3C000E30300AA020080D2000080D23F0002EB0B
:10C3D00041000054C0035FD6647862B84204009103
:10C3E0008408C05A808000AAF9FFFF17FD7BBCA912
:10C3F000FD030091F35301A9F303052AF40306AAF0
:10C40000F55B02A9F603032AF503042AE3F300917E
:10C4100025FBFF97200300B4E20300AAA002130B40
:10C42000E13F80B9007C161B21F47E9240C8208B2E
:10C430004200018B05C8358BA1C8338B5F0001EB2F
:10C44000C3010054E103152ADDFFFF97E70300AAAB
:10C45000B40000B4E103132AE00305AAD8FFFF9754
:10C46000800200F9F35341A9E00307AAF55B42A952
:10C47000FD7BC4A8C0035FD607008092FAFFFF17B8
:10C48000FD7BBBA9FD030091F35301A9F30300AAAF
:10C49000F55B02A9F503022AF60303AAF76303A9D1
:10C4A000F703042AF80305AAF96B04A9FA03012A81
:10C4B000D91C001265FEFF971F0000718D02005409
:10C4C000F403002AE1031A2AE00313AA6CFEFF9783
:10C4D000E503002AC001F837E703192AE60318AA82
:10C4E000F96B44A9E403142AE303172AE20316AA0A
:10C4F000F76343A9E103152AF55B42A9E00313AAF8
:10C50000F35341A9FD7BC5A8B9FFFF17F35341A918
:10C5100000008092F55B42A9F76343A9F96B44A937
:10C52000FD7BC5A8C0035FD6FD7BBAA9FD030091C2
:10C53000F35301A9F55B02A9F603032AF50304AA44
:10C54000F76303A9F70300AAF803012AF92300F906
:10C55000F90302AA98FBFF97F303002A2002F83799
:10C56000E103002AE00317AA38FEFF97F403002A2C
:10C57000E103132AE00317AA41FEFF97F303002A01
:10C58000E3730191E20319AAE103182AE00317AA51
:10C59000C5FAFF97E50300AA200100B5F35F40B993
:10C5A000F55B42A9E003132AF35341A9F76343A9BA
:10C5B000F92340F9FD7BC6A8C0035FD6E25F80B9CE
:10C5C000607E409300C0348B8102130B42F47E9254
:10C5D000877E409300F47ED3217C7E93A200028B61
:10C5E00003008052A400008B5F0004EB6200005443
:10C5F00013008012EBFFFF177F00166BC101005480
:10C60000E103142AE00305AA6DFFFF97E60300AAE1
:10C61000A61A00A9E103132AA008078B68FFFF9759
:10C62000C600008BC60400D113008052A60600F994
:10C63000DCFFFF17A500018B63040011EAFFFF1761
:10C64000FD7BBDA9FD030091F35301A9D40000D0E7
:10C65000F30300AA943A3A91F51300F9F50000901B
:10C66000B5AA0D91E10314AAE00313AAE20315AAE7
:10C67000E30080529F180094F30300AAE103002A0C
:10C68000400A40F93AFEFF97E0FEFF34F51340F907
:10C69000E00313AAF35341A9FD7BC3A8C0035FD6EF
:10C6A000FD7BBAA900008092FD030091F30B00F915
:10C6B000E4FFFF97A000F8B6A0028012F30B40F948
:10C6C000FD7BC6A8C0035FD6F30300AAE2A30091D6
:10C6D00001008052501800940001F836E00313AABC
:10C6E000D8FFFF97C001F8B7E2A300910100805284
:10C6F000491800944001F83700FEFF35420240F926
:10C70000E11740F9413400F9E01B40F9420240F9D9
:10C7100000040091000001CB403800F90000805275
:10C72000E7FFFF1700008052C0035FD6FD7BBFA963
:10C73000400100B000801591FD030091400A00F90E
:10C740005F7A00B9000100B41F0440F2C100005438
:10C7500056F8FF9780000035FD7BC1A8400A40F9DC
:10C76000F1FFFF17E0000090002C0D9122E2FF97EF
:10C7700020008012FD7BC1A8C0035FD6FD7BB7A956
:10C78000FD030091F35301A9F30300AAF55B02A98D
:10C79000F50305AAF76303A9F70304AAF96B04A933
:10C7A000F90303AAFB7305A9E27B00B9610000B598
:10C7B000E100009021600D91E00313AAC0FAFF97F9
:10C7C000F603002A2001F83620008012F35341A915
:10C7D000F55B42A9F76343A9F96B44A9FB7345A92B
:10C7E000FD7BC9A8C0035FD6FB0000907B3F1D9175
:10C7F000E103002AE3330291E2031BAAE00313AA38
:10C8000029FAFF97FC0300AA00FEFFB4E103162AF1
:10C81000E00313AA8DFDFF97FA03002AE103162A0D
:10C82000E00313AA96FDFF97F803002AE103162AF6
:10C83000E00313AAB5F8FF97F403002AE000009084
:10C8400000380E91E03700F9E000009000640E918E
:10C85000E03B00F97406F836F403162AB50000B47C
:10C86000A0A20191020280D20100805248010094EE
:10C87000E103142AE00313AAE200009042940E910F
:10C8800072FEFF97E303002AE18F40B980008052D7
:10C89000210CC01A007F409300C03A8B217C40934A
:10C8A000210000CB810B018B9F0301EB6808005432
:10C8B000820340B95F0B0071210700544208C05A3F
:10C8C0009C130091427C60D3810340B92108C05A77
:10C8D0002000028B550000B4A03600F9590000B4C6
:10C8E000200300F91F0B0071E00500548113009133
:10C8F000020080D2210040B92108C05A2100028BD9
:10C900006300003427E6FF97E10300AA550000B456
:10C91000A13A00F9770500B500008052ACFFFF177F
:10C92000E23740F9E103142A03008012E00313AA5E
:10C930005DFDFF97E503002AE23B40F9E103142A7D
:10C94000E00313AA03008012E57F00B956FDFF97AC
:10C95000C001F837E1174F29A500010ABF00006B9D
:10C9600041010054E3330291E2031BAAE103142ABC
:10C97000E00313AACCF9FF97FC0300AA00F7FFB568
:10C98000A002801292FFFF17E103142AE00313AA0A
:10C990006BF8FF97F403002AAFFFFF17020080D265
:10C9A000CAFFFF17820740B9812300914208C05A8D
:10C9B000427C60D3D0FFFF17010080D2D6FFFF1763
:10C9C000E10200F9D5FFFF17E203022A030080D23B
:10C9D0007F0002EB41000054C0035FD62468633837
:10C9E000630400910040C41AFAFFFF17FD7BBFA942
:10C9F000E003202AFD030091F4FFFF97E003202AC3
:10CA0000FD7BC1A8C0035FD6FD7BBDA9FD030091DE
:10CA1000F35301A9F30301AAF403002AF55B02A969
:10CA2000F603032A3540228B7F0215EBC300005426
:10CA3000F55B42A9E003142AF35341A9FD7BC3A887
:10CA4000C0035FD6A50213CBE10313AADF02056B77
:10CA5000E003142AC532851AE203052AE4FFFF9792
:10CA600073C2258BF403002AD1E4FF97EFFFFF1771
:10CA7000FD7BBDA9FD030091F30B00F9F30302AAAE
:10CA8000E203012AE10300AA00008052DFFFFF97C2
:10CA90000008C05AE1B30091820080D2E02F00B9B3
:10CAA000E00313AAD4000094F30B40F9FD7BC3A864
:10CAB000C0035FD6FD7BBFA9E000009000BC0E91D3
:10CAC000FD0300914CE1FF9700000014FD7BBDA920
:10CAD000FD030091F51300F9F503012A01FC009113
:10CAE000F35301A921E47A92F40300AA000880D24A
:10CAF000F3E3FF97F30300AAA00000B49500783693
:10CB0000E20314AA01008052A1000094F51340F939
:10CB1000E00313AAF35341A9FD7BC3A8C0035FD66A
:10CB2000C10000D0212422910200403922686238DD
:10CB300042002837C0035FD600040091FBFFFF17B7
:10CB4000FD7BBEA9FD030091F30B00F9F30300AADE
:10CB50005C000094200200B4010400D1C00000D0A9
:10CB60006102018B002422913F0013EBC2000054AC
:10CB70003F040039E00313AAF30B40F9FD7BC2A880
:10CB8000E8FFFF17220040390268623822FF2F3683
:10CB9000210400D1F5FFFF17E00313AAF30B40F9BE
:10CBA000FD7BC2A8C0035FD6620300B4C60000D0FC
:10CBB000C6242291050080D2046865382368653850
:10CBC00064020034430200349F00036B8001005470
:10CBD000877C4093C76867386700003684800011FF
:10CBE000841C0012C7C863386700003663800011D8
:10CBF000631C00127F00046BA1000054A504009187
:10CC0000BF0002EBA1FDFF54E303042A8000034BA5
:10CC1000C0035FD60300805204008052FCFFFF1760
:10CC2000E27F40B2E1FFFF17020080D22368623842
:10CC30000368223842040091A3FFFF35C0035FD68A
:10CC4000E50300AA030080D224686338A268633831
:10CC5000630400914000046B8408407A61FFFF5434
:10CC6000C0035FD6E50300AA040080D25F0004EB96
:10CC700061000054000080520700001426686438E8
:10CC8000A3686438840400916000066BC408407A8D
:10CC9000E1FEFF54C0035FD6211C001202004039A0
:10CCA0005F00016B41000054C0035FD66200003496
:10CCB00000040091FAFFFF17000080D2FBFFFF176E
:10CCC000E10300AA2200403962000035200000CBB9
:10CCD000C0035FD621040091FBFFFF17FD7BBFA9B6
:10CCE000E40300AAE303012AFD030091631C001280
:10CCF000F4FFFF978000008B010040393F00036B79
:10CD0000A0000054000400D19F0000EB69FFFF5415
:10CD1000000080D2FD7BC1A8C0035FD60100018B5B
:10CD2000E20300AA5F0001EB6000005443004039B9
:10CD300063000035400000CBC0035FD64204009181
:10CD4000F9FFFF17FD7BBEA9FD030091F30B00F96E
:10CD5000F30300AAE00000B4DAFFFF97000400919B
:10CD600092E1FF97E40300AAC00000B5F30304AA10
:10CD7000E00313AAF30B40F9FD7BC2A8C0035FD602
:10CD8000E10313AAA9FFFF97F9FFFF17030840F279
:10CD900081020054261C4092040080D2050180527A
:10CDA000C42004AAA5040071C1FFFF54450003CBB1
:10CDB000BF1C00F10801005444F07D9242084092EB
:10CDC0000400048B030080D25F0003EBE1000054F9
:10CDD000C0035FD6046823F863200091F4FFFF17B7
:10CDE000E40300AAF8FFFF17816823386304009169
:10CDF000F6FFFF171F0001EB00010054030001AA1A
:10CE0000630840F220010054E40300AA030080D22A
:10CE10005F0003EBE1010054C0035FD6246863F8B0
:10CE2000046823F863200091440003CB9F1C00F1A9
:10CE300068FFFF5443FC43D3E4008092637C049B6F
:10CE40004200038B040003CB210003CBF0FFFF174C
:10CE5000256863388568233863040091EDFFFF1768
:10CE6000E60300AA1F0001EB890000542300028B97
:10CE70007F0000EB08010054FD7BBFA9E00306AA78
:10CE8000FD030091DCFFFF97E00306AAFD7BC1A82C
:10CE9000C0035FD60100028BE20322AA000080D209
:10CEA000000400D11F0002EB61000054E00306AA59
:10CEB000C0035FD66468603824682038F9FFFF1724
:10CEC000E50300AA040080D25F0004EB6100005477
:10CED0000000805206000014A3686438206864389B
:10CEE000840400916000006B00FFFF54C0035FD614
:10CEF0000200028B211C00121F0002EB6100005493
:10CF0000000080D2C0035FD6E30300AA6414403857
:10CF10009F00016B80FFFF54E00303AAF7FFFF1798
:10CF2000FD7BBEA9FD030091F35301A9F40300AA00
:10CF300020D2FF97F30300AA1CD2FF97017D80D275
:10CF4000E003002A737E019B600AC09A000014CBA4
:10CF5000F35341A9FD7BC2A8C0035FD6FD7BBEA9E8
:10CF6000FD030091F35301A9F40300AA11D2FF9726
:10CF7000F30300AA0DD2FF97017D80D2737E019B3F
:10CF80000108C19A217C4092730AC19A600214CBB5
:10CF9000F35341A9FD7BC2A8C0035FD6FD7BBEA9A8
:10CFA000FD030091F30B00F9F30300AAFFD1FF97F3
:10CFB000737E009B004888D2E001A0F2600AC09A0C
:10CFC000F30B40F9FD7BC2A8C0035FD6FD7BBEA971
:10CFD000FD030091F35301A9F40300AAF5D1FF97D3
:10CFE000F30300AAE00314AAEDFFFF977302008B7E
:10CFF00073060091EFD1FF971F0013EBC3FFFF549F
:10D00000F35341A9FD7BC2A8C0035FD6FD7BBDA938
:10D01000FD030091F35301A9F30300AAF51300F9EE
:10D0200015D092D21513A0F261E3FF977F0215EBA2
:10D030007492959AE00314AAE5FFFF97730214EB2C
:10D0400041FFFF54F35341A9F51340F9FD7BC3A8F9
:10D05000C0035FD6000080D2C0035FD6FD7BB9A9B4
:10D06000FD030091F35301A9F4430191F30301AAD5
:10D07000F55B02A9D50000B0B5EA1591E10315AA48
:10D08000F6830191F76303A9F703022AF80300AAC4
:10D09000020280D2E00314AAF92300F956FFFF9799
:10D0A000E00316AA020280D2A102028B52FFFF9770
:10D0B000FF0240F2C00000F09602969A00640F91C1
:10D0C000FF027FF2D50000F0B57A0F91140080D2F4
:10D0D000B502809A175580D2B9058052C06A74385B
:10D0E000E10315AA026B6038E00313AA330400942D
:10D0F000E026D49A60010037730A009194060091EB
:10D100009F4200F1C1FEFF54F35341A9F55B42A9D0
:10D11000F76343A9F92340F9FD7BC7A8C0035FD695
:10D12000730E009179F21F38F5FFFF17FD7BBFA941
:10D13000FD030091B0DFFF9740018052A1DFFF9710
:10D140005DFEFF97FD7BB7A9FD030091E18B05A96B
:10D15000E1430291E10703A9E1430191E12300F9D1
:10D16000E1068012E14B00B9E1430091FF4F00B9A5
:10D17000E39306A9E20F43A9E20F01A9E20F44A934
:10D18000E20F02A9E59B07A9E74700F91F040094F5
:10D19000400180528BDFFF9747FEFF97281C44D346
:10D1A000E20300AA202C48D3257C0C530301000B7A
:10D1B000C40080526330410B210C0012A60C050BF9
:10D1C000C600080B6304041BA1198052440180525D
:10D1D000677C011BE77C0B53E38C041B63C00011CD
:10D1E000430000390308000B6300070B6300062BA4
:10D1F0006100005440040091C0035FD6667C011BAF
:10D20000C67C0B53C004000BC38C041B63C000110D
:10D2100043040039A300002A630000354008009150
:10D22000F6FFFF17A3018052037C031B637C0753A7
:10D230006508052B6080041B00C000114008003900
:10D2400061000054400C0091ECFFFF17A17C011B12
:10D25000217C0B532494041B84C00011440C00391E
:10D260006100003540100091E4FFFF1721C000115C
:10D270004014009141100039E0FFFF17E9D390D22C
:10D28000CB0080522900A0F228050091A7198052F6
:10D2900046018052AA0180523F0009EB4800005429
:10D2A000BFFFFF172208C89A001400914584089B0D
:10D2B000E10302AAAD1C0453A22C0853A401020BE3
:10D2C000A37C0C538430450BA50C00126C0C030B93
:10D2D0008C010D0B84140B1B857C071BA57C0B5349
:10D2E000A490061B84C0001104B01F384408020B30
:10D2F0008400050B84000C0B857C071BA57C0B535D
:10D30000A204020BA490061B84C0001104C01F38A5
:10D31000447C0A1B847C07538308030B8288061B0A
:10D3200042C0001102D01F38627C071B427C0B53A5
:10D33000438C061B42C0001163C0001103E01F387C
:10D3400002F01F38D5FFFF17FD7BB5A9EF0301AA37
:10D35000EE0300AAFD030091F35301A9E10302AA21
:10D36000F403042AF55B02A9F303052AF603032A52
:10D37000F76303A9F503062AF96B04A9FB2B00F94F
:10D38000950230367F280071F9079F1AB8021B12E8
:10D39000BA021C1255002036B57A1F1275090836DC
:10D3A000C101F8B6E10301CB94060051B7058052E4
:10D3B000D9010035DF2A007101090054FBA3019156
:10D3C000E0031BAAAEFFFF9700001B4B0E000014EA
:10D3D000D9001A12EEFFFF171507103694060051F8
:10D3E0007705805299000034DF4200712007005415
:10D3F0009406005101FEFFB500068052E0A30139FA
:10D40000200080D21F00136B2102805205A0931AC6
:10D410008202054BBF02016A600A0054B700003463
:10D42000DF010FEB42000054D7010039CE05009117
:10D43000D9010034DF010FEB620000540106805275
:10D44000C1010039C1050091DF420071410900545A
:10D45000FF0101EB89000054010B80520103012AF6
:10D46000C1050039CE0900915A02003501068052EB
:10D47000BF0240F204048052E303022A8400811AAE
:10D48000E1030EAA63040071A50700544304005190
:10D49000E103022A7F040031E4B79F1A9F00007164
:10D4A00021109F9AE207825ACE01018B4200030BA2
:10D4B000010680523B000014950018369406005176
:10D4C00017048052C8FFFF1717008052C6FFFF17CE
:10D4D000940A005121F9FFB4DF420071C40000B08A
:10D4E000E3179F1AC6060051630C0011E5A30191D2
:10D4F00084242691020080D22000068A2124C39A27
:10D50000001C4092806860380003002A406825387B
:10D51000E00302AA4204009101FFFFB500040011DC
:10D52000B9FFFF173F000FEB420000542400003901
:10D53000210400916304007165FFFF544104005110
:10D54000A400144B3F040031E3B79F1A7F00007121
:10D5500042109F9A84109F1ACE01028B2200040B66
:10D56000AFFFFF17E303022AE1030EAA040480526F
:10D57000F1FFFF17EE0301AABCFFFF173F000FEBFF
:10D58000420000542400003921040091BEFFFF171F
:10D59000DF010FEB42000054C1010039CE050091BC
:10D5A000A50400511F00056B4DFFFF5405040051F9
:10D5B000E1A30191E403002AE3030EAA21C0258B15
:10D5C00084040071A5020054BF040031E103022A63
:10D5D00000A09F9A03048052CE01008BE0030EAAA4
:10D5E0002104007185020054E003022A4204005124
:10D5F0005F04003100A09F9AF35341A9C001008B42
:10D60000F55B42A9F76343A9F96B44A9FB2B40F9E9
:10D61000FD7BCBA8C0035FD67F000FEB62000054F8
:10D62000260040396600003963040091210400D1CE
:10D63000E4FFFF171F000FEB420000540300003906
:10D6400000040091E7FFFF17FD7BBCA9FD030091DB
:10D65000F35301A9F40300AAF303032AF55B02A91B
:10D66000F60301AAF71B00F9F703052AC20300B568
:10D67000D50000F0B58E0F91817C4093E00315AA90
:10D68000A7FDFF97E303002A77052036020080D22A
:10D690007F00026B8C050054027C40921F000071D9
:10D6A00042A09F9A050480529402028BE20314AABE
:10D6B0006402140B8100024B7F00016B2B050054A8
:10D6C0007F02006B6102004B21A09F9AF55B42A98B
:10D6D0008002018BF35341A9F71B40F9FD7BC4A8DD
:10D6E000C0035FD6F50302AAE4FFFF175F0016EB45
:10D6F0004200005445000039420400918100024B71
:10D700007F00016B4BFFFF541F00136B6102004B46
:10D71000E2C79F1A5F00007121109F9A9402018B4B
:10D72000610600511300134B73129F1A7302010B11
:10D73000D7FFFF17E20314AA6402140B05048052FA
:10D74000EFFFFF178102028BDF0201EB690000543B
:10D75000A1164038816A223842040091CDFFFF179C
:10D760005F0016EB4200005445000039420400916E
:10D77000D1FFFF17FD7BB5A9FD030091F35301A96C
:10D78000140001ABF55B02A9F60300AAF76303A935
:10D79000F96B04A9FA0302AAFB7305A9E13700F9A2
:10D7A000675440A97C1840B983000054E00320AAC4
:10D7B00014008092E03700F9F30316AAD90000B0F4
:10D7C00020F31491E03B00F940034039400200355A
:10D7D000E03740F9000100B47F0214EB420000542E
:10D7E0007F020039600600919F0200EB4200005466
:10D7F0009FF21F386002164BF35341A9F55B42A913
:10D80000F76343A9F96B44A9FB7345A9FD7BCBA83A
:10D81000C0035FD61F940071C00000547F0214EB58
:10D82000420000546002003973060091C7000014E2
:10D83000180080520D0000143FB400712001005404
:10D840003FC000718004005422C00051421C0012ED
:10D850005F240071C80100541B0080522400001492
:10D8600018031C32FA0300AA41074039400700910F
:10D870003FAC00714002005408FEFF543F8000712D
:10D88000200200543F8C0071200200543FA8007118
:10D8900061060054400B0091DC04F837E22C009143
:10D8A000E10307AA47F07D923B0040B9BB02F8367E
:10D8B000FB031B4B18031C321200001418031E320A
:10D8C000E9FFFF1718031D32E7FFFF1718031A328D
:10D8D000E5FFFF1718030032E3FFFF1742018052F4
:10D8E000000400916107021B3BC000510100403958
:10D8F00022C00051421C00125F24007109FFFF5436
:10D90000010040393FB80071810B005404044039D4
:10D910000204009181C00051211C00123F240071BB
:10D92000480800540400805246018052110000143F
:10D93000822300115F000071CD000054E32C0091A0
:10D94000E10307AAFC03022A67F07D92D7FFFF17C5
:10D95000A1C23C8BFC03022AD4FFFF171B008012DC
:10D96000E8FFFF178404061B4204009184C00051A5
:10D970004100403920C00051001C00121F240071DA
:10D9800029FFFF549F00007199A09F1A4000403961
:10D9900001300151211C00123FB80071880700546A
:10D9A000230088D20300A2F22320C8F26124C19A86
:10D9B000E10600365A0400911FB00171C100005405
:10D9C000410440393FB00171610000545A08009190
:10D9D00080098052410340393FE00171E800005462
:10D9E0003F880171A80500543F940071402A0054FB
:10D9F0003F600171A02A00547F0214EB62000054C2
:10DA0000A004805260020039410340396006009151
:10DA1000412D00349F0200EB49000054610600399B
:10DA2000730A0091490000149FA80071C1020054BC
:10DA3000020800911C01F837E02C0091E1031C2A38
:10DA400000F07D92E40040B9FC03012AE70300AA3C
:10DA5000CDFFFF17812300113F0000718D0000549E
:10DA6000E02C009100F07D92F7FFFF17E00307AA7A
:10DA7000A7C23C8BF4FFFF17E20300AA1900801233
:10DA8000C3FFFF1719008052C1FFFF17FA0302AA54
:10DA900000008012D0FFFF17218C01513F5400710C
:10DAA000C8FAFF54E23B40F9415861786200001027
:10DAB00041A8218B20001FD618022037E1031B2A22
:10DAC000E00313AA02048052050000141F0014EBA7
:10DAD000420000540200003900040091210400516A
:10DAE0003F0000714CFFFF546307007160509F1AA4
:10DAF0007B00004B73C2208B7F0214EB2201005489
:10DB00009C02F837E02C0091E1031C2A00F07D9282
:10DB1000E20040B9FC03012AE70300AA62020039CF
:10DB200073060091E2031B2AE10313AA000480524A
:10DB3000420400515F000071EC0100546307007162
:10DB400063509F1A73C2238B5A0700911FFFFF1760
:10DB5000812300113F0000718D000054E02C0091E2
:10DB600000F07D92EBFFFF17E00307AAA7C23C8BF2
:10DB7000E8FFFF173F0014EB42000054200000397B
:10DB800021040091EBFFFF173C02F837F73C0091AE
:10DB9000E6031C2AF7F27D92E20040F9E00313AAA3
:10DBA000E503182AE403192AE3031B2AE10314AA54
:10DBB000E67B00B9A5FEFF97E67B40B9F30300AA18
:10DBC000FC03062AE70317AAE0FFFF1786230011CC
:10DBD000DF0000718D000054F73C0091F7F27D9258
:10DBE000EEFFFF17F70307AAA7C23C8BEBFFFF1757
:10DBF000BC02F837F73C0091F7F27D9240074039BC
:10DC0000E60040F91F840171800700544803005466
:10DC10001F340171A00300541F540171400F0054C0
:10DC20001F24017180080054E20306AA7F07003117
:10DC3000C1060054260480521B0280520603062AA5
:10DC400033000014802300111F000071AD00005448
:10DC5000F73C0091FC03002AF7F27D92E8FFFF17E2
:10DC6000A1C23C8BF70307AAFC03002AE70301AA21
:10DC7000E3FFFF171FA40171C00500541FB4017119
:10DC800041FDFF5418031A32E0230291C90000B08D
:10DC9000E20300AA296526910B031A12070080D21D
:10DCA0004C078052CA686738411D44D34A0D4092E0
:10DCB0002D696138E10300AA2A696A382D240038E9
:10DCC0000A040039AB000035FF1400F16000005475
:10DCD000010C00910C080039E7040091FF1800F1D5
:10DCE00041020054057B19123F000039E403192A50
:10DCF000E3031B2A30000014C20040F920088052C0
:10DD00001803002A5B02805206031B32E503192A1E
:10DD1000E4031B2AE10314AAE00313AA03028052BE
:10DD20008AFDFF9727000014E00301AADEFFFF171A
:10DD300018031A32400B4039187B19121FD000719A
:10DD400041F7FF54E9230291EC030291EA0309AA87
:10DD50000B0080D2CD058052C1686B38E0030CAA5D
:10DD6000E63F00F90EFDFF9700000CCBE63F40F9BF
:10DD7000E103002AE20309AA210400513F04003113
:10DD8000C10300542941208B7F0D00F14000005455
:10DD90002D1500386B0500917F1100F1E1FDFF5456
:10DDA000E503182AE403192AE3031B2AE2030AAA5B
:10DDB0003F010039E10314AAE00313AA23FEFF97F1
:10DDC000F30300AA1F0440B188D1FF54C00000B083
:10DDD000002422914107403902686138E1031AAA00
:10DDE0005A0700915F0840F261FFFF54E70317AA4A
:10DDF000FA0301AA55FFFF1787C961384714003895
:10DE0000DEFFFF17400B40391FB0017100030054C3
:10DE1000E80100541F080171200300541F300171F4
:10DE200062008052E213821A260300B4E1230291B9
:10DE3000E00306AA8AFCFF97E503182AE403192ADF
:10DE4000E3031B2AE2230291DBFFFF171FCC0171C2
:10DE5000A1010054E00306AAE63F00F97EFCFF970B
:10DE6000E20300AAE63F40F9600000B522008052BC
:10DE7000EEFFFF17E503182A9DFFFF1742008052AF
:10DE8000EAFFFF1702008052E8FFFF17E02302912C
:10DE9000C10000F0218C0F9164FBFF97E7FFFF1793
:10DEA0001FB00171620216CB610200543C01F837C9
:10DEB000E03C0091E1031C2A00F07D92E30040F970
:10DEC000620000F9FC03012AE70300AA1FFFFF1705
:10DED000812300113F0000718D000054E03C00914F
:10DEE00000F07D92F6FFFF17E00307AAA7C23C8B64
:10DEF000F3FFFF17FC00F837E03C0091E1031C2A18
:10DF000000F07D92E30040F9620000B9EEFFFF17D8
:10DF1000812300113F0000718D000054E03C00910E
:10DF200000F07D92F8FFFF17E00307AAA7C23C8B21
:10DF3000F5FFFF177F0214EB82C7FF54610200391F
:10DF40003AFEFF1718031B3201028052080000142A
:10DF5000410740393F140171610000545A07009194
:10DF60001803193218031F32410180521F3001710A
:10DF7000E10200545C05F837F73C0091E9031C2AE4
:10DF8000F7F27D92E20040F9E303012AE00313AACD
:10DF9000E603182AE503192AE4031B2AE10314AA5D
:10DFA000E97B00B9E9FCFF97F30300AAE97B40B9DC
:10DFB000FC03092A04FFFF175A0700D1F30300AA44
:10DFC000E2FEFF1701018052E9FFFF171FB0017148
:10DFD00020FDFF5402781A125F680171C0FCFF54E3
:10DFE0001FD0017180FCFF541FA0017100031F129C
:10DFF000A10300547C02F837F72C0091E9031C2A96
:10E00000F7F27D92E20040B9463C4092423C409398
:10E010001F0000714210869ADCFFFF178923001150
:10E020003F0100718D000054F73C0091F7F27D92A2
:10E03000D5FFFF17F70307AAA7C23C8BD2FFFF1734
:10E04000892300113F0100718D000054F72C0091CD
:10E05000F7F27D92ECFFFF17F70307AAA7C23C8BEC
:10E06000E9FFFF171C01F837F72C0091E9031C2A80
:10E07000F7F27D92E20040B9E603022A427C409327
:10E08000E4FFFF17892300113F0100718D00005448
:10E09000F72C0091F7F27D92F7FFFF17F70307AA1D
:10E0A000A7C23C8BF4FFFF17FD7BB9A9FD030091CC
:10E0B000F35301A9F30301AAF40300AAE10303AA9D
:10E0C000E0430191F51300F9F50302AA020480D29E
:10E0D00049FBFF97E00745A9E00703A9E3C30091C7
:10E0E000E00746A9E20315AAE00704A9E10313AA81
:10E0F000E00314AAA0FDFF977FC220EB8800005424
:10E10000600600517F0200F100109F1AF35341A9ED
:10E11000F51340F9FD7BC7A8C0035FD6FD7BB6A908
:10E12000FD030091E39307A9E3830291E30F03A9A1
:10E13000E3C30191E32300F9E3048012E34B00B948
:10E14000E3430091FF4F00B9E59B08A9E41744A9F8
:10E15000E74F00F9E61F43A9E61F01A9E41702A94A
:10E16000E61F05A9E41706A983FDFF97FD7BCAA852
:10E17000C0035FD6FD7BBCA9FD030091F35301A949
:10E18000F30300AAF40301AAE10302AA020480D265
:10E19000E063228B18FBFF97E3830091E20314AA4C
:10E1A000E00313AAE17B40B273FDFF97F35341A94B
:10E1B000FD7BC4A8C0035FD6FD7BB8A9FD03009119
:10E1C000E20F05A9E2030291E20B03A9E2430191E8
:10E1D000E22300F9E2058012E24B00B9FF4F00B9DB
:10E1E000E20F43A9E20F01A9E20F44A9E20F02A93D
:10E1F000E2430091E41706A9E61F07A9DEFFFF9797
:10E20000FD7BC8A8C0035FD6FF8311D1020480D272
:10E21000FD7B00A9FD030091F30B00F9F30300AAB5
:10E22000E063228BF4FAFF97E20313AAE3830091E1
:10E23000E0230191818280D29CFFFF97F303002AA3
:10E2400060000034E02301916BDBFF97FD7B40A968
:10E25000E003132AF30B40F9FF831191C0035FD64B
:10E26000FD7BB7A9FD030091E18B05A9E143029174
:10E27000E10703A9E1430191E12300F9E1068012DE
:10E28000E14B00B9E1430091FF4F00B9E39306A9C8
:10E29000E20F43A9E20F01A9E20F44A9E20F02A98C
:10E2A000E59B07A9E74700F9D8FFFF97FD7BC9A8C1
:10E2B000C0035FD6E30300AA00004039C600009007
:10E2C000C62422911FC000716104005464044039C7
:10E2D00060044039C468643864000036008000116E
:10E2E000001C00121FE00171E1020054630800915C
:10E2F00002028052E803022A000080D2870880527E
:10E300006400403965004039C46864389F00076A7A
:10E31000E002005464000036A5800011A51C001224
:10E32000A9C00051A45C0151BFE4007184C0899A66
:10E330009F00026B63010054410000B4230000F908
:10E34000C0035FD65F000071000180524210801A46
:10E35000E9FFFF175F00007140018052FCFFFF17CB
:10E360000011009B63040091E6FFFF17042080D298
:10E37000F0FFFF1742018052CFFFFF17FD7BBEA9C0
:10E38000FD030091F35301A9F40300AAF30302AAC9
:10E39000610000B54BFAFF978102008B200400D189
:10E3A0009F0200EB4202005423F05F38C20000904D
:10E3B0004224229143686338A301103603F05F388A
:10E3C00043686338E3001037530000B4600200F97B
:10E3D000F35341A9010080D2FD7BC2A8E6FFFF17DD
:10E3E000000400D19F0200EBA1FEFF54530000B4D3
:10E3F000610200F9F35341A900008092FD7BC2A89D
:10E40000C0035FD6020080D2DDFFFF17010080D27B
:10E41000FDFFFF17210100D0E303002A220100D0F5
:10E4200020602E9142602E91210100D021A02F91D9
:10E43000210002CBE2E702B2A29999F221FC4393B8
:10E44000217C029B02058052217C229B0100018BD2
:10E450003F0000EB61000054000080D2C0035FD693
:10E46000020840B95F00036BA0FFFF5400A00091B9
:10E47000F8FFFF17FD7BBDA9220100D0210100D0CC
:10E48000FD030091F35301A942602E9121A02F9129
:10E49000F51300F9F50300AA340100D094622E911F
:10E4A0000020403940030035330002CBE0E702B2E0
:10E4B000A09999F273FE4393737E009B00058052EE
:10E4C000737E209B9302138B7F0214EB6100005438
:10E4D000140080D207000014811240F9E00315AA4D
:10E4E00020003FD600010035800A40B9A022003943
:10E4F000F51340F9E00314AAF35341A9FD7BC3A827
:10E50000C0035FD694A20091F0FFFF17F35341A917
:10E51000F51340F9FD7BC3A8BFFFFF17FD7BBCA926
:10E52000210100D021A02F91FD030091F35301A9F7
:10E53000340100D094622E91F55B02A9F50300AA84
:10E54000200100D000602E91F71B00F9330000CBB2
:10E55000E0E702B2A09999F273FE4393737E009BA9
:10E56000A0224039C001003500058052BF22003989
:10E57000737E209B9302138B7F0214EB00030054E5
:10E58000811240F9E00315AA20003FD62003003590
:10E59000800A40B9A02200391100001417058052EA
:10E5A000F60314AA777E379B9702178BFF0216EBB0
:10E5B000C0FDFF54A0224039C10A40B93F00006BA2
:10E5C00060000054D6A20091F9FFFF17C11240F974
:10E5D000E00315AA20003FD660FFFF35F35341A9A1
:10E5E000F55B42A9F71B40F9FD7BC4A8C0035FD6C9
:10E5F00094A20091E1FFFF17FD7BBDA9FD030091EF
:10E60000F35301A9F30300AAF403012AF51300F957
:10E61000F50303AA0202003597FFFF97200200B41A
:10E62000030840F9230200B4E103142AE20315AA07
:10E63000E00313AA60003FD61F0000712100801282
:10E640000000811AF35341A9F51340F9FD7BC3A8DB
:10E65000C0035FD6E003022A6FFFFF97F0FFFF17AA
:10E66000800B8012F8FFFF17A0048012F6FFFF173F
:10E67000E30302AA02008052E0FFFF17FD7BBEA960
:10E68000FD030091F30B00F9F30301AA3F0000F929
:10E69000010C40F9610600F9C10000B021D82991B0
:10E6A000001040F9600A00F97F5A00B960E2009159
:10E6B0005EF9FF9760620091C10000D021A80F9120
:10E6C0005AF9FF97F30B40F900008052FD7BC2A876
:10E6D000C0035FD6E60300AAE403012AE00302AA0E
:10E6E000C50040B9BFB80171E00200542C020054CB
:10E6F000BF2C0171E00200542C030054BF50007184
:10E7000040030054C10000D0BFF8007121D40F9124
:10E71000C30000D0630C10916210819AC30440B909
:10E72000C10000D02118109163840111A3FEFF17CE
:10E73000C10000D0BF04027121E00F91C30000D0DE
:10E74000F5FFFF17C30000B062A02891F4FFFF1788
:10E75000C30000D062F40F91F1FFFF17C30000D097
:10E76000620C1091EEFFFF17C30000D062D40F912E
:10E77000EBFFFF17FD7BBDA9FD030091F35301A93A
:10E78000F30301AAF40302AAF55B02A9F60300AAA7
:10E79000770A0094F50300AAE00316AAA80A0094D9
:10E7A0001F58017181010054A00A40F91F0013EBAA
:10E7B000690100547302148B1F0013EB20048012B4
:10E7C00000309F1AF35341A9F55B42A9FD7BC3A812
:10E7D000C0035FD6A0048012FBFFFF17C0008012A9
:10E7E000F9FFFF17FD7BBCA9FD030091F35301A9BD
:10E7F000F30300AAF55B02A9F50301AAF60302AA36
:10E80000F71B00F9F70303AADBFFFF9700020035AF
:10E81000E00313AA860A0094F40300AAE00313AAF3
:10E82000530A0094010440F9E30317AAF71B40F9C7
:10E83000E20316AAA102018BE00314AAF35341A933
:10E84000F55B42A9FD7BC4A8B4010014F35341A9B0
:10E85000007C4093F55B42A9F71B40F9FD7BC4A8FF
:10E86000C0035FD6FD7BBDA9FD030091F35301A951
:10E87000F30300AAF55B02A9F50301AAF60302AAB5
:10E88000BDFFFF97C0010035E00313AA680A00949A
:10E89000F40300AAE00313AA350A0094010440F926
:10E8A000E20316AAE00314AAF35341A9A102018BC3
:10E8B000F55B42A9FD7BC3A80A020014F35341A9EA
:10E8C000007C4093F55B42A9FD7BC3A8C0035FD6E3
:10E8D000FD7BBCA9FD030091F35301A9F30300AA3A
:10E8E000F55B02A9F50301AAF60302AAF71B00F9DA
:10E8F000F70303AAA0FFFF9700020035E00313AA65
:10E900004B0A0094F40300AAE00313AA180A009427
:10E91000010440F9E30317AAF71B40F9E20316AA22
:10E92000A102018BE00314AAF35341A9F55B42A9AC
:10E93000FD7BC4A8B2010014F35341A9007C4093AD
:10E94000F55B42A9F71B40F9FD7BC4A8C0035FD665
:10E95000FD7BBEA9FD030091F35301A9F40300AAB6
:10E9600000F847391F5401710105005480FE4739F2
:10E970001FA80271A104005481FA0691020080527E
:10E9800000008052230040397F1840F201010054FA
:10E990002310403900040011214000917F000071D4
:10E9A0004204821A1F100071E1FEFF541F10007113
:10E9B000F3079F1A5F000071601A407AA0020054AA
:10E9C000C10000D080DA0091216C1091620080D2E9
:10E9D000A5F8FF97A000003520008052F35341A90D
:10E9E000FD7BC2A8C0035FD6C10000D0804A019160
:10E9F000217C1091A20080D29BF8FF97E0FEFF34AB
:10EA0000E003134BF6FFFF1700008012F4FFFF171F
:10EA100000008052F2FFFF17FD7BBEA9220080D2CA
:10EA2000FD030091F30B00F9011040F921FC009166
:10EA300021E47A9221000191FF6321CB010080D271
:10EA4000F3FF009173E67A92E30313AABE010094E8
:10EA50001F0400F121010054E00313AABDFFFF973A
:10EA60001F000071E0039F5ABF030091F30B40F9B0
:10EA7000FD7BC2A8C0035FD600008012FBFFFF171A
:10EA8000FD7BB4A9FD030091F35301A9F55B02A935
:10EA9000F76303A9F96B04A9F90302AAFB2B00F998
:10EAA000021040F942FC009142E47A924200019146
:10EAB000FF6322CBBF7F06A9BF7F07A9BF7F08A93D
:10EAC000BF7F09A9BF7F0AA9BF7F0BA97F0004717F
:10EAD000CD010054C00000D000941091E1FDFF97DB
:10EAE00015008012BF030091E003152AF35341A9DA
:10EAF000F55B42A9F76343A9F96B44A9FB2B40F9E5
:10EB0000FD7BCCA8C0035FD6F7FF0091F803032A72
:10EB1000F7E67A92F60300AAFB0301AAFA03042A95
:10EB2000F30305AAE30317AA220080D2860100940A
:10EB30001F0400F1E0000054C10640B9E2031BAA23
:10EB4000C00000D000541191C6FDFF97E5FFFF17EC
:10EB5000E1FA4739E2FE47393F5401716100005440
:10EB60005FA80271A0000054C00000D00004129100
:10EB7000BCFDFF97DBFFFF17A1830191E00316AAFD
:10EB8000BFFEFF97F503002AE0FAFF35E0FA069191
:10EB9000E2FA0791F40300AA810240393F1840F2DB
:10EBA0008105005481124039410500345F03186B20
:10EBB00001050054BB0000B4231800127F1400713B
:10EBC00024184F7A80040054A03B40F9014080D2C1
:10EBD000626200911F0008F10020819A600A00F92A
:10EBE0008112407980164079204000AA00001B8BDA
:10EBF000600200F9811A4079801E4079204000AA05
:10EC0000600600F9E103182AE00316AAB2FEFF9796
:10EC100060E20091C10000B021D8299103F8FF976C
:10EC200080124039810240391FBC0371E0179F1ADE
:10EC300000781F533F000271410000540000003271
:10EC4000605A00B980124039607A0139A6FFFF1777
:10EC5000FB0000B481124039C100003423180012B7
:10EC60007F14007124184F7A4000005418070011D7
:10EC7000944200915F0014EB01F9FF5401104039F8
:10EC8000221800125F14007124184F7AC101005439
:10EC9000021040797F0300F101144079E50313AAC3
:10ECA000E4031A2AE303182AE00316AA414001AA42
:10ECB0002100198B2213819A72FFFF97F503002A16
:10ECC00089FFFF17004000919F0200EB81FDFF5478
:10ECD000E00317AA1FFFFF971F04007121F0FF54E4
:10ECE0007F0200F9014080D2C00E40F9600600F9B1
:10ECF000A03B40F97F5A00B91F0008F10020819A1B
:10ED0000600A00F9C10000B060E2009121D82991A9
:10ED1000C6F7FF9774FFFF17E50302AAE403012A71
:10ED200023008052020080D2010080D255FFFF17DD
:10ED3000E10300AA00805FF8020040F9423440F984
:10ED4000421040F9620000B4F00302AA00021FD68C
:10ED500020008052C0035FD6FD7BB3A9FD03009164
:10ED6000F35301A9F40300AAF55B02A9F71B00F90C
:10ED7000FF080094F30300AAE9FDFF9760224039E1
:10ED800060050034E00314AAF9080094F50300AA12
:10ED9000E00314AA2A0900941F5C00718104005446
:10EDA000D60000D0D70000D0D6AA1291F736109125
:10EDB00033008052E2C30191E103132AE00315AA54
:10EDC0002CFEFF97E0020035830640F9E20316AA05
:10EDD000E403132A010480D2E0430191D0FCFF97A1
:10EDE000E0430191D8F7FF97E3230191E20300AAE2
:10EDF000E10317AAE00314AA0E0A0094800100356B
:10EE0000E02740F9DA080094138400B8E1C30191C7
:10EE1000020C80D2F8F7FF97E02740F9940800949D
:10EE2000730600117F06027161FCFF54F35341A980
:10EE300000008052F55B42A9F71B40F9FD7BCDA88D
:10EE4000C0035FD6020040F9423440F9A20000B48A
:10EE5000420C40F9A20000B4F00302AA00021FD63F
:10EE6000A0048012C0035FD600008052FEFFFF178F
:10EE7000004440F9F4FFFF17FD7BBBA9FD0300919F
:10EE8000F35301A9F55B02A9F503002AF603012A51
:10EE9000E0028052E1230191F71B00F9F70302AA77
:10EEA000240B0094F403002A80020035E02740F987
:10EEB000130840F9736201D1E02740F961620191C2
:10EEC000004000913F0000EB6100005454028012AA
:10EED0000A000014E00313AAA5080094010040B939
:10EEE0003F00156B61010054000440B91F00166B10
:10EEF00001010054F30200F9F55B42A9E003142A72
:10EF0000F35341A9F71B40F9FD7BC5A8C0035FD6A9
:10EF1000732E40F9E8FFFF17FD7BB9A9FD030091AF
:10EF2000F35301A9F30300AAF40302AAF55B02A9B3
:10EF3000F50301AAF60303AAF71B00F98C08009455
:10EF4000610240F9373440F9E40240F9440500B465
:10EF500001404039C1030034F37F04A9050000904B
:10EF6000E10316AAFF7F05A9A5C034914300805292
:10EF7000FF7F06A9041040F9E0230191827C149BD5
:10EF8000C8D7FF97E0000034007C4093F35341A9B9
:10EF9000F55B42A9F71B40F9FD7BC7A8C0035FD60C
:10EFA000E40240F9E20314AAE32B40F9E10315AAB5
:10EFB000E00313AA80003FD6F30300AAE0230191E7
:10EFC000E1D7FF97E00313AAF1FFFF17F71B40F902
:10EFD000E30316AAE20314AAE10315AAF55B42A90A
:10EFE000E00313AAF35341A9F00304AAFD7BC7A8C9
:10EFF00000021FD6A0048092E5FFFF17FD7BB9A990
:10F00000FD030091F35301A9F30300AAF40302AA3C
:10F01000F55B02A9F50301AAF60303AAF71B00F9A1
:10F0200053080094610240F9373440F9E40640F98E
:10F03000440500B401404039C1030034F37F04A902
:10F04000E5FFFFF0E10316AAFF7F05A9A5C03491F3
:10F0500023008052FF7F06A9041040F9E0230191AC
:10F06000827C149B8FD7FF9700010034137C409360
:10F07000F55B42A9E00313AAF35341A9F71B40F93A
:10F08000FD7BC7A8C0035FD6E40640F9E20314AADB
:10F09000E32B40F9E10315AAE00313AA80003FD651
:10F0A000F30300AAE0230191A7D7FF97F1FFFF1711
:10F0B000F71B40F9E30316AAE20314AAE10315AA19
:10F0C000F55B42A9E00313AAF35341A9F00304AA94
:10F0D000FD7BC7A800021FD6B3048092E5FFFF178F
:10F0E000FD7BBDA9FD030091F35301A9F30300AA21
:10F0F000F40301AAF51300F9F50302AA1C08009411
:10F10000600240F9003440F9030840F9230100B4DB
:10F11000E20315AAE10314AAF51340F9E00313AAC8
:10F12000F35341A9F00303AAFD7BC3A800021FD635
:10F13000F35341A9A0048092F51340F9FD7BC3A8C5
:10F14000C0035FD6004440F974FFFF17FD7BBCA9E4
:10F15000FD030091E1E30091F35301A9F51300F9D8
:10F16000F503002AE0028052720A00944003003541
:10F17000E01F40F953028012140840F9946201D153
:10F18000E11F40F980620191214000911F0001EBD5
:10F19000C1000054F51340F9E003132AF35341A9C9
:10F1A000FD7BC4A8C0035FD6E00314AAF007009457
:10F1B000010040B93F00156B81000054000440B9C4
:10F1C0007F02006B73A2801A942E40F9946201D1E1
:10F1D000ECFFFF17F303002AEFFFFF17FD7BBFA92A
:10F1E000FD030091DAFFFF971F4C0031A00000548F
:10F1F000E103202A007C410BFD7BC1A8C0035FD640
:10F2000000008052FDFFFF17FD7BB6A9FD030091B2
:10F21000F35301A9F403052AF55B02A9F603032AB7
:10F22000F76303A9F80307AAF96B04A9FA03042AF0
:10F23000E40302AAFB7305A9C20000B042C0129108
:10F24000030440F9E13700F9C10380D2FB0300AAAF
:10F25000F90306AAE0030291B1FBFF97E0030291D4
:10F26000B9F6FF97200C00B4F70300AA5F0700313E
:10F2700081060054E003162AD9FFFF97F303002A02
:10F28000D30AF837E13740F9E3E30191E20317AA23
:10F29000E0031BAAE7080094F503002AC009003523
:10F2A000E03F40F9B2070094160000B9857E409314
:10F2B000E1CF0432BF0001EAE2E70232E1079F1A20
:10F2C000BF0002EAE2079F1ABF3C70F2E39F0832D8
:10F2D0001F20003942781F53199401A94108010BDE
:10F2E000E2079F1ABF0003EAE3079F1A63701D53EA
:10F2F0006210020B2100020BE2F30132BF0002EAAE
:10F300002104811A012800B9E13F40F9130400B932
:10F31000014400F9E03F40F9000300F9CC070094F4
:10F32000F35341A9E003152AF55B42A9F76343A90A
:10F33000F96B44A9FB7345A9FD7BCAA8C0035FD63E
:10F34000E1E30191E0028052FA090094F303002AFC
:10F3500000030035E03F40F9150840F9B56201D1DE
:10F36000E03F40F9A1620191004000913F0000EBB5
:10F3700061000054330080120E000014E00315AA4F
:10F380007B070094FC0300AA000040B9DF02006B79
:10F39000A1010054800740B95F03006B4101005494
:10F3A000E003162A8EFFFF972001F837800700B987
:10F3B0007F02007164BA423A01010054F3031A2A31
:10F3C000B0FFFF17B52E40F9E5FFFF17F303002A42
:10F3D000F8FFFF17F303002AE00317AAF503132A27
:10F3E00069D7FF97CFFFFF1775018012CDFFFF1779
:10F3F000FD7BBBA9FD030091F35301A9F51300F9AF
:10F40000F50300AAFF2300F9FF4B00B9FE070094A3
:10F41000F30300AA000041B900781F12600201B98D
:10F42000740641B9BF3F03D5A04A40F9C10000B0FE
:10F43000E2F3009121FC13910B0C0094C000003505
:10F44000E13F40B980020432947A03123F00007118
:10F450009402801AA04A40F9C10000B0E2F3009182
:10F4600021341491000C0094C0000035E13F40B9F4
:10F4700080020332947A02123F0000719402801AD3
:10F48000A04A40F9C10000B021701491AE0C009464
:10F49000011C0012E103014B21000A122100142A71
:10F4A000BF3F03D5610601B9740A41B9BF3F03D517
:10F4B000A04A40F9C10000B0E203019121C01491BB
:10F4C000630080D22B0C009440010035E0074829EE
:10F4D0002104005100040051215C18532010002A1F
:10F4E000E14B40B9210400513400142A1400142ABD
:10F4F000BF3F03D5740A01B9740E41B9BF3F03D5AC
:10F50000A04A40F9C10000B0E20301912100159129
:10F51000630080D2170C009440010035E0074829B1
:10F520002104005100040051215C18532010002ACE
:10F53000E14B40B9210400513400142A1400142A6C
:10F54000BF3F03D5740E01B9600241B9000000321B
:10F55000600201B900008052F35341A9F51340F94C
:10F56000FD7BC5A8C0035FD6FD7BB9A9FD03009153
:10F57000F35301A9F55B02A9F76303A9F96B04A989
:10F58000FB7305A9960700941F0400B1800B00547B
:10F5900018F04391F30300AA15FB7FB9BF3F03D5D1
:10F5A000B55650D314FF7FB9BF3F03D5945A52D3F9
:10F5B000F503152A94060091190080D27A0242912F
:10F5C000200080D21720D99A3B3F1053F703372AE7
:10F5D0005A430091160080D2DF0215EB230300543A
:10F5E000390700919F0219EBA8FEFF5403FB7FB976
:10F5F000BF3F03D56318001204FB7FB9BF3F03D59B
:10F600000A0880D2845450D365F23F9100008052A2
:10F61000280080D20A01A0F27F00006B0104005490
:10F6200000008052F35341A9F55B42A9F76343A957
:10F63000F96B44A9FB7345A9FD7BC7A8C0035FD63E
:10F64000BF3F03D55B7300B95CD30191000080D24A
:10F6500034F6FF97E03700F9800340B9BF3F03D588
:10F6600020010036E03740F92EF6FF971FA00FF17A
:10F67000A8040054200080D265F6FF97CCD9FF97EC
:10F68000F6FFFF17400340B9D60600910000170AA5
:10F69000400300B95A074091D0FFFF17A90040B9B5
:10F6A000BF3F03D5C90078373F090F72E00100540E
:10F6B00000040011A5044091D8FFFF1762020A8BD5
:10F6C0000B21C09A060080529F00066BE0FEFF549B
:10F6D000470040B9C6040011E7000B2A470000B9F3
:10F6E00042044091F9FFFF17024370B90621C09A06
:10F6F0004200062A024330B9EEFFFF17A002801233
:10F70000C9FFFF17C00000B000B415913AD6FF97AB
:10F71000E9F4FF97400300B4FD7BBEA9FD0300910F
:10F72000F35301A9F40300AA000040F99F0600F971
:10F73000133440F973E201D1800240F961E2019192
:10F7400000A001913F0000EB81000054F35341A958
:10F75000FD7BC2A8C0035FD6E00313AAB8060094DD
:10F760001F7C007181000054E00313AA86060094F8
:10F77000E9FFFF97733E40F9EFFFFF17C0035FD625
:10F78000E20300AAE00301AA010100B4410040F92C
:10F79000213440F9020000F9210440F9610000B46D
:10F7A000F00301AA00021FD600008052C0035FD6FA
:10F7B000FD7BBDA9FD030091F35301A9F30301AA49
:10F7C000F40300AA010040F9E2A30091E003805293
:10F7D000670A0094C0010035E01740F9600200F9A3
:10F7E000000040F9003440F9020040F9620100B421
:10F7F000E10314AAE00313AA40003FD680000035BD
:10F80000E01740F9E10313AADEFFFF97F35341A984
:10F81000FD7BC3A8C0035FD6800A40B91F040071F6
:10F82000EC00005480000034800E40B960FE01A955
:10F83000F4FFFF17000080D2FDFFFF17A002801227
:10F84000F3FFFF17FD7BB9A9E403022AC20000B051
:10F85000FD030091F30B00F9E58300917F0000F9AF
:10F86000F30303AA42C0169103008052004840F9F6
:10F87000650B0094A00000357F0200F9E10313AA94
:10F88000E0830091CBFFFF97F30B40F9FD7BC7A806
:10F89000C0035FD6FD7BB9A9E403012A03008052AF
:10F8A000FD030091F30B00F9F30302AAE583009135
:10F8B000C10000B0C20000B02108189142C01691EA
:10F8C000510B00947F0200F980000035E10313AA78
:10F8D000E0830091B7FFFF97F30B40F9FD7BC7A8CA
:10F8E000C0035FD6004840F9EBFFFF17FD7BBEA9C0
:10F8F000FD030091F35301A9F40300AAF30302AA44
:10F900005F0000F9410100B4E20301AAC10000B0A8
:10F9100021F416912C0B0094E103002AA000F83684
:10F92000F35341A9FD7BC2A8C0035FD601008052FA
:10F93000E20313AAE00314AAF35341A9FD7BC2A872
:10F94000D5FFFF17004840F9E9FFFF17200100B479
:10F95000010040F9E10000B4210040F9213440F9F0
:10F96000210C40F9A10000B4F00301AA00021FD647
:10F97000000080D2C0035FD6A0048092FEFFFF1774
:10F98000A00100B4000040F9600100B4FD7BBFA9F4
:10F99000FD03009126060094800000B5400280928D
:10F9A000FD7BC1A8C0035FD6F7050094A0FFFFB59B
:10F9B000FBFFFF17C0035FD6600400B4FD7BBDA949
:10F9C000FD030091F35301A9F30300AAF51300F915
:10F9D000000040F9C00300B4F40301AA000040F99C
:10F9E000153440F9A01240F9600100B4E00313AAF5
:10F9F00049FFFF97A21240F9E10314AAF51340F959
:10FA0000E00313AAF35341A9F00302AAFD7BC3A8A4
:10FA100000021FD6601240B940021036E00313AA5C
:10FA2000D8FFFF97F30300AAA00000B41F0440B161
:10FA300068000054000040F920FDFFB540028092AC
:10FA400004000014000080D2C0035FD6000080D202
:10FA5000F35341A9F51340F9FD7BC3A8C0035FD65A
:10FA6000A0048092FBFFFF17200100B4010040F9C1
:10FA7000E10000B4210040F9213440F9211840F997
:10FA8000A10000B4F00301AA00021FD600008052BA
:10FA9000C0035FD6A0048012FEFFFF17200100B450
:10FAA000010040F9E10000B4210040F9213440F99F
:10FAB000211C40F9A10000B4F00301AA00021FD6E6
:10FAC00000008052C0035FD6A0048012FEFFFF1723
:10FAD000FD7BBCA9FD030091F35301A9F55B02A9CD
:10FAE000F71B00F9800400B4F50300AA000040F9F8
:10FAF000200400B4000040F9B6048012173440F925
:10FB0000E01640F9C00300B4F40301AAE00301AA1F
:10FB1000D6FFFF971F000071F303002A0410567AE6
:10FB200080010054800240F9010440F9C00000B097
:10FB300000241791CBF9FF97F55B42A9E003132A44
:10FB4000F35341A9F71B40F9FD7BC4A8C0035FD65E
:10FB5000E21640F9E10314AAE00315AA40003FD6DB
:10FB6000F303002AA0FEFF34E00314AACCFFFF97A2
:10FB7000F2FFFF1713008052F0FFFF17F303162A5E
:10FB8000EEFFFF17FD7BB6A9FD030091F35301A91A
:10FB9000F40300AAF55B02A9F76303A9F96B04A9B2
:10FBA000004840F92002F8B7D60000B0D68A179175
:10FBB000F503012A03008052E10316AAC20000B037
:10FBC00042C01691AA0A0094F303002A0007F836EF
:10FBD000804A40F9D60000B0D6261891E10316AA53
:10FBE0005A0A00940007F836000080522A000014D8
:10FBF000E30317AAE2031A2AE10316AAE00314AAF0
:10FC000011FFFF971F080031A10000545A0700118F
:10FC10007F021A6BE1FEFF54EEFFFF17C0030035B1
:10FC2000FF0640B189000054E003172A4003003565
:10FC3000E8FFFF17E30318AAE2031A2AE10319AA4F
:10FC4000E00314AA00FFFF971F14083100FEFF54C1
:10FC500020020035E02B40F99F0200EBD500003573
:10FC600060FDFF541F0740B1A9000054E003182AAB
:10FC7000EFFFFF17C1FCFF54FBFFFF17E10317AABB
:10FC8000E00318AA93FFFF971F98003100FCFF5470
:10FC9000E0FBFF36F35341A9F55B42A9F76343A9A3
:10FCA000F96B44A9FD7BCAA8C0035FD6D90000B098
:10FCB000F7E30191F843019139E717911A00805257
:10FCC000D4FFFF17007C4093810080D213FC42D305
:10FCD000E00313AA43D7FF97F70300AA600000B51B
:10FCE00060018012ECFFFF17E20300AAE30313AAEE
:10FCF000804A40F9E10316AA1E0A0094C0050035A7
:10FD0000DA0000B0F9E301915AE71791F603132ADC
:10FD1000180080D213008052DF02186B6D0400546B
:10FD2000E07A78B840020034E30319AAE203182A03
:10FD3000E1031AAAE00314AAC3FEFF97F303002A03
:10FD40001F14083180000054A00000341F08003147
:10FD5000A10100541300805205000014E03F40F957
:10FD60009F0200EB950000358100005418070091B8
:10FD7000EAFFFF17C1FFFF543F0740B1A90000543D
:10FD8000F303192A7F02007160D29F1AC2FFFF1786
:10FD9000E17A78B8E00319AA08FFFF97F303002A75
:10FDA0001F04403149FEFF54E00317AAF6D4FF9721
:10FDB000F5FFFF17F303002AFCFFFF17FD7BBFA928
:10FDC00021008052FD0300916FFFFF9700008052D9
:10FDD000FD7BC1A8C0035FD600008052C0035FD680
:10FDE000001440F9C0035FD6FD7BBFA9FD0300915D
:10FDF000000040F9D8040094001440F9FD7BC1A82C
:10FE0000C0035FD6FD7BBEA902008052FD030091B6
:10FE1000F35301A9F40300AAF30301AA004840F92F
:10FE2000C10000B02188189192090094007C409391
:10FE3000601600F9E10313AAE00314AA0805009470
:10FE4000740200F97F1600B97F0E00F9F35341A93F
:10FE5000FD7BC2A8C0035FD6FD7BBEA9FD03009158
:10FE6000F30B00F9F30300AABB040094E10300AA1A
:10FE7000E00313AAE4FFFF97F30B40F90000805260
:10FE8000FD7BC2A8C0035FD6FD7BBEA9FD03009128
:10FE9000F30B00F9000040F9AF040094F30300AA4B
:10FEA000ABFEFF971F0440B1A8000054612A40B97F
:10FEB0000008C19A612E40B9007C019BF30B40F908
:10FEC000FD7BC2A8C0035FD6FD7BBDA9FD030091E9
:10FED000F35301A9F40300AAF51300F99E0400945A
:10FEE00001008052E20300AAF30300AAE00314AA6F
:10FEF0007DFEFF97F503002AA0010035804A40F9F6
:10FF000022008052C10000B0217C1991590900944F
:10FF1000602A00B922008052C10000B0804A40F936
:10FF200021A4199153090094602E00B9F35341A9FB
:10FF3000E003152AF51340F9FD7BC3A8C0035FD683
:10FF400024344CD30224001200244092213448D39C
:10FF50000020C49A1F9001F168010054830C80D2E4
:10FF60006308C09A607C021BE103012A0020C49A46
:10FF70000008C19A00100051002400120040032A1A
:10FF8000C0035FD623008052F7FFFF17FD7BBEA999
:10FF9000FD030091F30B00F9F30300AA000040F900
:10FFA0006D040094610E40F9210C00D13FC000F1B6
:10FFB000C80700543FC0007188070054A20000D059
:10FFC00042F0329142486138610000102288228B51
:10FFD00040001FD6810480D22100C0F2010400F944
:10FFE00000008052F30B40F9FD7BC2A8C0035FD62E
:10FFF000810480D24100C0F2F9FFFF17810480D252
:02000004FFE11A
:100000008100C0F2F6FFFF17810480D20101C0F227
:10001000F3FFFF17810480D20102C0F2F0FFFF1747
:10002000810480D20104C0F2EDFFFF17810480D269
:100030000108C0F2EAFFFF17810F80D2E7FFFF1728
:10004000810F80D2ECFFFF17810F80D2EDFFFF17E9
:10005000810F80D2EEFFFF17810F80D2EFFFFF17D5
:10006000810F80D2F0FFFF17810F80D2F1FFFF17C1
:10007000810F80D20110C0F2D9FFFF17810F80D20B
:100080000120C0F2D6FFFF17810F80D20140C0F2DD
:10009000D3FFFF17810F80D20180C0F2D0FFFF177E
:1000A000C00B8012D0FFFF17A0008012CEFFFF17F9
:1000B000FD7BBDA9FD030091F35301A9F40300AA40
:1000C000F51300F9000040F923040094F30300AA9B
:1000D000150040F9E00314AAADFFFF971F7C013122
:1000E00060010054C0000035620A80B9610E40B959
:1000F000A36A62B86100210AA16A22B8F35341A938
:10010000F51340F9FD7BC3A8C0035FD60000805201
:10011000FBFFFF17FD7BBDA9FD030091F35301A970
:10012000F40300AAF51300F9000040F90A04009452
:10013000F30300AA150040F9E00314AA94FFFF9707
:100140001F7C013160010054C0000035620A80B993
:10015000630E40B9A16A62B82100032AA16A22B8DD
:10016000F35341A9F51340F9FD7BC3A8C0035FD643
:1001700000008052FBFFFF17FD7BBDA9E103012AB0
:10018000FD030091F35301A9F303022AF51300F9CB
:10019000F50300AA000040F9016861B8BF3F03D52C
:1001A000F403012A214450D33F0400F120020054FB
:1001B0003F0800F120020054410200B547C4FF97F8
:1001C000E103002AA00240F9006873B8BF3F03D5DD
:1001D000822E48D300244092F35341A92108C29AA9
:1001E000F51340F9FD7BC3A8007C019BC0035FD6DB
:1001F0004AC4FF97F3FFFF174BC4FF97F1FFFF17A8
:10020000610080D2F0FFFF17FD7BBEA9FD030091C6
:10021000F35301A9F40300AACF030094F30300AA47
:10022000E00314AA6E0400941F0400B1C00000543F
:10023000600200F900008052F35341A9FD7BC2A87F
:10024000C0035FD6A0028012FCFFFF17FD7BBDA993
:10025000FD030091F35301A9F51300F9140040F9CF
:10026000BF3F03D5000040F915C489D2013000B961
:10027000000080D22BF3FF97F30300AA800640B959
:10028000BF3F03D520010036E00313AA25F3FF97F3
:100290001F0015EBA8000054200080D25CF3FF97EC
:1002A000C3D6FF97F6FFFF17F35341A9F51340F9A3
:1002B000FD7BC3A8C0035FD6FD7BBDA9FD030091F4
:1002C000F35301A9F51300F9140040F9BF3F03D51A
:1002D000000040F915C489D2018800B9000080D21D
:1002E00010F3FF97F30300AA800640B9BF3F03D580
:1002F00020010036E00313AA0AF3FF971F0015EB55
:10030000A8000054200080D241F3FF97A8D6FF97A1
:10031000F6FFFF17F35341A9F51340F9FD7BC3A87E
:10032000C0035FD6FD7BBDA9FD030091F35301A976
:10033000F51300F9140040F9BF3F03D5000040F960
:1003400015C489D2010000B9000080D2F5F2FF97F0
:10035000F30300AA800640B9BF3F03D52001003651
:10036000E00313AAEFF2FF971F0015EBA80000545B
:10037000200080D226F3FF978DD6FF97F6FFFF1758
:10038000F35341A9F51340F9FD7BC3A8C0035FD621
:10039000020040F9E1010035425040B9BF3F03D5AA
:1003A0004201C03602008052030040F9610100356D
:1003B000635040B9BF3F03D5420400115FA00F71E5
:1003C0000001005423FFC73700008052C0035FD6EE
:1003D00042A440B9F2FFFF1763A440B9F6FFFF172C
:1003E000A00D8012FAFFFF17A50000B00800885288
:1003F00009008852E40300AAA5903791FD7BBFA9AC
:10040000060080520820A0720960A072FD030091CE
:10041000A7004079E000082AA1030035BF3F03D5BB
:10042000820040F9405000B9E00304AAD9FFFF97C9
:10043000A0030035800040F921030035005440B985
:10044000BF3F03D5A20840B90200220AA00440B968
:100450004200002AE240022A4200092A81020035B5
:10046000BF3F03D5800040F9025000B9E00304AA61
:10047000C6040011C7FFFF97A5300091DF1000717F
:1004800081FCFF54FD7BC1A8C0035FD6BF3F03D5ED
:10049000820040F940A400B9E4FFFF1700A840B96A
:1004A000E8FFFF1700008052E7FFFF17BF3F03D5AB
:1004B000800040F902A400B9EDFFFF17FD7BBCA945
:1004C000FD030091F35301A9F30300AAF55B02A910
:1004D000F76303A968C3FF97F40300AAE00313AA14
:1004E0001D030094141C00B4150040F9F30300AA86
:1004F000A14640B8BF3F03D5210000328AFFFF97D5
:10050000E00313AAE100805251FFFF97E00313AA12
:10051000E10F805269FFFF97610240F9204840B91E
:1005200000741E12204800B9610240F9209C40B9B5
:1005300000741E12209C00B9802640B9850E40B977
:10054000E103052AA5781E127EFEFF97BF3F03D563
:10055000610240F9254800B9821240B9BF3F03D576
:10056000610240F9224C00B9BF3F03D5610240F956
:10057000206000B9811640B9BF3F03D5600240F941
:10058000015800B9811A40B9BF3F03D5600240F954
:10059000015C00B9811E40B9BF3F03D5600240F93C
:1005A000016400B9812240B9BF3F03D5600240F920
:1005B000016800B9812640B9BF3F03D5600240F908
:1005C000016C00B9810240B9BF3F03D5600240F918
:1005D000013C00B9810640B9BF3F03D5600240F934
:1005E000014000B9810A40B9BF3F03D5600240F91C
:1005F000014400B9804A40B9853240B9E103052A77
:10060000A5781E124FFEFF97BF3F03D5610240F948
:10061000259C00B9823640B9BF3F03D5610240F93D
:1006200022A000B9BF3F03D5610240F920B400B950
:10063000813A40B9BF3F03D5600240F901AC00B92F
:10064000813E40B9BF3F03D5600240F901B000B917
:10065000814240B9BF3F03D5600240F901B800B9FB
:10066000814640B9BF3F03D5600240F901BC00B9E3
:10067000814A40B9BF3F03D5600240F901C000B9CB
:10068000812A40B9BF3F03D5600240F9019400B907
:10069000812E40B9BF3F03D5600240F91720805238
:1006A0003700A07218C489D2019800B9610240F9DC
:1006B000204840B900040032204800B9610240F9E6
:1006C000209C40B900040032209C00B901008052F7
:1006D000E00313AA45FFFF9721008052E00313AA0D
:1006E00042FFFF97000080D20EF2FF97F60300AAA8
:1006F000A00240B9BF3F03D5FF02206A2001005489
:10070000E00316AA07F2FF971F0018EBA800005499
:10071000200080D23EF2FF97A5D5FF97F5FFFF1787
:10072000814E40B9BF3F03D5600240F901D400B902
:10073000815240B9BF3F03D5600240F901D800B9EA
:10074000815640B9BF3F03D5600240F901DC00B9D2
:10075000815A40B9BF3F03D5600240F901E000B9BA
:10076000815E40B9BF3F03D5600240F901E400B9A2
:10077000816240B9BF3F03D5600240F901E800B98A
:10078000816640B9BF3F03D5600240F901EC00B972
:10079000816A40B9BF3F03D5600240F901F000B95A
:1007A000BF3F03D5610240F920008052207800B994
:1007B000BF3F03D5610240F920CC00B9600240F987
:1007C000004840B9BF3F03D500000332BF3F03D507
:1007D000610240F9204800B9600240F9009C40B92C
:1007E000BF3F03D500000332BF3F03D5610240F98C
:1007F000209C00B9E00313AA0100805294FEFF97E9
:10080000E00313AA01008052ACFEFF97610240F999
:10081000201440B900741C12201400B9610240F980
:1008200020F440B9005C181220F400B9404238D5D9
:10083000000C02531F0C0071A10000540080905264
:10084000E0FAA27200E01BD500E03BD5600240F95F
:10085000010040B9BF3F03D521781F12E00313AA5E
:10086000B1FEFF97F35341A900008052F55B42A906
:10087000F76343A9FD7BC4A8C0035FD6FD7BBDA978
:10088000E103012AFD030091F35301A9F51300F9D7
:10089000F503022A020040F9416861B8BF3F03D561
:1008A000214850D33F080071A00300548801005430
:1008B000F40300AA6102003501098052820D8052C2
:1008C0002EFEFF97810240F9216875B8BF3F03D51E
:1008D000212840920008C19A060000143F0C0071C4
:1008E000400200543F10007140020054000080D2CA
:1008F000F35341A9F51340F9FD7BC3A8C0035FD6AC
:10090000F303032A81138052021880521BFEFF97C3
:10091000810240F9216873B8EDFFFF176FC2FF979E
:10092000E003002AF3FFFF177CC2FF97FDFFFF17CC
:100930007DC2FF97FBFFFF17FD7BBFA90316805207
:10094000820B8052FD03009101088052CCFFFF977B
:10095000FD7BC1A8C0035FD6FD7BBEA9FD0300914E
:10096000F30B00F9F30300AAF4FFFF97E003002A5A
:10097000610240F9214440B9BF3F03D5212448D347
:10098000F30B40F90024C19AFD7BC2A8C0035FD6D7
:10099000FD7BBDA9FD030091F35301A9F40300AA57
:1009A000F51300F9000040F9EB010094F30300AAED
:1009B000810E40F93F0C00F180040054227800D1F0
:1009C0005F5400F1081100545F540071C8100054C6
:1009D000A00000B000A039910058627862000010B9
:1009E00040A8208B00001FD6E00313AA8315805275
:1009F000020B805281078052A1FFFF97610240F9EC
:100A0000213C40B9BF3F03D52128409221040091E9
:100A10000008C19AF35341A9F51340F9FD7BC3A81F
:100A2000C0035FD6E00313AAC4FFFF97610240F939
:100A3000E003002A214440B9BF3F03D5210400123E
:100A40000024C19AF4FFFF17010040F9210440B9C6
:100A5000BF3F03D58100C036B8FFFF97007C01532C
:100A6000EDFFFF17B5FFFF97007C0253EAFFFF176A
:100A7000E00313AAB1FFFF97610240F9E003002AE7
:100A8000214440B9BF3F03D5214450D3EDFFFF17A8
:100A9000E00313AA83178052020D8052811C8052FA
:100AA00077FFFF97610240F921E440B9BF3F03D5CA
:100AB00021284092210400910008C19A008442D369
:100AC000D5FFFF17600240F9009440B9BF3F03D53E
:100AD0003FA00071E003002AA103005400681A53EC
:100AE0001F000071011B80D2801A80D20000819A01
:100AF000610240F9F5179F1A346860B8BF3F03D50B
:100B0000804A50D3942A00121F0800712005005417
:100B100088020054B50200126003003501098052BA
:100B2000E00313AA820D805294FDFF97610240F901
:100B3000E003002A55020034216440B9BF3F03D5C9
:100B4000212840920008C19A0A00001402705CD368
:100B50003FA40071006C5BD30000821AE1FFFF1715
:100B60001F0C0071A00200541F100071A00200545D
:100B7000940600110008D41AA7FFFF17216840B996
:100B8000EFFFFF1781138052E00313AA021880526F
:100B90007AFDFF97610240F9E003002A75000034F6
:100BA00021B840B9E6FFFF1721BC40B9E4FFFF17A9
:100BB000CAC1FF97EFFFFF17D8C1FF97EDFFFF17DF
:100BC000D9C1FF97EBFFFF17E00313AA63FFFF975D
:100BD000E003002A90FFFF17E00313AA5FFFFF97CF
:100BE000A2FFFF17A00080928BFFFF17C1022836DB
:100BF000FD7BBEA9FD030091F35301A913FC001175
:100C000073661A12000880D2737E4093E10313AA20
:100C1000ABD3FF97F40300AAE00000B4E20313AAE9
:100C2000010080525AF0FF978102138BE00314AA4F
:100C3000EAC2FF97E00314AAF35341A9FD7BC2A8BF
:100C4000C0035FD6017C4093200080D265D3FF179C
:100C5000FD7BB9A9FD030091F35301A9F40301AA97
:100C6000F55B02A9F60300AAF76303A9F80303AA38
:100C7000F70306AAF96B04A9F90302AAFA0304AA66
:100C8000FB2B00F9FB0305AA460000B4DF0000F9C6
:100C9000591100B4800A40B9E1A30191A503009461
:100CA000F503002A400C0035011380D2200080D2C9
:100CB0004CD3FF97F30300AA401000B415E0019154
:100CC00000A0019101008012B55600A9000000A902
:100CD00060620191000000A9746600A9E03740F944
:100CE000780A00F97ADA02A9602200F9618E00B967
:100CF0007B4A00F9000440F9017440B90101003752
:100D0000E03740F9010440F9217440B98101083706
:100D100041040094608E00B909000014010040F9FC
:100D200001FFFFB4FBFEFFB7400A40F963320291B6
:100D3000E2031B2A9EECFF9740FEFF35805E40B920
:100D400040010034380100B5608A40B900001F320C
:100D5000608A00B9200080D2815E80B921D3FF97DC
:100D6000400A00B4600A00F9E03740F9000440F995
:100D7000016840B921010034608A40B9217C409368
:100D800000001C32608A00B9200080D215D3FF9782
:100D9000C00800B4601200F9D60200B4C00240F9E5
:100DA000016440B9A1000035C02240F9000440F9B7
:100DB000017040B921010034608A40B9217C409320
:100DC00000001D32608A00B9200080D205D3FF9751
:100DD000C00600B4600E00F9C13A40F9D53A00F9F6
:100DE000C0A20191603E00F9A10600F9350000F9AA
:100DF000E00313AA08050094F503002AA0050035B6
:100E0000810E40F9410200B5360300B5E03740F9E4
:100E1000000440F9010840F9A10300B5370400B50A
:100E2000608A40B900001A32608A00B9F35341A9C0
:100E3000E003152AF55B42A9F76343A9F96B44A9BE
:100E4000FB2B40F9FD7BC7A8C0035FD6E00313AAC4
:100E500020003FD6F403002A80FDFF34E00313AAEC
:100E6000F503142AC8D0FF97F1FFFF17C00240F91D
:100E7000012040F9C1FCFFB4E00313AA20003FD6D3
:100E8000F403002A40FCFF34F5FFFF17E00313AA28
:100E900020003FD6F403002A20FCFF34F0FFFF17A8
:100EA000F30200F9DFFFFF1774018012ECFFFF1758
:100EB000F403002AEAFFFF17B5028012DCFFFF17D8
:100EC00075018012DAFFFF17E60305AAE50304AAFD
:100ED000E40303AA030080D25EFFFF17FD7BBDA9D8
:100EE000FD030091F35301A9F40300AAF30302AA3E
:100EF000F55B02A9361C0012F50303AA400040F975
:100F000045010094C00100B4E10300AA7600003658
:100F1000007040B9E0011036620E40A9E60315AA40
:100F2000F55B42A9E00314AAF35341A9050080929E
:100F3000FD7BC3A8040080D246FFFF17200080126B
:100F4000F35341A9F55B42A9FD7BC3A8C0035FD65B
:100F500000008012FBFFFF17600800B4FD7BBEA9F4
:100F6000FD030091F35301A9F30300AA008840B9DF
:100F700040056037601A40F9800400B5740240F9FA
:100F8000805A40B9E0040035602240F9010440F97C
:100F9000206440B9E0000034622640F9A20000B5A8
:100FA000217440B912FFFF97600400B4602600F975
:100FB000611A40F9C10100B4200040F9006040B955
:100FC000A0000035202040F9000440F9006C40B931
:100FD000E0000034612A40F9A10000B5817240B9F7
:100FE00003FFFF97800200B4602A00F9600240F915
:100FF000011C40F9C10200B5608A40B900001432FA
:10100000608A00B905000014D4FFFF976001003525
:10101000608A40B940FB6736000080520700001428
:10102000611E40F921FBFFB5817240B9F0FEFF97C8
:10103000A00000B560018012F35341A9FD7BC2A856
:10104000C0035FD6601E00F9D0FFFF17604A40F969
:1010500040FDFFB7E00313AA20003FD6E0FCFF34B9
:10106000F6FFFF17A0028012C0035FD6000700B48E
:10107000FD7BBEA9FD030091F35301A9F30300AA70
:10108000018840B9A100003600008052F35341A905
:10109000FD7BC2A8C0035FD6140040F9AFFFFF97E5
:1010A00020010035601A40F9600100B5608A40B93E
:1010B00000000032608A00B9E00313AA72040094B1
:1010C00040010034618A40B921781F12618A00B959
:1010D000EFFFFF17E6FFFF9760FFFF35608A40B91B
:1010E00060FE0736E9FFFF17601A40F9A00100B55E
:1010F000604A40F9A000F8B7E00313AA010080524B
:10110000A1FAFF9700FEFF35811240F9810100B579
:10111000E00313AA7604009480FBFF34EAFFFF1774
:10112000000040F9012440F941FEFFB4E00313AA96
:1011300020003FD6E0FDFF34E3FFFF17E00313AAD2
:1011400020003FD660FEFF34DFFFFF17A0028012B1
:10115000C0035FD6400000B4000840F9C0035FD66A
:10116000400000B4000C40F9C0035FD6400000B45A
:10117000001040F9C0035FD6400000B4001C40F9E5
:10118000C0035FD6400000B4002440F9C0035FD61E
:10119000400000B4002840F9C0035FD6023440F993
:1011A00003A001915F0003EB40E001D100109F9A82
:1011B000200000F900008052C0035FD6010040F912
:1011C000221840F9233C40F942A0019161E001D18D
:1011D0007F0002EB21109F9A010000F9000080526D
:1011E000C0035FD65F0000F9038C46F863E001D1CD
:1011F00064E001919F0000EB610000544002801206
:1012000008000014642040F9840440F9840840B9BF
:101210003F00046B8100005400008052430000F93D
:10122000C0035FD6633C40F9F1FFFF17001840F997
:10123000C0035FD6001440F9C0035FD6002040F918
:10124000000440F9000840B9C0035FD6018840B9E6
:1012500021001932018800B9C0035FD6012400F9CA
:10126000C0035FD6FD7BBFA9FD030091004840F994
:10127000960500941F000071E0079F1AFD7BC1A82E
:10128000C0035FD6FD7BBEA9E403012A060080529D
:10129000FD030091F35301A9F40300AAE003032A1C
:1012A000E103002A050080D2400A40F9A30000F0C3
:1012B000633C1D9173ECFF97F30300AA1F0400B178
:1012C00040010054801A40F9DDFFFF971FC00171F3
:1012D000C1000054801A40F9E10313AAF35341A955
:1012E000FD7BC2A833040014E00313AAF35341A901
:1012F000FD7BC2A8C0035FD6FD7BBDA9FD030091A5
:10130000F35301A9F30300AAF403012AF51300F92A
:10131000400A40F9754A40F9E103152A26E8FF978B
:10132000E203152AE303002AF51340F9E103142A26
:10133000E00313AAF35341A9FD7BC3A8D2FFFF1713
:10134000FD7BBCA9FD030091F35301A9F30300AA9F
:10135000F403012AF55B02A9F71B00F9F70302AABF
:10136000400A40F9764A40F9E103162A12E8FF974D
:10137000F503002AE103002A400A40F9E50317AA11
:10138000E403142AE203162A06008052A30000F0A8
:10139000633C1D913BECFF97F71B40F9E303152AD3
:1013A000E203162AE103142AF55B42A9E00313AA1B
:1013B000F35341A9FD7BC4A8B3FFFF17FD7BBFA971
:1013C000FD030091DFFFFF971F0400B141000054AF
:1013D000000080D2FD7BC1A8C0035FD6010080520F
:1013E000C6FFFF17FD7BBFA9FD030091C3FFFF9759
:1013F0001F0400B141000054000080D2FD7BC1A851
:10140000C0035FD601008052F7FFFF17F6FFFF17FA
:10141000FDFFFF17FD7BBDA9010100F021E02D912B
:10142000FD030091F35301A9140100F094C202914D
:10143000F51300F9F50300AA000100F000C00291C5
:10144000330000CBE0EB03B2E0DD9DF273FE43938B
:10145000737E009B000F8052737E209B9302138B40
:101460007F0214EBE1000054140080D2F51340F920
:10147000E00314AAF35341A9FD7BC3A8C0035FD6C0
:10148000810240F9E00315AAEEEDFF9700FFFF345B
:1014900094E20191F3FFFF17010100F0E303002A3A
:1014A000020100F020E0319142E0319121010090F1
:1014B00021801591210002CBE2EB03B2E2DD9DF227
:1014C00021FC4393217C029B020F8052217C229BB2
:1014D0000100018B3F0000EB61000054000080D24E
:1014E000C0035FD6020840B95F00036BA0FFFF5442
:1014F00000E00191F8FFFF17FD7BB9A9FD03009102
:10150000F76303A9F70300AA000100F000E02D91A2
:10151000F96B04A93A1C0012010100F021202E9160
:10152000F35301A9210000CB5901805214008052CD
:10153000FB2B00F933FC4493F55B02A9150100F085
:10154000B5E22D91FB03132A180080D216008052B9
:101550007F03186B0C0200549F020071841A4B3AEF
:101560009412961ADF2E0031610000543907007181
:10157000A1FEFF54F55B42A9E003142AF35341A9ED
:10158000F76343A9F96B44A9FB2B40F9FD7BC7A87E
:10159000C0035FD6E1031A2AE3A30191A212188BBC
:1015A000E00317AA4EFEFF97010400113F040071EB
:1015B00089000054DF0200710018423AD602801AF6
:1015C00018070091E3FFFF17FD7BBDA9FD03009104
:1015D000F35301A9F30300AAF40302AAE00301AA4A
:1015E000F55B02A9F50303AAF60304AA8AFFFF9795
:1015F000600100B4E10300AAE50316AAE40315AAFA
:10160000E20314AAF55B42A9E00313AAF35341A92C
:10161000030080D2FD7BC3A82CFEFF17F35341A922
:1016200020008012F55B42A9FD7BC3A8C0035FD6F2
:10163000E40303AA03008092E4FFFF17FD7BB7A930
:10164000FD030091F35301A9140100F0130100F010
:10165000F55B02A994C2029173E22D91F76303A98D
:10166000F50301AA170100F0F96B04A9F7C2029172
:10167000F60302AAFB7305A9F90303AA9B1C001237
:10168000E03F00F9420000B45F0000F9E00315AA52
:10169000C6030094E2130291A10000F021A8069174
:1016A000E03B00F9E00315AA1A040094F80300AA2D
:1016B000200300B4730217CBE0EB03B2E0DD9DF230
:1016C0007B03001273FE439317008052737E009BCE
:1016D000000F8052737E209B8002138BE03700F94D
:1016E000E08740B91F00176BCD0100541CC3378B36
:1016F000F30314AAE03740F91F0013EB2102005452
:10170000E0031CAA6FEDFF9700040091F702000BA5
:10171000F4FFFF17E08740B91F0400314100005477
:1017200000008052F35341A9F55B42A9F76343A936
:10173000F96B44A9FB7345A9FD7BC9A8C0035FD61B
:10174000F90000B47F0219EB6000005473E20191CC
:10175000E9FFFF177A0A40F99A0100B47A0A40F9C2
:101760007AFFFFB4400340F920FFFFB4E1031CAA55
:1017700034EDFF97A00000345A430091FAFFFF17A1
:10178000430740F909000014DB000034E00315AA08
:101790001F04009460000037607240B920FC1736C7
:1017A0001AFFFFB5030080D2E20347A9E5230291A7
:1017B000E40315AAE10313AAC4FDFF971F4C0031EF
:1017C00000FAFF5400FBFF35D6FAFFB4E04740F9BA
:1017D000C00200F9D3FFFF17FD7BBBA9FD030091F9
:1017E000F35301A9F55B02A9F76303A9F92300F9F3
:1017F000C105F8B7F50300AA561C0012400A40F9CB
:101800001700809214008052C0E4FF971F000071FF
:1018100013A0971A737E40937F0600B10101005414
:10182000F55B42A9E003142AF35341A9F76343A9E6
:10183000F92340F9FD7BC5A8C0035FD6E00313AAD6
:101840005A030094400A40F9F903132AE103132ACA
:10185000C7E9FF9740010035F803142A400A40F910
:10186000E103192AF403182AB5E4FF97137C409387
:101870007F02007173A2979AE8FFFF17E403162A0C
:10188000E10313AAE00315AA030080D2020080D26C
:101890006BFFFF971F000071F803002A801A407A3F
:1018A000C1FDFF54EEFFFF1714008052DDFFFF174C
:1018B000FD7BBDA9FD030091F35301A9F30300AA29
:1018C000F51300F9351C0012004840F941010037BA
:1018D000608A40B980017836E00313AAE4FDFF97DF
:1018E00020010034F35341A9F51340F9FD7BC3A84F
:1018F000C0035FD66001F8B6600240F9007040B9DD
:1019000080FE1737748E46F894E201D180E201918F
:101910001F0013EBC100005400008052F2FFFF17BC
:10192000BB03009460FD0737F4FFFF17E00314AA20
:10193000E103152ADFFFFF97943E40F9F3FFFF17FD
:10194000407A40F9C00200B5FD7BBFA940E2039197
:10195000A2000090FD030091408600F942402891CA
:10196000000000A943C2039101008052000080D210
:101970005BFDFF9700010035417A40F93F4800F9CF
:10198000407A40F9BAFDFF9760000035416203914B
:10199000210400A9FD7BC1A8C0035FD6A00280126C
:1019A000C0035FD6FD7BBFA9E103002AFD030091C0
:1019B000407A40F9D1FEFF971F08003141000054E2
:1019C00000008052FD7BC1A8C0035FD6421A40F9D7
:1019D000014840F9E20322AA420000127FFFFF17EC
:1019E000E203002A010080D2407A40F97BFFFF1712
:1019F000FD7BBBA9FD030091F35301A9141C001248
:101A0000A00000B000E03891E01B00F9A00000F059
:101A100000E41A91E01F00F9A00000F000041B91FF
:101A2000E02300F9A00000F000800D91F51300F90B
:101A3000E02700F9E003142AEAFFFF97A001003530
:101A4000F5C30091130080D2A07A73F810030094BC
:101A5000E10300AA407A40F9E203142A5FFFFF97EE
:101A600080000035730600917F1200F1E1FEFF5403
:101A7000F35341A9F51340F9FD7BC5A8C0035FD618
:101A800000008052C0035FD6411A40F9407A40F905
:101A9000E10321AA2100001286FFFF17FD7BBEA9EA
:101AA000FD030091F30B00F9131C0012000080529B
:101AB000A4FFFF9760010035E003132ABAFFFF97E8
:101AC00000010035E003132ACAFFFF97A00000358C
:101AD000E003132AF30B40F9FD7BC2A8E9FFFF17CF
:101AE000F30B40F9FD7BC2A8C0035FD6E203002AD6
:101AF000407A40F9000100B4438640F9610040F9A2
:101B0000208000D1018000917F0001EB6100005432
:101B1000000080D2C0035FD6010440F9210840B91B
:101B20003F00026B80FFFF54011040F9F5FFFF17E3
:101B3000FD7BBCA9FD030091F35301A9F55B02A94C
:101B4000F71B00F9F70301AA418640F9010800B428
:101B5000FF0200F9E403002AE5FFFF97400700B504
:101B6000E003042A4DFEFF97F60300AA400700B4E5
:101B7000010680D2200080D29ACFFF97F30300AAFB
:101B8000E00600B4C16240B9C1000034217C40933A
:101B9000200080D293CFFF97200500B4600200F9A7
:101BA0007582009160420091760600F9B55600A951
:101BB000000000A9408640F9010040F9350400F911
:101BC000611200F9A00600F9150000F9C12A40F9D8
:101BD000010300B4E00313AA20003FD6F403002A57
:101BE00080020034C06240B980000034600240F9D5
:101BF00065CDFF977F0200F9611240F9A00640F918
:101C0000200400F9010000F97F1200F9BF0600F975
:101C1000E00313AA5CCDFF97F55B42A9E003142A09
:101C2000F35341A9F71B40F9FD7BC4A8C0035FD65D
:101C3000F30200F914008052F8FFFF1774018012BC
:101C4000F4FFFF17E00200F9FBFFFF1754048012B6
:101C5000F2FFFF17F40B8012F0FFFF1774018012E0
:101C6000EEFFFF17FD7BBDA9FD030091F35301A912
:101C7000F303012AF40302AA5F0000F9E1A3009133
:101C8000ACFFFF97E0010035E11740F922400091D9
:101C9000230840F95F0003EBC0000054636001D1EA
:101CA000E103132A646001915F0004EB61000054BA
:101CB0004002801203000014A1000035830200F9E5
:101CC000F35341A9FD7BC3A8C0035FD6632C40F941
:101CD00021040051636001D1F3FFFF17FD7BBDA913
:101CE000FD030091F30B00F9F30301AA3F0000F993
:101CF000E1A300918FFFFF9700010035E11740F944
:101D000022400091210840F93F0002EB600000549E
:101D1000216001D1610200F9F30B40F9FD7BC3A8FA
:101D2000C0035FD6FD7BBBA9FD0300917F0000F9D6
:101D3000F35301A9F55B02A9F76303A9610400B499
:101D4000F60301AA557C4093F70303AAE12301910E
:101D500078FFFF97F303002A80020035F82740F947
:101D6000140F41F8946201D1806201911F0018EBB9
:101D700061000054530280120C000014800640F9E8
:101D8000E20315AAE10316AAB7EBFF97F303002AB3
:101D900080010035800640F9CAEBFF97BF0200EBD7
:101DA00001010054F40200F9F55B42A9E003132A93
:101DB000F35341A9F76343A9FD7BC5A8C0035FD6D0
:101DC000942E40F9E8FFFF17B3028012F7FFFF17C8
:101DD000FD7BBDA9FD030091F35301A9F403002A83
:101DE000F30301AAE00301AAF51300F9F50302AA1F
:101DF000B4EBFF97E30315AAE203002AF51340F9B9
:101E0000E10313AAE003142AF35341A9FD7BC3A8FD
:101E1000C5FFFF17FD7BBEA9FD030091F30B00F981
:101E2000F30300AA000440F9017440B9E10100364F
:101E3000010040F9400A40F9800100B4A6E8FF978C
:101E4000E10313AA220C41F8426001D143600191E1
:101E50007F0001EBE1000054F30B40F90004001196
:101E6000FD7BC2A8C0035FD600008012F5FFFF17FC
:101E7000438C40B9422C40F91F00036B00A0831A29
:101E8000F2FFFF175F0000F93F04003161000054CA
:101E900040028012C0035FD6FD7BBDA9FD03009107
:101EA000F35301A9F303012AF40302AAE1A3009169
:101EB00020FFFF9700010035E11740F9230C41F89E
:101EC000636001D1626001915F0001EBA1000054E9
:101ED00040028012F35341A9FD7BC3A8C0035FD623
:101EE000628C40B95F00136B61000054830200F9FB
:101EF000F9FFFF17632C40F9F2FFFF175F0000F9AD
:101F00006100F83640028012C0035FD6FD7BBDA998
:101F1000FD030091F35301A9F303012AF40302AA7C
:101F2000E1A3009103FFFF9700010035E11740F99D
:101F3000230C41F8636001D1626001915F0001EB05
:101F4000A100005440028012F35341A9FD7BC3A8B5
:101F5000C0035FD6624840F97F02026B6100005403
:101F6000830200F9F9FFFF17632C40F9F2FFFF1716
:101F70005F0000F96100F8B640028012C0035FD62E
:101F8000FD7BBDA9FD030091F35301A9F30301AA51
:101F9000F40302AAE1A30091E6FEFF9700010035D9
:101FA000E11740F9230C41F8636001D162600191AF
:101FB0005F0001EBA100005440028012F35341A9DD
:101FC000FD7BC3A8C0035FD6624840F95F0013EBF6
:101FD00061000054830200F9F9FFFF17632C40F9F8
:101FE000F2FFFF17FD7BBCA9FD030091F35301A98C
:101FF000F40301AAE1E30091F51300F9F50302AA45
:10200000CCFEFF9700020035E01F40F9130C41F8A9
:10201000736201D1616201913F0000EB61000054E5
:102020004002801208000014610240F93F0014EBE6
:1020300021010054E00313AA0DFCFF974000003576
:10204000B30200F9F35341A9F51340F9FD7BC4A88D
:10205000C0035FD6732E40F9EEFFFF17C1010035B4
:10206000FD7BBEA9FD030091F35301A9F40300AA6F
:10207000F30302AAFEFBFF97E103002A40000035AC
:10208000740200F9F35341A9E003012AFD7BC2A8C1
:10209000C0035FD6E003012AC0035FD6FD7BBDA964
:1020A000FD030091F30B00F9F30302AAE2A30091F0
:1020B0007F0200F9ECFEFF97E103002AE01740F9E8
:1020C000E20313AAF30B40F9FD7BC3A8E4FFFF175B
:1020D000FD7BBDA9FD030091F30B00F9F30302AAF8
:1020E000E2A300917F0200F93AFFFF97E103002A83
:1020F000E01740F9E20313AAF30B40F9FD7BC3A8F4
:10210000D7FFFF17FD7BBDA9FD030091F30B00F97D
:10211000F30302AAE2A300917F0200F95AFFFF979E
:10212000E103002AE01740F9E20313AAF30B40F998
:10213000FD7BC3A8CAFFFF17FD7BBDA9FD0300916E
:10214000F30B00F9F30302AAE2A300917F0200F966
:102150006BFFFF97E103002AE01740F9E20313AA9F
:10216000F30B40F9FD7BC3A8BDFFFF17FD7BBDA9A5
:10217000FD030091F30B00F9F30302AAE2A300911F
:102180007F0200F97BFFFF97E103002AE01740F987
:10219000E20313AAF30B40F9FD7BC3A8B0FFFF17BE
:1021A000FD7BBEA9FD030091F30B00F9F30301AA27
:1021B0003F0000F9CAFEFF97E0000035610240F9D8
:1021C000A10000B4F30B40F9E00301AAFD7BC2A813
:1021D000A7FBFF17F30B40F9FD7BC2A8C0035FD636
:1021E000FD7BBEA9FD030091F30B00F9F30301AAE7
:1021F000ECFFFF97A0000035600240F91F0000F1DE
:1022000040028012E013801AF30B40F9FD7BC2A854
:10221000C0035FD6FD7BBEA9FD030091F35301A966
:1022200014600191012040F921400091220440F9FD
:10223000340400F9018805A9540000F9011840F997
:10224000E10100B4212040F9210440F9211C40F9AA
:10225000610100B4F30300AA20003FD6A0000034BF
:10226000628645A9410400F9220000F97FFE05A914
:10227000F35341A9FD7BC2A8C0035FD60000805282
:10228000FCFFFF17FD7BBEA9FD030091F30B00F9D6
:10229000F30300AA012040F9210440F9211040F97C
:1022A000A10000B5601A40F9000100B5000080529D
:1022B0000300001420003FD660FFFF34F30B40F909
:1022C000FD7BC2A8C0035FD6002040F9000440F99E
:1022D000012040F9C1FEFFB4E00313AAF00301AAF4
:1022E000F30B40F9FD7BC2A800021FD6FD7BBEA9FF
:1022F000FD030091F30B00F9F30300AA011840F964
:10230000210100B5602240F9000440F9011440F9B0
:10231000810100B500008052F30B40F9FD7BC2A89B
:10232000C0035FD6212040F9210440F9212440F95F
:10233000A1FEFFB420003FD660FEFF34F7FFFF1779
:10234000E00313AAF00301AAF30B40F9FD7BC2A836
:1023500000021FD6FD7BBDA9FD030091F35301A927
:10236000F40300AA82FBFF97F30300AAA10000D0A8
:10237000804A40F9E283009121C40D91630080D22C
:102380007C000094E0000035E02340B9600200F9D1
:10239000E02740B9600A00F9E02B40B9600600F977
:1023A000E00314AAF35341A9FD7BC3A888FDFF17DE
:1023B000FD7BBEA9FD030091F30B00F9F30301AA15
:1023C0006BFBFF97010040F93F0013EB080100543D
:1023D000020440F92200028B5F0013EB89000054D5
:1023E000000840F97302008B730201CBE00313AACB
:1023F000F30B40F9FD7BC2A8C0035FD6FD7BBDA9EE
:10240000FD030091F35301A9F303022AE20301AA99
:10241000E103002AF40303AA400A40F9E3B3009160
:1024200021E3FF97800100B4E12F80B9620600111B
:102430003FC822EB4301005400D873B80008C05ACB
:10244000800200B900008052F35341A9FD7BC3A86C
:10245000C0035FD6A0028012FCFFFF174009801264
:10246000FAFFFF17E30302AA02008052E4FFFF17FE
:10247000FD7BBEA9FD030091E3730091E21F00B94B
:1024800002008052DEFFFF97E01F40B9FD7BC2A82B
:10249000C0035FD6FD7BBEA9FD030091E21F00B91A
:1024A000E2730091F0FFFF97E01F40B9FD7BC2A8E7
:1024B000C0035FD6FD7BBDA9FD030091F30B00F9BE
:1024C000F30302AAE20301AAE103002A400A40F949
:1024D000E3B30091F4E2FF97E00000B5730000B4AD
:1024E00001008012610200B9F30B40F9FD7BC3A823
:1024F000C0035FD6B3FFFFB4E12F40B9FAFFFF1767
:10250000FD7BBDA9FD030091E2B30091F35301A946
:10251000E9FFFF97C00000B5130080D2E00313AAC3
:10252000F35341A9FD7BC3A8C0035FD6F42F80B944
:10253000F30300AAE10314AAF9E9FF979F0200EB55
:10254000E8FEFF54F5FFFF17FD7BBEA9FD030091D8
:10255000E2730091D8FFFF97E11F40B91F0000F11F
:10256000A0028012FD7BC2A82010801AC0035FD693
:10257000E403032AE30302AAE20301AAE103002A17
:10258000400A40F91AE7FF17FD7BBFA9E103002AC3
:10259000FD030091400A40F987E3FF97007C4093D8
:1025A000FD7BC1A8C0035FD6E10300AA8000F8B795
:1025B000400A40F9020080D2E7E1FF17000080D214
:1025C000C0035FD6FD7BBFA9E30302AAE20301AA11
:1025D000FD030091E103002A400A40F9F1E3FF976F
:1025E0001F040031C00000541F000071A1028012BE
:1025F00000A0811AFD7BC1A8C0035FD680078012AE
:10260000FDFFFF17FD7BB9A9FD030091F35301A95D
:10261000F30305AAE503042AE403032AE30302AA59
:10262000E20301AAE103002A400A40F9E6A300916F
:102630000EE7FF97F403002A20010035E02B80B954
:10264000E1C30091600200F9020880D2E02F40B996
:10265000600A00B960320091E7E9FF97E003142AAD
:10266000F35341A9FD7BC7A8C0035FD6E403032A47
:10267000E30302AAE20301AAE103002A400A40F9A7
:10268000060080D205008012F8E6FF17FD7BBFA987
:10269000E10300AAFD030091400A40F908E3FF9717
:1026A0001F00007100A09F5AFD7BC1A8007C4093D1
:1026B000C0035FD6FD7BBEA9FD030091F35301A9C2
:1026C000F40301AAF30300AAA00000D0008406913D
:1026D000EFFFFF97E20314AAE10313AAF35341A902
:1026E000FD7BC2A874FFFF17FD7BBFA9010080D24C
:1026F000FD030091F0FFFF97600000B4FD7BC1A8CF
:10270000E3FFFF1700008092FD7BC1A8C0035FD6E6
:10271000E30302AAE20301AAE103002A400A40F906
:1027200061E2FF17FD7BBFA9020080D2FD0300918B
:10273000F8FFFF971F0000F1E0079F1AFD7BC1A87B
:10274000C0035FD6F8FFFF17E103002A400A40F9F3
:10275000BEE5FF17E103002A400A40F9C8E5FF176C
:10276000FD7BBCA9FD030091F35301A9F40300AA6A
:10277000F30302AAF55B02A9F503012AF76303A993
:10278000781C0012620000B4E07F40B2400000F903
:10279000E00314AA7DFFFF97F70300AAEBFFFF9762
:1027A000F603002AE00317AAEBFFFF97E503002AD0
:1027B000E703182AE60313AAF76343A9E403162ADA
:1027C000E303152AE103142AF35341A9A20000D020
:1027D000F55B42A9423C1D91FD7BC4A8400A40F92B
:1027E00003E7FF1723008052DEFFFF17FD7BBEA922
:1027F000FD030091E2630091FBFFFF97FD7BC2A800
:10280000C0035FD601008052F9FFFF1720008052FD
:10281000C0035FD6FD7BBDA9E303012AE103002AC3
:10282000FD030091F30B00F9E4830091F30302AA86
:10283000A20000D0400A40F9423C1D913BE7FF97BF
:10284000A001F837E00313AA020780D201008052EA
:102850004FE9FF97E01340F9600200F9E01740F9F3
:10286000600600F900008052F30B40F9FD7BC3A81D
:10287000C0035FD6A0028012FCFFFF17FD7BBEA93C
:10288000FD030091F35301A9F40302AAF30300AA84
:10289000E20301AAA10000D021041C914AFFFF9786
:1028A000E000F837E103002AE20314AAE00313AAC8
:1028B000F35341A9FD7BC2A8D7FFFF17F35341A9EA
:1028C000FD7BC2A8C0035FD6FD7BBFA9E20301AABE
:1028D000E103002AFD030091400A40F98DE3FF97D0
:1028E0001F000071E0179F1AFD7BC1A8C0035FD6CF
:1028F000FD7BBFA9E403032AE30302AAFD030091C1
:10290000E20301AAE103002A400A40F9BBE2FF9773
:10291000007C4093FD7BC1A8C0035FD6FD7BBEA9B0
:10292000FD030091F35301A9F40300AAF303012A64
:10293000A00000D0002C1C9155FFFF97C000F8B7F5
:10294000E203132AE10314AAF35341A9FD7BC2A8B1
:10295000C8FEFF17E003132AF35341A9FD7BC2A869
:10296000C0035FD6014840F96100F8B6000080520C
:10297000C0035FD6FD7BBBA9FD030091F35301A902
:10298000B40000D0943E1D91F55B02A9B50000D0C3
:10299000B5621C91F71B00F9400A40F95BE0FF9714
:1029A0001F00007100A09F5A137C40937F0600B166
:1029B000E100005400008052F35341A9F55B42A9A5
:1029C000F71B40F9FD7BC5A8C0035FD6E00313AA3F
:1029D000F6FEFF97A00600B4E3330191E10314AAC9
:1029E000E00313AA2200805285FEFF97F603002A17
:1029F000C0050035E00313AA83FFFF97F70300AA81
:102A00001F0400B120050054E2230191E10315AA3F
:102A1000E00313AAA8FEFF97800400B4E14B80B93D
:102A2000820180D2E57F40B22108C29AE14B00B911
:102A3000E14B40B9DF02016B0B010054400A40F941
:102A4000E103132A3EE0FF971F00007100A09F5A88
:102A5000137C4093D6FFFF17020C402900300091F1
:102A6000E84F40B94108C05A4208C05A04C05FB894
:102A7000471000918608C05A8408C05A1F0107EB0E
:102A800082010054A1000090A00000D021E4179121
:102A900000B81C91F3EDFF97E14F40B9A00000D0C2
:102AA000004C1D91EFEDFF97A0028012C3FFFF17AE
:102AB0002100170BC40000B46208C05A9F0005EB48
:102AC000E1000054BF3F03D5220000B9210040B906
:102AD000BF3F03D5D6060011D6FFFF17230040B92C
:102AE0006200024A4200060A4200034AF7FFFF174B
:102AF000FD7BBEA9FD030091F30B00F9E103003556
:102B0000F303012A2FBBFF97A00000D000301E91D5
:102B100039C9FF97E0BC9C520443845265BE4B51B7
:102B20000045A27273FE405124FABF727F0200B9C1
:102B3000800000F9E2020058A26400B9A21040B976
:102B4000C3020058420003AAA21000B9A23440B93F
:102B5000420078B2DF3F03D59F3F03D5A23400B9CE
:102B60007F2003D5FFFFFF17F30B40F9400E8012C3
:102B7000FD7BC2A8C0035FD6A00000D000881E91D4
:102B80001DC9FF9726B8FF97F8FFFF170000000048
:102B9000FFFFFF00000000000D010000000000002A
:102BA000FD7BBDA9FD030091F35301A9F40300AA25
:102BB000F303032AF55B02A9F50301AAF60302AAAF
:102BC000E20316AAE10315AAE00314AA8C060094F6
:102BD00080000034730600517F06003121FFFF544E
:102BE000F35341A9F55B42A9FD7BC3A8C0035FD69F
:102BF000FD7BBCA9FD030091F30B00F9F30300AAD0
:102C0000E00300B2E01300F9FF2B00B941010034EA
:102C1000610240F9603E40B9210C40B90100010A4F
:102C200000040312213C19122100002A2100023263
:102C3000E12B00B9E1830091E00313AA020080D2E6
:102C40006F06009460000035E12F40B9613E00B985
:102C5000F30B40F9FD7BC4A8C0035FD6FD7BBCA984
:102C6000FD030091F30B00F9F30300AA007D80D26D
:102C7000E7E8FF97E00313AAE1830091020080D206
:102C8000FF1300F9FF2B00B95D060094F303002A3F
:102C90006000003500FA80D2DDE8FF97E003132AD8
:102CA000F30B40F9FD7BC4A8C0035FD6FD7BBEA932
:102CB000FD030091F35301A93F0C00710003005480
:102CC0000C02005481020034210400513F040071C1
:102CD000E8010054134C40F9134400F9148040B942
:102CE00094060094F403142A730AD49A130C00F97E
:102CF00000008052F35341A9FD7BC2A8C0035FD6F8
:102D0000211000513F0C0071E900005400008012B6
:102D1000F9FFFF17134840F9F0FFFF17135040F970
:102D2000EEFFFF1701CC218B335440F9EBFFFF1767
:102D3000FD7BA4A9210080520100A272FD03009135
:102D4000F35301A9020080D2F30300AAF55B02A9A4
:102D5000F60680D2B602C0F2F76303A9F96B04A9A4
:102D6000013400B901E04079F64300F9213C1053E9
:102D7000E18B00B9E103029121060094F403002ADB
:102D800020050035E00300B2F5FF0391B5E67A9225
:102D9000F50305A900018052D61200D1E24301914A
:102DA000E103029163008052E06300B9E00313AADB
:102DB000F64300F9FF8B00B97AFFFF97F403002A6E
:102DC00020030035A00240B90108C05A614A00B989
:102DD000000C0012A20640B94208C05A1F0400713C
:102DE000000300541F080071210300543F0071F2DA
:102DF0006000B0524300B0520010831A600A00B95C
:102E0000624E00B981009036603640B9000003324E
:102E1000603600B9610A40B92000B0523F00006B33
:102E2000A1010054F55B42A9E003142AF35341A920
:102E3000F76343A9F96B44A9FD7BDCA8C0035FD607
:102E4000004081522000B072EDFFFF172000B05209
:102E5000EBFFFF17F5FF0591D70080D238FE9F5298
:102E6000B5E67A92B6008052B702C0F2F81FA0729F
:102E7000F90300B21A088052D6060071A00100546E
:102E8000E2A30191E1830291E00313AAF5E706A909
:102E9000FA7B00B9F75300F9F8AB00B9D8050094F4
:102EA00060010035A01E40B90008C05A60FE8F378F
:102EB000A00E40B90008C05A60FB8F36603640B99A
:102EC00000001E32603600B9D7FFFF17F403002A56
:102ED000D5FFFF17FD7BBCA983008052020080D282
:102EE000FD030091F30B00F9F30301AAA10180D2C5
:102EF000A102C0F2E11300F901E04079213C105336
:102F0000E12B00B9E183009126FFFF9760000035B7
:102F1000E12F40B9610200B9F30B40F9FD7BC4A871
:102F2000C0035FD6FD7BBAA9211C00123F040071CB
:102F3000FD030091F35301A9F40300AA421C0012FF
:102F4000F51300F9E5179F1A5FCC0271631C00129C
:102F500001D8413940018052E4179F1A3F000071A7
:102F6000337C001B813E80527312811ABF00046AB9
:102F70008000005481DE413941000034337C001B65
:102F8000635C1853C00080D26240022AA003C0F2E2
:102F900042040832E103019163008052E02300F90A
:102FA000E00314AAE24B00B9020080D2FDFEFF97B5
:102FB000C0030035000080D2DAE7FF97027D80521F
:102FC00021008052F50300AAE00314AA627E021BCE
:102FD000300500941F000071A10480120410417A92
:102FE00041020054737E4093E1F30091E00314AA80
:102FF000B9FFFF97C0000035E13F40B9E101383724
:10300000211018123F00247100010054800C80D25E
:10301000FFE7FF97E00315AAC2E7FF971F0013EB36
:1030200043FEFF54A00D8012F35341A9F51340F95C
:10303000FD7BC6A8C0035FD680008012FBFFFF1790
:1030400003CC40B963020035FD7BBDA9030280D2E9
:10305000A302C0F2FD030091E11B00B901F040B9E9
:10306000E30B00F9E1000836E14300918300805250
:10307000020080D2CBFEFF97FD7BC3A8C0035FD6C2
:10308000E1430091020080D25D050094FBFFFF1731
:1030900000008052C0035FD6FD7BBDA98201805233
:1030A000FD030091E21300B9020840B9FF1B00B90B
:1030B0008201F837211C0012A20280523F0040F228
:1030C000A10380522110821A020080D2E11700B9B8
:1030D000E14300914A050094FD7BC3A8C0035FD67D
:1030E000A1038052F9FFFF17FD7BB6A9FD030091F4
:1030F000F35301A9F55B02A9F60301AAF50302AA9D
:10310000F76303A9F70303AAF96B04A9FB2B00F9E2
:1031100017F8FF97F40300AA000440B9F50100B4C2
:103120006F050094F30300AA800100B4812E40399A
:10313000E00314AA4FEFFF970001F837820E40F921
:10314000A102168B3F0002EBA9010054A00000B0C1
:1031500000701F9143ECFF97150080D2F35341A9F3
:10316000E00315AAF55B42A9F76343A9F96B44A9EB
:10317000FB2B40F9FD7BCAA8C0035FD6618240B932
:10318000E00313AAAFFFFF9780FEFF35E20315AA05
:10319000E10317AAE00313AAF80315AAFD0400949B
:1031A000F903002ABA0280523B0080523F0318EB19
:1031B000618240B93493989A621E40B99F0600F12B
:1031C000F73700F9E0979F1A5F0000710044001183
:1031D000E06B1029207C161BE2A30191FB530E2902
:1031E000C012801AE17B00B9E1030291E08B00B9C3
:1031F000E00313AA02050094800200359F0600F147
:1032000029010054E00313AA01008052A3FFFF9795
:10321000A0000034A00000B00020209111ECFF9726
:10322000CEFFFF17E003142A9FC220EB61F9FF5481
:10323000608240B9D602148B180314EB175C149B00
:1032400061FBFF54C6FFFF1700008052F7FFFF1716
:10325000FD7BBBA9020180D2A202C0F2FD03009156
:10326000E10F00F9E10300B2E11300F901408052DF
:10327000E12B00B9E1C30091E21B00F9E263009188
:10328000FF3B00B9DE040094FD7BC5A8C0035FD6F8
:10329000FF8309D181FFB712FD7B00A9FD030091D7
:1032A000F35301A9020840B9146C40F95F00016BA7
:1032B000C800005400008052FD7B40A9F35341A98F
:1032C000FF830991C0035FD6F37F019173E67A9281
:1032D000E10313AADFFFFF9700FFFF358182423928
:1032E000608242393F00006B600000542009801268
:1032F000F2FFFF1781764339607643393F00006B58
:1033000061FFFF5481024339600243393F00006B83
:10331000E1FEFF5481824339608243393F00006BF4
:1033200061FEFF546152039180520391820080D26A
:10333000E4E6FF9700FCFF34EDFFFF17FF8309D1A0
:10334000FD7B00A9FD030091F35301A9F40300AA3A
:10335000F303012A3F040071A000005469030054E4
:10336000200C00511F0400714803005423008052B8
:10337000E00314AAC208801221008052EAFEFF97DF
:10338000C0010035737A1E127F060071610100547E
:10339000F37F0191E00314AA73E67A92E10313AA82
:1033A000ACFFFF97A000003560E642391F000071B6
:1033B00060418012E013801AFD7B40A9F35341A9BC
:1033C000FF830991C0035FD603008052E9FFFF1716
:1033D000A0028012F9FFFF17D3FEFF17FFC309D128
:1033E00082FFB752FD7B00A9FD030091F35301A9B1
:1033F000F55B02A9010840B92100020B8200B81256
:103400003F00026B080F0054F3BF0191F40300AAC0
:1034100073E67A92E10313AA8EFFFF97F503002A61
:10342000200F0035806E40F9800000B5004080D24A
:10343000DEC7FF97806E00F9806E40F9E00E00B4A1
:10344000E10313AA024080D26BE6FF976002433982
:103450001F200071680D0054810000D021D03891E8
:10346000207860B8E13F8052800A00B98100A872DC
:103470001F00016B89010054811E40B98100003496
:1034800061D680B921D877D3814A00F9E19F805273
:103490008100A8721F00016B6900005460E243398B
:1034A00080DA0139601E4339616E423902040051ED
:1034B000421C0012210000125F700071C203805292
:1034C0000080821A80DE01396282423982CA013963
:1034D000608A4339420000376000003462CE4239CE
:1034E00082D6013936000012A100003461824239CF
:1034F000610008366172423981CE0139001C6FD3F8
:10350000804E00F984A202916576029160A2423950
:103510000100805226008052001C6FD3805200F9B7
:103520006046029102E05F38030040394340030BDC
:1035300002F05F386220022B2100861AF600003468
:1035400063824339637C229B62764339427C039BCE
:1035500042B06DD3820000F9000C009184200091EC
:10356000BF0000EB01FEFF5460824239DF020071B0
:1035700021049F1A80000036607242391F1040F209
:10358000410000542102003623008052E00314AAB7
:10359000E103032A020A801290FFFF97F503002A35
:1035A000200300352000805260BE0239801E40B9E1
:1035B00000010034F600003460D680B900D877D31B
:1035C000804A00F90300001460BE423900FF07374B
:1035D000609E423980D20139609E4339001044D345
:1035E0008012023915008052FD7B40A9E003152AA4
:1035F000F35341A9F55B42A9FFC30991C0035FD60C
:10360000B5028012806E40F900FFFFB4DEC6FF975E
:103610009F6E00F9F5FFFF1775018012F3FFFF178A
:10362000FD7BBCA9FD030091F35301A9F40300AA9B
:10363000F55B02A9F503012A96008052F76303A9FE
:10364000371C00123808001283D64139E00314AA4F
:10365000820980122100805263701D126300182AB3
:103660005EFFFF97F303002AC0000034D606007106
:10367000C1FEFF54BF0200710008533A010100541B
:10368000E103152AE00314AA89FDFF97F303002A3A
:10369000E00314AA27040094172C0039F55B42A913
:1036A000E003132AF35341A9F76343A9FD7BC4A8A0
:1036B000C0035FD6441C0012E2000037020040F94C
:1036C000420C42297F00016B6190811A3F00026B1E
:1036D0002120821A04800039012800B964030014F3
:1036E000FD7BB9A9FD030091F35301A9F55B02A984
:1036F000361C0012F76303A9F92300F9011840B939
:10370000610D0035E10080521F2800B901F000B9B9
:103710002100805201800039F30300AA5403009471
:10372000E00313AA76030094800A0034603A40B99B
:1037300000681612603A00B9E00313AA82030094ED
:10374000F403002A600B0035607E40B9607A00B94E
:1037500020008052602600B97FCE00B9E00313AA92
:103760007FEA00B9420300940200805201008052B7
:10377000E00313AAD0FFFF97E00313AA55030094B8
:10378000E00313AA36FDFF97F403002A2009003551
:10379000E00313AAE70300941F2C003900018052B4
:1037A000E05300B941358052600240F9020080D2F6
:1037B000000C40B91F201172401580520000811A80
:1037C000E05B00B9A0028052E1430191E05700B9EB
:1037D000E00313AA8A030094C0000035E073413966
:1037E0001FA80271610000544000B052600A00B985
:1037F000F70680D2380580D2357D8052B702C0F2FC
:103800003800C0F25900B052E1430191E00313AA1D
:10381000020080D2F72B00F9FF5B00B97803009417
:1038200060050035600240F9F82B00F9620A40B9E2
:10383000000C40B95F00196B020080D20020111209
:10384000010002322000801AE1430191E05B00B9DF
:10385000E00313AA6A030094A0030035E05F40B9B7
:103860002001F837B506007100070054007D80D2B2
:10387000E7E5FF97E5FFFF1700FA80D2E4E5FF9741
:10388000AEFFFF17620A40B94100B0525F00016B02
:10389000600000542100B052610A00B9603E00B9D6
:1038A00000785ED3601E00B97FE200791400805278
:1038B000F55B42A9E003142AF35341A9F76343A936
:1038C000F92340F9FD7BC7A8C0035FD61FB80131BB
:1038D00001040054E00313AAE1FCFF97000080D22A
:1038E00090E5FF97F50300AA9F020071E00313AA79
:1038F000E1079F1ABFFCFF97E103002AE0010035B2
:10390000603E40B92001F837E00315AA85E5FF972E
:103910001FA00FF108010054800C80D29406001102
:10392000BBE5FF97F1FFFF172000805260220339AB
:10393000DFFFFF17A10D801296000037A00000B036
:10394000008C209147EAFF97D40B8012D9FFFF1714
:10395000F403002AD7FFFF17FD7BBEA92200805287
:103960000200A272FD030091F30B00F9F30300AA19
:10397000010040F9210840B92100022A013800B9AC
:10398000E8020094E00313AAD40200942001003559
:103990007F1A00B9A00000B00044219131EAFF97DE
:1039A000400F8012F30B40F9FD7BC2A8C0035FD625
:1039B000E00313AA010080524AFFFF9740FFFF3542
:1039C0002100805261260339F7FFFF17FD7BACA968
:1039D000FD030091F35301A9F30300AAF55B02A9CB
:1039E000F76303A9F96B04A9FB7305A9006840F903
:1039F000E5F5FF97130000F9751A40B9F52F00356A
:103A0000000080D247E5FF9760264339C014003498
:103A1000602243397F260339E0150035400080D20B
:103A2000FF8B00B9E000C0F2E04300F960F240B95A
:103A3000E0180036E1030291E00313AA83008052EC
:103A4000020080D257FCFF97F403002A8012003551
:103A5000E1330291020280D260820191E6E4FF9795
:103A600060E24079E1030291020080D2003C1053F1
:103A7000E08B00B9600080D2A002C0F2E04300F900
:103A8000E00313AADE020094F403002A801000353C
:103A9000600A40B96000F836E01F417960E20079C1
:103AA000200180D2E1030291E000C0F2E04300F97E
:103AB00060E24079020080D2003C1053E08B00B9F4
:103AC000E00313AACE020094F403002A800E00350E
:103AD000E18F5229610E0B29E283512962020A29E2
:103AE000640A40B90300A8529F00036BA10100546F
:103AF00043745AD37F0C0071601400545F04047245
:103B0000011300547F040071401300547F080071BA
:103B100040130054034080522300A872630A00B986
:103B2000441843D3830000F063A8269142084092D2
:103B30007FCE00B97FEA00B963686438840000D0A2
:103B400084403691827862B8044C50D3627C021B68
:103B500003304CD3620A0F2922008052634600B919
:103B60004220C41A641E40B92411003400141053BA
:103B70000040412A010180D2210800110004009177
:103B80005F0008717F7E0AA90020C19A417C4093A2
:103B90007F7E0BA97F6200F9007C019B607E09A9F2
:103BA0000040805242D0801A628200B98301003402
:103BB000604240B91F04003120010054003C105302
:103BC000E08B00B9800080D2E1030291020080D234
:103BD000E04300F9E00313AA89020094E00080D2D8
:103BE000E1030291A002C0F2E04300F960E24079F3
:103BF000020080D2003C1053E08B00B9E00313AA0E
:103C00007F020094F403002AA00400350000801213
:103C100060D60139E00313AAF1FDFF97F403002AEF
:103C2000E0030035E00313AAC2020094012C4039DE
:103C3000E00313AA1EFCFF97F403002A00030035DB
:103C4000630A40B94324F836E00313AA39FCFF970E
:103C5000F403002A400200350000A4D2773640B9B0
:103C60000000E2F2E03300F9603A40B9940000D07D
:103C700094623991790080D2F702000A3B008052A9
:103C8000F76A1612390700F1A1080054A00000B02D
:103C9000009C219173E9FF97744180127F1A00B94B
:103CA00005000014E00313AA2CFFFF97F403002A79
:103CB00000EBFF34F55B42A9E003142AF35341A95A
:103CC000F76343A9F96B44A9FB7345A9FD7BD4A80D
:103CD000C0035FD6603E40B97F2203398002F837C7
:103CE000E00313AADEFBFF97000080D28DE4FF976C
:103CF000F60300AAE00313AA21008052BDFBFF9740
:103D0000F403002AC0FCFF35603E40B90001F837DB
:103D1000E00316AA83E4FF971FA00FF1E8310054D7
:103D2000800C80D2BAE4FF97F3FFFF170000A8527F
:103D3000600A00B9603E40B900785ED3601E00B9E9
:103D40002000805260E2007935FFFF17E103029105
:103D5000E00313AA020080D2290200943BFFFF1760
:103D60007F10007181EDFF548300A8526CFFFF1794
:103D70000380805269FFFF17034080524300A872FE
:103D800067FFFF176300A85265FFFF1700241E534B
:103D90000078412A21444FD378FFFF17800240B9B1
:103DA0006023C01A1F00176A61000054942200911A
:103DB000B5FFFF17FC8301911A0080D2800640B93D
:103DC000566B7CB8E002000A1F00166AE016005429
:103DD0000000A852DF02006B401100540000A45202
:103DE000DF02006B201100540000A252DF02006BC2
:103DF000F8179F1A400280D20024D89A8014003607
:103E000060E24079E30680D2A302C0F2E1030391AD
:103E1000020080D2E36300F9003C1053E0CB00B90C
:103E2000E00313AAF6010094201300351F1300715C
:103E3000E30680D2E0179F1AA302C0F263C400D148
:103E4000E103039100781F53020080D2E36300F97D
:103E5000E0CB00B9E00313AAE9010094F803002ABB
:103E6000601100350000A852DF02006B200D0054E5
:103E70000000A452DF02006B000D00540000A252AB
:103E8000DF02006BE0179F1A602600B9E00313AA57
:103E900077010094620A40B92100B052800240B913
:103EA0005F00016BE10B0054800240B960EA00B989
:103EB00020100035757E40B91F100071757A00B969
:103EC000E0179F1A60CE00B9E103152AE00313AA98
:103ED00002008052F8FDFF9760EA40B960EE00B939
:103EE00060CE40B96000003400408052608200B96A
:103EF000E00313AA0F0200941F140079F40300AA30
:103F00001F300039608240B9E103002A1FCC0472DF
:103F1000811200F9E1079F1A1FE40272E2079F1A5B
:103F20001FF00172E3079F1A42781F534108010BEB
:103F3000E2FF9F521F00026BE2979F1A1F9C0872BC
:103F4000E0079F1A6210020B2100020B200C000BED
:103F5000802A00B9604640F9618240B90008C19AE0
:103F6000A10000B021882391800E00F980B2009159
:103F700064DE407963D24079628E41398FE8FF97E1
:103F800067AE41398056019162824139A10000B08B
:103F9000636640B921E02391661C0012653C48D35A
:103FA000645C50D3637C185384E8FF97626A40B91D
:103FB00080AA0191A10000B021142491434C50D358
:103FC000425C54D37DE8FF9720008052601A00B90C
:103FD000608240F9200100B5600240F902D490D21D
:103FE000010000B02200A0F221300E91030040F940
:103FF0006002049150C7FF97140080522EFFFF17F4
:10400000180180527CFFFF17980080527AFFFF173B
:10401000000180529DFFFF17800080529BFFFF1719
:10402000800000341F0800712103005438008052C2
:10403000C00080D2F6FF0391A002C0F2E05300F965
:1040400000FE9F52D6E67A92E01FB0720003002A6B
:10405000E0AB00B9E00300B2E03B00F90008805299
:10406000E2A30191E1830291F63700F9E07B00B908
:10407000E00313AA62010094A0000035C01240B909
:10408000000C00121F00186B00F1FF54617E40B954
:10409000E00313AA617A00B9020080527FCE00B912
:1040A0007FEA00B984FDFF973AE8FFB59A0080D215
:1040B00043FFFF171F30007108F0FF54810000B06C
:1040C00021C03691355860B87CFFFF172000805220
:1040D0000000A272603600B9626E40F980FFB7122C
:1040E0007F00006B89020054820000B5A0000090A0
:1040F00000002291E8FEFF17200080520000AE72FF
:10410000603600B94110433961E200B9C100083698
:10411000044000113F041E720000841A00001D328A
:10412000603600B9603640B96100003600041F32C5
:10413000603600B97782462981FFB7127F00016B94
:10414000C9ECFF54A2DAFFB4617E40B9F702000A5D
:10415000950000B0990000B0E00313AAB552389161
:104160003943369102008052B80080D23A00805222
:104170009B0000B050FDFF97180700F1C1000054EC
:10418000E103142AA00000900014239135E8FF9762
:10419000C2FEFF17A00240B94023C01A1F00176AD1
:1041A000A007005476533591A00240B9C11240399E
:1041B0001F100071E0179F1A3F00006B610600544A
:1041C000A00640B9C10240B9E002000A1F00016A1E
:1041D000C0050054C30A40B9E00313AA02098012C3
:1041E0002100805263781D127CFCFF97F403002AA3
:1041F000C0020035C00240B90100A8521F00016B87
:10420000E00400540100A4521F00016BC0040054DC
:104210000100A2521F00016BE0179F1A602600B92F
:10422000E00313AA92000094A10240B93F2C007150
:10423000E1030054A0000090004C229161418012E3
:104240007441801207E8FF97030080520209801230
:1042500021008052E00313AA60FCFF977FCE00B9D3
:10426000617E40B9E00313AA617A00B9020080526E
:104270007FEA00B910FDFF9720008052602600B948
:10428000E00313AA7A000094D6320091DF0219EB02
:10429000C1F8FF54B5220091B8FFFF17000180520A
:1042A000DFFFFF1780008052DDFFFF173F300071F6
:1042B000A1000054A00000906141801200AC229146
:1042C000E0FFFF17E00313AA1DFCFF97F403002A89
:1042D000C0FBFF35C30A40B923021037A00240B922
:1042E00060EA00B9A0020035617E40B91F1000717C
:1042F000617A00B9E0179F1A60CE00B902008052BF
:10430000E00313AAECFCFF97E00313AAE1FBFF977D
:10431000F403002AA0F9FF35F0FEFF17E00313AA0B
:1043200002098012210080522CFCFF97F403002A1E
:1043300060FDFF34C5FFFF171F300071A800005457
:10434000810000B021C03691215860B8E8FFFF1706
:1043500001008052E6FFFF17D40B801250FEFF17BA
:10436000018040F9010100B4FD7BBFA90000049168
:10437000FD0300915EC6FF9700008052FD7BC1A83F
:10438000C0035FD600008052C0035FD6FD7BBEA98C
:10439000FD030091F30B00F9130004D1008051B824
:1043A000E0000034E00313AA4C00009480000035C4
:1043B000E00313AAEBFFFF977F1A00B9F30B40F954
:1043C000FD7BC2A8C0035FD6FD7BBDA9E103002A27
:1043D000FD030091E2A30091F30B00F9F303002A1F
:1043E0006009805248F7FF97C0000035E01740F998
:1043F0005E000094600100B50000805206000014C9
:10440000E2A30091E103132A6009805224F7FF9789
:10441000E0FEFF34F30B40F9FD7BC3A8C0035FD679
:1044200001284339A201805202F800B961FEFF342D
:104430004AFDFF97F1FFFF17FD7BBFA9FD03009128
:104440007BF3FF9750F3FF97FD7BC1A8000040F975
:104450005FFDFF17FD7BBFA9FD0300914AF3FF97A6
:10446000FD7BC1A8000040F9BEFFFF17006840F9BE
:10447000010040F9213440F9210C40F9610000B4F9
:10448000F00301AA00021FD6A0048012C0035FD669
:10449000006840F9030040F9633440F9631C40F9B7
:1044A000630000B4F00303AA00021FD6A004801228
:1044B000C0035FD6010040F9213440F9211040F9D2
:1044C000610000B4F00301AA00021FD6C0035FD64A
:1044D000006840F9F8FFFF17006840F9010040F953
:1044E000213440F9211440F9610000B4F00301AA1D
:1044F00000021FD6A0048012C0035FD6006840F9F6
:10450000010040F9213440F9212040F9610000B454
:10451000F00301AA00021FD600008052C0035FD63C
:10452000006840F9010040F9213440F9210040F9C8
:10453000610000B4F00301AA00021FD600008052FF
:10454000C0035FD6006840F9010040F9213440F90A
:10455000210440F9610000B4F00301AA00021FD653
:1045600000008052C0035FD6018840B9E1000036E8
:10457000FD7BBFA9FD03009103F3FF97000040F905
:10458000FD7BC1A8C0035FD6000080D2C0035FD608
:10459000FD7BBDA9FD030091F35301A9F40301AA1A
:1045A000F55B02A9F50302AA136840F9600240F91D
:1045B000163440F9E00313AAECFFFF97C32640F935
:1045C000230100B4E20315AAE10314AAF55B42A992
:1045D000E00313AAF35341A9F00303AAFD7BC3A888
:1045E00000021FD6000040F9F35341A9F55B42A930
:1045F000001840B9FD7BC3A8C0035FD6FD7BBDA9F1
:10460000FD030091F35301A9F40301AAF51300F986
:10461000F50302AA136840F9E00313AAD3FFFF973A
:10462000600240F9003440F9030840F9230100B466
:10463000E20315AAE10314AAF51340F9E00313AA53
:10464000F35341A9F00303AAFD7BC3A800021FD6C0
:10465000F35341A9A0048012F51340F9FD7BC3A8D0
:10466000C0035FD6FD7BBDA9FD030091F35301A9F3
:10467000F403012AF51300F9F50300AAECF2FF9701
:10468000BAFFFF97F30300AAE00315AAB8F2FF9759
:10469000002C40391F00146B4001005460D6413992
:1046A0001FFC037180010054F51340F9E103142A43
:1046B000E00313AAF35341A9FD7BC3A8D9FBFF175D
:1046C00000008052F35341A9F51340F9FD7BC3A8C4
:1046D000C0035FD6600F8012FBFFFF17FD7BBDA9F3
:1046E000E103002AFD030091E2A30091F30B00F91E
:1046F000F303002A60098052E0E9FF9720010034AB
:10470000E103132AA0000090002C2491D5E6FF9726
:10471000000080D2F30B40F9FD7BC3A8C0035FD635
:10472000E01740F9C2F2FF9790FFFF97FAFFFF17DB
:10473000FD7BBEA9E1028052FD030091006840F9B3
:10474000E2630091A8F2FF97E00F40F9400000B447
:1047500087F2FF97FD7BC2A8C0035FD6FD7BBCA993
:10476000FD030091F35301A9F30301AAF55B02A92C
:10477000010040F9213440F9210400B4048C40B90F
:10478000F40300AAF60302AAE7E30091060080D230
:104790000540805263098052A2000090A100009061
:1047A00042A024912190249198EAFF97F503002AD2
:1047B000C0010035E01F40F96DF2FF97760200F965
:1047C000E17F40B2740A00F9612200F921008052B1
:1047D00001340039C172403901200039A0018052F2
:1047E000746A00F960FA00B9F35341A9E003152A8D
:1047F000F55B42A9FD7BC4A8C0035FD6B504801257
:10480000FAFFFF17BF3F03D5020440F9410000B98A
:10481000217D80D2210400F161000054000080520B
:10482000C0035FD6020440F9420040B9BF3F03D540
:104830005F0840F201FFFF5420008052F9FFFF178C
:104840003F000072E1830032E103811ABF3F03D5CC
:10485000020440F9411000B9020084520204B0720F
:10486000016841393F0040F2010084520104B272F4
:104870002110821ABF3F03D5020440F9412C00B930
:1048800001E28452020440F9424440B9BF3F03D5DB
:10489000E2001036BF3F03D5000440F9810080528A
:1048A000014400B900008052C0035FD621040071AA
:1048B000A1FEFF54FCFFFF17FD7BBDA9FD03009186
:1048C000F35301A9F40300AAF30302AAF55B02A9BA
:1048D000F503012A000440F9004840B9BF3F03D561
:1048E000F6C38952400000B9600240B9BF02006AB5
:1048F000C100005400008052F35341A9F55B42A966
:10490000FD7BC3A8C0035FD6001980D2C0E1FF972A
:10491000800640F9004840B9BF3F03D5600200B9A6
:10492000D606007121FEFF54A00D8012F3FFFF1781
:10493000E1040034FD7BBEA9FD030091F35301A9FE
:10494000F30300AAF403012A022840F9220300B469
:1049500040003FD6E003002A1F4034EB40030054E0
:10496000817A1F53230400D16300008B6308C19A2E
:10497000E00313AA01008052B2FFFF97E001003567
:10498000BF3F03D5600640F9030800B9BF3F03D518
:10499000600640F9210080521F0C00B9E00313AA01
:1049A000A8FFFF97A0000035741600B9030000149B
:1049B000001840B900FDFF35F35341A9FD7BC2A8A3
:1049C000C0035FD603008052EAFFFF17C0035FD623
:1049D000FD7BBEA9FD030091F35301A9E3FEFF9700
:1049E000012840B9130840F9F40300AAE00313AA10
:1049F000D0FFFF97802640B91F100071200300549C
:104A00001F200071E0179F1A003C1053BF3F03D5D1
:104A1000610640F9201800B9600640F9017440B9F8
:104A2000BF3F03D582CE40B92000103221780F124B
:104A30005F0000712100801ABF3F03D5600640F976
:104A4000017400B9612240F9010100B4E00313AA26
:104A5000F00301AAF35341A9FD7BC2A800021FD6AF
:104A600020008052EAFFFF17F35341A90000805253
:104A7000FD7BC2A8C0035FD6FD7BB8A9FD030091F2
:104A8000F35301A9F30300AAF40302AA000080D2A1
:104A9000F55B02A9F50301AAF76303A9F70303AACB
:104AA000F96B04A91FE1FF97F60300AA600640F91D
:104AB000004840B9BF3F03D5A0004836E00316AA1E
:104AC00018E1FF971FD007F129FFFF54BF3F03D51F
:104AD000600640F901008012014400B9541100B58C
:104AE000A10A40B9BF3F03D5600640F9012800B9CB
:104AF000742000B4800A40B9014080D21F007FF2C8
:104B000000C080D20010819AA10640B942018052B3
:104B10002200020A5F280071E02E0054A20240B970
:104B200003001232000013325F3000710010831A4C
:104B3000A100003603001A323F007FF200041A324F
:104B40000010831A41001036000018325F2C0071EB
:104B5000E1179F1A616A01394100005400000432D4
:104B6000A10240B90000012A0100B4520000012A4C
:104B7000BF3F03D5610640F9202C00B901D4905203
:104B80002100A072600640F9004440B9BF3F03D540
:104B9000626A4139821B0036601B5036BF3F03D525
:104BA000610640F902808052224400B9C01B4037A0
:104BB000602A0837A10640B941001036002A303774
:104BC00041020036600640F9E11B0836003C40B95E
:104BD000BF3F03D5A00E00B9600640F9003840B9C8
:104BE000BF3F03D5A01200B9600640F9003440B9B8
:104BF000BF3F03D5A01600B9600640F9003040B9A8
:104C0000BF3F03D5A01A00B9342700B4761A40F983
:104C1000000080D2FF5700B9C2E0FF97F80300AA56
:104C2000010A805280D641291AD09752970240F942
:104C3000B57E001BC02A40B9A17E011BB57E025380
:104C40002108C01AC02640B92108C01AC0CE40B9F8
:104C50001F000071E0079F1A000400112108C01A0C
:104C6000007D8052217C001B3F00006B2120801AB8
:104C7000F603012A600640F9194440B9BF3F03D545
:104C80003F031A6A0120005460624139401B00361C
:104C9000351B0034800A40B9FF5700B91F0400716A
:104CA00061160054000580522003006A401A005427
:104CB000BF3F03D5610640F9204400B9E25301919A
:104CC000E00313AA81008052FCFEFF974019F837D9
:104CD000E05740B901008052007451D31F00156B9A
:104CE0000090951AE05700B9E05740B93F00006BBB
:104CF00023130054BF02006B291C0054B502004B63
:104D0000EFFFFF1760624139821240B9A0010036FF
:104D1000BF3F03D5600640F9021C00B981824129DA
:104D2000007C011BBF3F03D5610640F9202000B97C
:104D3000E00313AA41008052B3FEFF9769FFFF17FB
:104D4000800E40B9810240F9427C001B800A40B9C4
:104D50001F040071A107005443008052E0630191D9
:104D600075C0FF97F603002A000E0035E63340F9C0
:104D7000E00313AA41008052A3FEFF97603240F97E
:104D8000E70317AA000840B9BF3F03D5610640F901
:104D9000007C409302008012226820B8603240F903
:104DA000000040B9BF3F03D5610640F9007C409345
:104DB000376820B86066413900010036603240F93A
:104DC000000440B9BF3F03D5610640F9007C409321
:104DD000E2FE60D3226820B808038052850E40B9F5
:104DE0000800B072E00317AA0921005101008052A7
:104DF0003F000071841240B90301891ABF2000717D
:104E000088020054847C051B63001E326A664139A7
:104E1000224C14532A020036C240228B020800F9A9
:104E200002000191037C0029047C0129020C00F995
:104E3000E00302AABF200071E9010054A52000513F
:104E400021040011EBFFFF1723008052C4FFFF175E
:104E500084701D53EEFFFF174200060BE31200297A
:104E6000E20A00B9E2020111F7020191E2C21CB8A4
:104E7000F1FFFF17616641393F0040F2E102809A7D
:104E8000E00307AA21FC009121E47A9253B2FF9734
:104E9000600640F9000040B9BF3F03D501048052CD
:104EA0000140A0720000012ABF3F03D5610640F90E
:104EB000200000B9600640F9008040B9BF3F03D52B
:104EC000411080520000012ABF3F03D5610640F91E
:104ED000208000B9811240B9BF3F03D5600640F978
:104EE000011C00B981824129007C011BBF3F03D511
:104EF000610640F9202000B9FAFEFF170000805239
:104F000002FFFF17C000103634E5FFB5BF3F03D5E1
:104F1000610640F9204400B925FFFF172104007104
:104F200021E3FF54B60D8012F35341A9E003162A82
:104F3000F55B42A9F76343A9F96B44A9FD7BC8A8B7
:104F4000C0035FD6003040B9BF3F03D5A00E00B903
:104F50002EFFFF17600640F9000042B9BF3F03D59E
:104F600021040011E04600B860FFFF171F08007120
:104F70002104005419042036E2530191E00313AADE
:104F8000010180524DFEFF97E002F837E15740B92A
:104F9000602A40B9217451D30000014B01008052B6
:104FA0001F00156B0090951AE05700B9E05740B903
:104FB0003F00006BA3000054BF02006B29010054A6
:104FC000B502004BEDFFFF17E24640B8BF3F03D5E7
:104FD000600640F921040011020002B9F4FFFF1736
:104FE00015008052BF3F03D5600640F90102805290
:104FF000014400B9D9041837E00318AAC9DFFF97A4
:105000001F0016EB89E3FF54B60D8012BF3F03D596
:10501000600640F9194400B960624139E005003783
:10502000800A40B9740640F91F040071603240F9EB
:10503000F6179F1AD6060011000840B99402008B9B
:10504000000080D2B7DFFF97F50300AA800240B9C5
:10505000BF3F03D5DF02206AE0010054E00315AA38
:10506000B0DFFF971FA00FF1E8030054200080D2AB
:10507000E7DFFF974EC3FF97F5FFFF17150080523C
:10508000DDFFFF17B6028012E1FFFF171600805206
:10509000DFFFFF1716008052603240F9000840B968
:1050A000BF3F03D5610640F9007C40936200805207
:1050B000226820B8600640F9000040B9BF3F03D520
:1050C00000781A12BF3F03D5610640F9200000B9ED
:1050D000E06301919CBFFF97800C80D2CCDFFF97EB
:1050E00092FFFF17B60D8012ECFFFF1716008052DB
:1050F000FAFFFF17F60180128CFFFF17960080124F
:105100008AFFFF17FD7BBDA9FD030091F35301A9A1
:10511000F40301AAF30302AAF51300F913FDFF97A4
:10512000000840F9930200B4630E40B9631C0011FB
:10513000637C035363E47AD3F503009163380191F0
:10514000E20313AA637C7C92E10314AAFF6323CBDE
:10515000E3FF009163E47A9248FEFF97BF0200915B
:10516000BF030091F35341A9F51340F9FD7BC3A898
:10517000C0035FD6030080D2EFFFFF17FD7BBDA900
:10518000FD030091F35301A9F51300F9F7FCFF9714
:10519000130840F9F40300AA612640F9610000B445
:1051A000E00313AA20003FD6BF3F03D5600640F9B5
:1051B00035008052E1008052150400B9E00313AAC3
:1051C00091FDFF9720080034800240F9011040B99A
:1051D000E00313AAD7FDFF97BF3F03D5610640F94F
:1051E00000008012204400B9BF3F03D5610640F99A
:1051F0003F2400B9BF3F03D5610640F9201400B930
:10520000BF3F03D5600640F9158000B9602A40B958
:10521000E0000035600640F9004C40B9BF3F03D5BF
:10522000006C50D30000150B602A00B9612A40B908
:10523000217C0153200400512040002A0000033249
:10524000BF3F03D5610640F9204C00B96162413986
:10525000E1010037600640F9007040B9BF3F03D557
:10526000C002D83780000090005034916166013947
:10527000603200F9000C40B9BF3F03D5610640F928
:10528000007C409362008052226820B8BF3F03D563
:10529000600640F91F1000B9BF3F03D5600640F912
:1052A0001F0C00B900008052F35341A9F51340F9D7
:1052B000FD7BC3A8C0035FD6800000902100805210
:1052C00000D03491EAFFFF1780008012F7FFFF172C
:1052D000240040F90308022902108052040000F95A
:1052E0000206A072020C00B9221040B9020800B9EF
:1052F000232440B94178021242780112210002327F
:105300007F200071420003324210811A0120805236
:1053100042081F32020800B9011800B9C0035FD665
:105320000FFDFF17FD7BBDA9810000F021B0249186
:10533000FD030091F35301A9F55B02A9001C40F99C
:1053400015C0019116505329E20315AA000040F937
:105350007DE9FF97F303002A40010035E00315AA19
:10536000CFE9FF97F303002A60010034810000B009
:10537000800000F02134189100C02491B9E3FF9718
:10538000F55B42A9E003132AF35341A9FD7BC3A8AF
:10539000C0035FD6BF3F03D5940A1C53D60A001240
:1053A00022ACFF979402162A142800B9E00315AA2C
:1053B000AEE9FF97F303002A40FEFF34810000B0FE
:1053C000800000F021341891004C2591ECFFFF176C
:1053D000FD7BBDA9FD030091F35301A9F30300AACE
:1053E000F55B02A965EFFF97619240B9F50300AA4A
:1053F000A2000090400A40F942A826910300805282
:10540000A9DAFF972001F836800000F000D425913A
:1054100094E3FF97A0028012F35341A9F55B42A9E0
:10542000FD7BC3A8C0035FD6F603002A600640F9DF
:10543000A00600F9E00313AAF3EFFF97A00A00F912
:1054400083008052A2000090400A40F942040B9170
:10545000619240B994DAFF97BF2600B9A0DA052916
:105460000000009000900C91A02600F9630080528B
:10547000820000F0400A40F942482691619240B90A
:1054800099DAFF97A09A00B903008052820000F0D9
:10549000400A40F942642691619240B992DAFF973E
:1054A000B52200F9A09E00B9810000F02184269168
:1054B000604A40F9A4F4FF97A082013900008052AD
:1054C000D6FFFF17FD7BB9A9FD030091F35301A996
:1054D000F30300AAF55B02A9F71B00F91EEFFF9783
:1054E000F50300AAE00313AA27EFFF97F60300AA2B
:1054F000E00313AA21EFFF97130000F9F40300AAB9
:10550000E00313AA1DEFFF97F70300AAE22301911E
:10551000E00313AA21008052F3E8FF972001003531
:10552000E02301910AE9FF97E02200B9400100352C
:10553000800000F000AC26914AE3FF97A0028012A1
:10554000F35341A9F55B42A9F71B40F9FD7BC7A8BE
:10555000C0035FD6E1230191E00313AA233800942E
:1055600060000035E0230191C2370094822240B9E7
:10557000E00315AAB5820091942200910350835252
:10558000E10314AAC300A07252FFFF97951A00F915
:10559000B40A00F9801A40F9C00200F9136800F952
:1055A000E00313AAF35341A9F55B42A9F71B40F9A5
:1055B000FD7BC7A8F2FEFF17FD7BBEA9FD0300918E
:1055C000F30B00F9F30300AAE3EEFF97E20300AA4E
:1055D00001800091E00313AAF30B40F9FD7BC2A800
:1055E00050FFFF17FD7BBDA9FD030091F51300F9E6
:1055F000F50302AA020180D2F35301A9F30300AA22
:10560000F403012AE00315AA01008052E0DDFF97B0
:105610007F0200F1811A407AAB010054602640F904
:10562000000200B4030040F9C30100B4E20315AA6C
:10563000E103142AF51340F9E00313AAF35341A937
:10564000F00303AAFD7BC3A800021FD6A0028012AC
:10565000F35341A9F51340F9FD7BC3A8C0035FD6FE
:1056600060418012FBFFFF17FD7BBBA9FD0300918A
:10567000F35301A9F403012AF30303AA01008052A2
:10568000F55B02A9F60302AA15008052020180D23E
:10569000F76303A9F80300AA17008052E00303AAE6
:1056A000F92300F9F90304AAB9DDFF97E20313AA6D
:1056B000E103152AE00318AA20033FD6C0010035F4
:1056C000610640B9E202010B5F00146B88000054D0
:1056D000F703022AB5060011F5FFFF17620240B971
:1056E0009402174B2100144B4200140B6206002950
:1056F000D50200B9F35341A9F55B42A9F76343A969
:10570000F92340F9FD7BC5A8C0035FD6FD7BBAA98C
:10571000FD030091F35301A9F403042AE40305AA4D
:10572000F55B02A9F50301AAF60305AAE103032A22
:10573000E3630191F76303A9F80302AAF70300AA40
:10574000E2530191F92300F9C8FFFF97F303002A00
:1057500000010034F55B42A9E003132AF35341A989
:10576000F76343A9F92340F9FD7BC6A8C0035FD6C0
:10577000E14F4B29E00315AA7F02146B0103018B53
:1057800073D2941A797E4093E20319AA9ADDFF97A7
:10579000B502198B9302136BE0FDFF54E15740B93A
:1057A000E2630191E00317AAF403132A2104001114
:1057B000E15700B9C0023FD6E5FFFF17217C7C937B
:1057C000026861B8820000341F6821B8210080524D
:1057D00001001039C0035FD6227C7C9301D0218B5D
:1057E000006862B860000034200440F9C0035FD64E
:1057F000000080D2FEFFFF17E30300AA020080D260
:1058000040EC7CD3606860B820010035457C7C9317
:10581000E003022A62D0228B24008052646825B8FB
:10582000410400F964001039C0035FD642040091BE
:105830005F0001F161FEFF5460038012FBFFFF1760
:10584000FD7BBEA9FD030091F30B00F9F30300AA51
:10585000C7000094E303002A20020035654240B9E6
:10586000440790F084000891E00304AAE103052AAC
:10587000DAFFFF971F0013EB21020054035841B9D0
:1058800063010034021C40F9E103052A800000F0A6
:1058900000A0279173E2FF97E3018012F30B40F918
:1058A000E003032AFD7BC2A8C0035FD6E103052AFB
:1058B000E00304AAC2FFFF97F9FFFF17430280121B
:1058C000F7FFFF177F0000F94105F8B7FD7BBAA984
:1058D000FD030091F35301A9F30300AA070440F963
:1058E000FF0001EBA3040054E70001CBE50302AA8B
:1058F000FF0002EB23040054A20000B50000805218
:10590000F35341A9FD7BC6A8C0035FD6064040F90A
:10591000460100B4C0003FD640FFFF37615E40B98A
:10592000E1FEFF34613640B93F00006B88FEFF5452
:10593000800E8012F3FFFF17F40303AA034C40F913
:10594000030200B4FF7F02A9E2830091FF7F05A953
:10595000E51700F9FF7F03A9FF7F04A9E42B00F9F5
:1059600060003FD6E11B40F9810200F9EBFFFF1711
:10597000A0028012C0035FD6A0028012E1FFFF17D1
:1059800060418012DFFFFF1705000090A59017917E
:105990005FFFFF17067440F9660100B48101F8B794
:1059A000050440F9BF0001EB23010054A50001CB21
:1059B000BF0002EBC3000054E20000B4F00306AAEB
:1059C00000021FD6C00B8012C0035FD6A002801257
:1059D000FEFFFF1700008052FCFFFF17FD7BBEA9F2
:1059E000FD030091F30B00F9F30300AA001440B982
:1059F00080010035830000B0810000F0639C1A91A3
:105A00002160289102368052800000F000BC28916D
:105A100014E2FF97800000F0000C2991CADDFF9787
:105A2000400790F0E10313AA00000891040080529F
:105A3000030080520200805270FFFF974007F83742
:105A4000604200B9600206917F5A01B9000000A9C6
:105A5000603640B960000035605E40B9603600B91C
:105A6000601240B9E103002AC0030034220400D1CF
:105A70000000C05A0010C05A5F0001EA00009F1ADF
:105A8000611640B9602600B9E203012AE102003440
:105A9000430400D12100C05A2110C05A7F0002EAFD
:105AA00021009F1A220080524020C01A0004005199
:105AB0004220C11A61020529610240F942040051E5
:105AC000623200B90080C4D21F0021EA20010054D4
:105AD00000008052F30B40F9FD7BC2A8C0035FD6E3
:105AE00000008052E7FFFF1701008052EEFFFF1712
:105AF000620640F9010080D2E00313AAA6FFFF97D7
:105B00001F000071C10B80120410417A20FEFF5467
:105B1000611E40F9800000F000202991D1E1FF973B
:105B2000ECFFFF1720008052EBFFFF170101F8B7D1
:105B3000040440F99F0001EBA3000054028040F9E7
:105B4000A20000B4F00302AA00021FD6A002801235
:105B5000C0035FD600008052FEFFFF17A002801234
:105B6000C0035FD600008012C0035FD6FD7BBBA9D7
:105B7000FD030091F35301A9F55B02A916000691FC
:105B8000F76303A918008052F92300F9990000F087
:105B900039C3299113C040F973C205D177BA40F9CE
:105BA000F7C205D175C20591BF0216EB0101005481
:105BB000F35341A9E003182AF55B42A9F76343A90F
:105BC000F92340F9FD7BC5A8C0035FD661C240F947
:105BD000600206913F0000EB60000054E00313AA4E
:105BE000E3FFFF97E00313AA16FFFF97F403002AD1
:105BF0004001F836611E40F9E203002AE00319AAC9
:105C000098E1FF97E0BA40F9F30317AAF803142AC2
:105C100017C005D1E4FFFF17A10240A9200400F935
:105C2000F403182A010000F9BF7E00A9601E40F9A4
:105C300055BDFF97E00313AA53BDFF97F2FFFF176F
:105C400000010035400790F0001043F9800000B4D7
:105C5000011C40F93F0000F100109F9AC0035FD67D
:105C6000000080D2FEFFFF173F0000F10018407ACD
:105C7000CC040054FD7BBDA9FD030091F35301A9A1
:105C8000147C4093F30301AAF51300F9F503002AED
:105C9000400790F000801891E203152A810000F07F
:105CA00021742A91137834F8400790F0006018911D
:105CB000140C148BE00314AA40E1FF97741E00F942
:105CC000E00313AA46FFFF97410790F0600640F9F2
:105CD000220843F94028408B200803F9A00000D097
:105CE000011844B93F040031C0000054F35341A9E6
:105CF00000008052F51340F9FD7BC3A8C0035FD6B6
:105D0000151804B9FAFFFF17A0028012C0035FD66E
:105D1000400790F0010846B981000035210080520B
:105D2000010806B9A1200014C0035FD6FD7BBFA9FE
:105D3000A00000D0FD030091001844B9C1FFFF97F7
:105D4000800000B4001440B9FD7BC1A8C0035FD639
:105D500020008052FDFFFF17FD7BBBA9FD030091D2
:105D6000F35301A9F30302AAF55B02A9F50301AA03
:105D7000F60303AAF76303A9F70300AA180080D269
:105D8000F92300F9190080521F0313EBA3010054FB
:105D9000A9000054C00240F97302008B730218CBB3
:105DA000D30200F9F35341A9E003192AF55B42A994
:105DB000F76343A9F92340F9FD7BC5A8C0035FD66B
:105DC000E00640F91F0015EB49020054F41240B9F7
:105DD00081060051F403142AA002018AA102218A3B
:105DE000940200CBE00317AA51FFFF97E0000035B3
:105DF0001803148BC00240F9B502148B0000148BF9
:105E0000C00200F9E1FFFF1739008052FAFFFF17C7
:105E100019008012E4FFFF17FD7BBAA9FD03009172
:105E2000F35301A9F30303AAF55B02A9F60302AA3F
:105E3000F76303A9F96B04A9570040F9FF2B00F998
:105E4000021440B9420400515F0001EA20010054ED
:105E5000A00000900038049102E1FF97DF0200F9F2
:105E6000530000B47F0200F9B3028012190000143D
:105E7000F50300AAF40301AAF90304AAF80305AA8A
:105E8000E3430191E20317AAB4FFFF97730000B444
:105E9000E12B40F9610200F9C000F836A000009043
:105EA00000D40491EFE0FF97DF0200F9EFFFFF1746
:105EB000E12B40F93F0019EBA9010054A00000902C
:105EC00053038012007405914BBCFF97DF0200F969
:105ED000F55B42A9E003132AF35341A9F76343A9F1
:105EE000F96B44A9FD7BC6A8C0035FD6000300344C
:105EF000B900009039CF06919A0E8012F70300B4D2
:105F0000B31240B9AABFFF97A11240B9E00315AA86
:105F100073060051E103014B7302148A2100148AB5
:105F200003FFFF97C0030034A11240B9E00319AA90
:105F3000E103014B2100148ACAE0FF97A01240B987
:105F40000000148B140013CBEDFFFF17C20240F9C1
:105F5000E40318AAE30316AAE10314AAE00315AAAE
:105F600059FEFF97F303002A1F000071800E801274
:105F70006412407A6100005413008052D5FFFF176D
:105F8000DF0200F9E203132AE10314AAA000009043
:105F900000340691B3E0FF97CEFFFF17A21240B97D
:105FA000E40318AAE3630191E10314AA420013CBAE
:105FB000E00315AA5F0017EB4290979AE22F00F9D1
:105FC00041FEFF971F000071F303002A04105A7A64
:105FD00040010054E203002AE10314AAA00000904B
:105FE000003406919FE0FF97C00240F9000017CBF4
:105FF000C00200F9B7FFFF17E02F40F9F70200CB0E
:106000009402008B1803008BBDFFFF1787000090E0
:10601000E7E82691000080D20400805203008052FD
:106020000500805226686038E6686638C814001299
:10603000A500084AA6003036061C00128400064A55
:106040006600264AC31C0012000400911F0004F1E0
:10605000A1FEFF5461001912807C011300001B1285
:10606000867C02130104412A60001A12C6001D1228
:1060700067141E53C008402A867C03132100002A9F
:1060800060001B12C6001F12E7001C12C00C402A41
:10609000866019122100002A601044D30000062AED
:1060A000860C1C532100002A60101D53C660191273
:1060B00000001A120000062A86101D53C6001B128B
:1060C000E503252AC600072A67181F530000062A81
:1060D00086141E53E7001E12C6001D12C600072AB2
:1060E00084001F530000062A630000120000042AE7
:1060F000A5141E53001C0012E103212A0000032AEC
:10610000A5040032E003202A410000394004003990
:106110000000805245080039C0035FD64400403972
:1061200060004039450440390000044A64044039A5
:1061300042084039001C00128400054A65084039B5
:10614000841C0012A500024A0200042AA51C0012A9
:10615000A200022AA20700348204444AA30A805201
:106160004200030A867C01535F00036B4105005423
:106170000304404A6200020A5F540171C1040054E2
:10618000A204454A830A80524200030A5F00036B5F
:106190002104005403701D538200191263001C1265
:1061A00007741E536210422A03781F5363001A12A9
:1061B000E7001B126300072A006019124200032A3D
:1061C00083001B12847C025384001F12830C432A19
:1061D0004200032AC30000120000032AA300191280
:1061E0004000002AA27C045342001F12A50C43D396
:1061F0004314432A220080526300052A4220C31A16
:10620000236860384200034A226820382000805208
:10621000C0035FD6A13C10532020002A0100805209
:106220000000042AA00000353F04007100FFFF5465
:1062300020098012F7FFFF1702000012007C0153B3
:106240004100010BF8FFFF1700008052F1FFFF171C
:1062500002F040F901008012F00302AA00021FD6EA
:1062600000D040F900004039001C0012BF3F03D5A8
:10627000C0035FD600D040F900004079003C001216
:10628000BF3F03D5C0035FD600D040F9000040797E
:10629000003C0012BF3F03D5C0035FD6FD7BBEA903
:1062A00022008052FD03009103E840F9E17F0039AC
:1062B000E17F009160003FD6FD7BC2A8C0035FD69E
:1062C000FD7BBEA9211C001242008052FD030091FB
:1062D00003E840F9E13F0079E17B009160003FD69F
:1062E000FD7BC2A8C0035FD6E203022A03D440F9B3
:1062F000000080D21F0002EB41000054C0035FD6B3
:10630000246860380004009164000039FAFFFF1728
:10631000E203022A03D040F9000080D21F0002EB02
:1063200041000054C0035FD664004039246820381F
:1063300000040091FAFFFF17427C011303D440F9D7
:10634000000080D21F0002EB41000054C0035FD662
:10635000247860780004009164000079FAFFFF1748
:10636000427C011303D040F9000080D21F0002EBF1
:1063700041000054C0035FD664004079247820783F
:1063800000040091FAFFFF1700008052C0035FD69F
:10639000FD7BBDA9FD030091F35301A9F403012A7C
:1063A000012441F9610300B401D442F9F30300AAC6
:1063B000010300B4019C42B9C10100340158457980
:1063C00081011036041841F9FFA70039019042B944
:1063D000E3A30091E1A3003922008052FFAB003912
:1063E000E10300AAFFAF003980003FD6400100352D
:1063F000632641F9E103142A62D642F9E00313AAA5
:10640000F35341A9F00303AAFD7BC3A800021FD6E2
:1064100000008052F35341A9FD7BC3A8C0035FD69F
:10642000FD7BB9A923008052FD030091F35301A91C
:10643000F30301AAF40300AAF55B02A9F60302AA7A
:10644000F76303A9F96B04A9FB7305A91C0080522B
:10645000251043F93AFC42F9373843F95A130091B1
:106460003BDC45B935D845B9F9021A9138E045B950
:10647000A0003FD6E10316AA637F409335020035A2
:106480000000805261E645B93F00006BEC02005409
:106490007CDA45B97B7F40931A0080523C0300357B
:1064A000F35341A9E0031A2AF55B42A9F76343A914
:1064B000F96B44A9FB7345A9FD7BC7A8C0035FD650
:1064C000640A43F9E2C23C8BE00314AAE10F06A977
:1064D000B506005180003FD69C03180BE10F46A97A
:1064E0002100038BE6FFFF1762DE42F941DB60B853
:1064F0004168613821CB203800040011E2FFFF170A
:10650000640E43F9E3C2358B22C3358BE10316AA2F
:10651000E00314AA80003FD60001F836802641B976
:1065200000040011802601B99C070051B502180B28
:10653000D6021B8BDAFFFF17812241B95F03006B84
:106540005A23801A2100000B812201B9F7FFFF179F
:10655000FD7BB9A9FD030091F35301A9F30301AA3F
:10656000F55B02A9F50300AAF60302AAF76303A9E3
:10657000F96B04A9FA0302AA19008052FB7305A95A
:1065800038FC42F9E46F00B93B3843F91813009125
:1065900037DC85B934D845B93CE045B954020035FB
:1065A00060E645B91F00146B0C030054F76343A960
:1065B000E20316AAF96B44A9E10313AAFB7345A9E8
:1065C000E00315AAF55B42A923008052651643F942
:1065D000F35341A9F00305AAE46F40B9FD7BC7A8B6
:1065E00000021FD6640A43F962C3398BE1031AAA79
:1065F000E00315AA9406005139031C0B5A03178BAC
:1066000080003FD6E6FFFF1761DE42F900DB74B879
:1066100062CB74389406001122682038E1FFFF171E
:10662000A101805201B405B90AFFFF17209C42B9AD
:1066300040040034FD7BBDA9FD030091F35301A983
:10664000F30301AAF51300F920584579A003103689
:10665000640641F9F50303AA421C0012E00313AAE1
:1066600003008012E11D8052140080D280003FD6CA
:1066700062E640F9E00313AAA16A74389406009117
:1066800040003FD69F1200F141FFFF54620A41F9DA
:10669000E10313AAE00313AA40003FD600000072F2
:1066A000810080120000811AF35341A9F51340F9CB
:1066B000FD7BC3A8C0035FD660418012C0035FD6D4
:1066C00060418012F9FFFF17209C42B9800300341B
:1066D000FD7BBDA9FD030091F35301A9F30301AABA
:1066E000F51300F920584579E0021036640641F9A7
:1066F000F50303AA421C0012E00313AA0300801250
:10670000C11D8052140080D280003FD661DE40F966
:10671000E00313AA20003FD6A06A34389406009103
:106720009F1200F141FFFF5400008052F35341A932
:10673000F51340F9FD7BC3A8C0035FD6604180120A
:10674000C0035FD660418012F9FFFF17025042B9C3
:106750006200003582028052025002B9020441F9FF
:10676000820000B5020000D042301391020401F90A
:10677000020841F9820000B5020000B042503F918A
:10678000020801F902F040F9820000B50200009011
:106790004210329102F000F9021841F9820000B56E
:1067A0000200009042B01891021801F9021C41F950
:1067B000820000B50200009042201B91021C01F9EA
:1067C00003DC40F9A30000B402000090428009916C
:1067D0007F0002EB010100543F00007103000090B4
:1067E0000200009063D00991428009914200839A8F
:1067F00002DC00F902E040F9820000B502000090DE
:1068000042200A9102E000F902F440F9820000B54A
:10681000020000904260399102F400F902F840F958
:10682000820000B5020000F042900C9102F800F9DD
:1068300003E840F9A30000B40200009042A00B91CD
:106840007F0002EB010100543F0000710300009043
:106850000200009063E00C9142A00B914200839AE9
:1068600002E800F903E440F9A30000B4020000903C
:1068700042700A917F0002EB010100543F00007159
:10688000030000900200009063000B9142700A9197
:106890004200839A02E400F903EC40F9A30000B43B
:1068A0000200009042400C917F0002EB0101005475
:1068B0003F000071030000900200009063800D9182
:1068C00041400C912100839A01EC00F901E042F96A
:1068D000610000B501001A9101E002F9013C43F9A1
:1068E000610000B5210080D2013C03F9C0035FD6EE
:1068F000E40300AAA60A8052000080526706805274
:10690000A10000349F0840F2410100543F0C007187
:106910000C030054060080D2A70A805268068052F9
:106920002300064B7F0000714C050054C0035FD666
:106930008300403900200011C504430A6300060AA1
:10694000A500030BA300070AE508450A6300050B31
:10695000650C0012A310430B0000034B1F00026BD9
:106960004C0500542104005184040091E5FFFF17F9
:10697000850040B900800011A3F00112A5F00012BB
:10698000A304430B65E4001263E40212A308430B63
:1069900065CC0012637C045363CC0012A300030B8C
:1069A000659C0012637C0853639C0012A300030BD8
:1069B000657C1053A320230B0000034B5F00006B8A
:1069C0004B0200542110005184100091D0FFFF179A
:1069D0008368663800200011C6040091E504430A6C
:1069E0006300070AA500030BA300080A0509450A6E
:1069F0006300050B650C0012A310430B0000034B52
:106A00005F00006BEAF8FF5420098012C8FFFF17EF
:106A1000210400D1020080D2E40780521F6821388F
:106A20000368623863800051631C00127F7C01712F
:106A30004900005404682238420400913F0002EBF0
:106A400008FFFF543FD8FF17FD7BBCA9FD03009151
:106A5000F35301A9F30302AAF40301AAF55B02A907
:106A6000F60303AAE11F8052F71B00F9F70300AAFF
:106A7000021C40B900DC42F9C5D8FF97C00240B9FA
:106A80001F040071000200541F781E72C1050054DB
:106A9000E3DE42F9E10314AAC02A40B9E20313AAD3
:106AA0009402138B6000008BD3D8FF97F55B42A94B
:106AB000E00314AAF35341A9F71B40F9FD7BC4A8D6
:106AC000C0035FD6F5FE42F9C32A40B9160080D252
:106AD000B5A22A91A10640B9A1FEFF3493FEFFB4EE
:106AE000830200343F00036BA80000546300014B95
:106AF000B5220091730216CBF7FFFF172100034B5D
:106B0000A00240B93F0013EB3690939A6000000B4F
:106B1000E3DE42F9E10314AAE20316AA9402168BFB
:106B20006040208BB4D8FF9703008052F1FFFF171D
:106B3000F603012A7F4221EBA00240B9D622939AA4
:106B4000F4FFFF1783000090810000F063FC1B91AD
:106B500021400791428E8152800000D000BC2891D4
:106B6000C0DDFF97800000D0000C299176D9FF97F7
:106B7000FD7BBCA9FD030091F35301A9F40301AA15
:106B8000F30303AAF55B02A9F71B00F9F70300AAB8
:106B9000400040B91F040071000200541F781E72AB
:106BA000C1050054E1DE42F9402840B9E20303AADE
:106BB0002100008BE00314AA9402138B8ED8FF9758
:106BC000F55B42A9E00314AAF35341A9F71B40F96E
:106BD000FD7BC4A8C0035FD6F5FE42F9160080D243
:106BE000442840B9B5A22A91A30640B9A3FEFF34B8
:106BF00093FEFFB4840200347F00046BA8000054AD
:106C00008400034BB5220091730216CBF7FFFF17E8
:106C10006300044BA00240B97F0013EB7690939A77
:106C20008000000BE1DE42F9E20316AA2140208B2E
:106C3000E00314AA70D8FF979402168B04008052C8
:106C4000F1FFFF17F603032A7F4223EBA00240B9AE
:106C5000D622939AF4FFFF1783000090810000F082
:106C60006388189121400791021D8152800000D055
:106C700000BC28917BDDFF97800000D0000C29919B
:106C800031D9FF973F040031E00100544102003444
:106C9000FD7BBFA983000090810000F063AC2191CF
:106CA00021400791C2188052FD030091800000D05E
:106CB00000BC28916BDDFF97800000D0000C29916B
:106CC00021D9FF9703FC40F902108052F00303AA78
:106CD00000021FD6C0035FD6E30300AA020080D2E1
:106CE000C0E9895246FF8F125F0001EB410000545A
:106CF000C0035FD664686238841C18538000004A61
:106D0000040180521F0071F205381F13E003861A38
:106D100084040071A500004AA03C001241FFFF540A
:106D200042040091F1FFFF17FD7BBFA9221C001256
:106D300003008012FD030091040441F9811D80527B
:106D400080003FD600008052FD7BC1A8C0035FD603
:106D5000FD7BBEA9A2028052FD030091F35301A95D
:106D6000F40301AAF30300AA02B405B902F040F942
:106D7000016842B9812AC19A40003FD6612A41F98F
:106D80002000E8D23F0000EA81000054605642B97A
:106D900000000232605602B9604643F9000200B5B5
:106DA00062F640F9E10314AAE00313AA40003FD6BB
:106DB000F403002A62F240F901008012E00313AAF2
:106DC00040003FD6E00313AA22FDFF97E003142AF8
:106DD000F35341A9FD7BC2A8C0035FD614008052C3
:106DE000F5FFFF17E20300AAE003012AC100003506
:106DF000415442B93F080872400000548100C03637
:106E0000C0035FD63F0400716C000054415442B986
:106E1000C101C837410C42292100034B435C42B9F0
:106E20002124C31A437842B92100030A3F00006BB2
:106E30000B010054405442B91F0066F2A0028012B8
:106E40002010801AEFFFFF1720008052EDFFFF1780
:106E5000A0028012EBFFFF17FD7BBDA9FD0300918F
:106E6000F35301A9F30300AAF51300F9025C42B938
:106E7000157842B92128C29AB502010A0100805250
:106E8000D9FFFF97F403002AC000F83600008052B3
:106E9000F35341A9F51340F9FD7BC3A8C0035FD6A6
:106EA000633243F98202150BE10313AAE00313AA2C
:106EB00060003FD6E0FEFF3761DE42F9609682B99E
:106EC000629A42B9206860385F200071A1000054C6
:106ED0001FFC0371E001005420008052EDFFFF17FA
:106EE000A30A80526104400A0000030A2100000B3B
:106EF000630680522000030A6108410A0000010B6A
:106F0000010C00122010400B5F00006B68FEFF5464
:106F100081060011E00313AADAFFFF17FD7BBEA96B
:106F2000FD030091F35301A9F30300AA000080D2EE
:106F3000FCD7FF97F403002AE00314AAF9D7FF97C0
:106F40001F3C06F1C8000054610241F961FFFFB423
:106F5000E00313AA20003FD600FFFF34610241F98D
:106F6000810000B5F35341A9FD7BC2A8C0035FD6E1
:106F7000E00313AAF00301AAF35341A9FD7BC2A8C1
:106F800000021FD69F000071601840FAA003005451
:106F9000FD7BBDA98500020BFD030091F35301A900
:106FA000F403042AF30300AAF51300F9F50303AA76
:106FB000041C40B9031440B96300040BBF00036B09
:106FC00048020054040441F9E303012A01008052FD
:106FD00080003FD6D400003463EE40F9E203142A67
:106FE000E10315AAE00313AA60003FD60000805217
:106FF000F35341A9F51340F9FD7BC3A8C0035FD645
:10700000A0028012C0035FD6A0028012F9FFFF1712
:10701000FD7BB5A9FD030091F35301A9F30302AA77
:10702000F55B02A9F60301AAF76303A9F96B04A9AA
:10703000FA0300AAFB7305A9401840F95F0800F99C
:10704000C00000B4400440F92000008B410740F923
:107050001F0001EB282E0054A002805240B705B952
:10706000600240B91F080071082D005441D7432920
:10707000E16F00B9611A40F9740E40F9410D00B595
:107080001F040071E06F40B9612A40B91510951ACC
:10709000BF02016BE92B0054400740F91F0016EBBB
:1070A000892B0054425F42B92100140B0024C29A7C
:1070B000C22AC29A000002CBA27E4093007C029BAF
:1070C0003F0000EB682A005442F340F9E0031AAA9B
:1070D000416B42B9771E40F9C12AC19A592341B97F
:1070E0005C2741B9F803012A40003FD65B7B42B9D7
:1070F000405F42B9C02AC09AF603002A7B03000A07
:107100002BBBFF97600240B91F080071C1040054F7
:10711000432F43F9E2031B2AE1031AAAE0031AAA48
:1071200060003FD6FB03002A8004F837BF02146BCF
:10713000E10317AAB5D2941AE20313AAE0031AAA2C
:10714000A37E40938BFEFF97F70300AA405742B9F6
:10715000A0004036400341F9A00200B5405382B977
:10716000ABD7FF979402156B800200545B7B42B94A
:10717000D6060011DB021B6A41FCFF5442F340F9C2
:10718000E0031AAA010080121807001140003FD640
:1071900042F340F9E103182AE0031AAA40003FD65F
:1071A000D8FFFF17433343F9DBFFFF17E0031AAAA9
:1071B0005BFFFF97ECFFFF1742F340F9E0031AAAC9
:1071C0000100801240003FD6600E40F900C034CB71
:1071D000601200F9BB00F837402741B99F03006BEC
:1071E000800100543B098012E0031AAA19FCFF97A2
:1071F000F35341A9E0031B2AF55B42A9F76343A9B6
:10720000F96B44A9FB7345A9FD7BCBA8C0035FD6EE
:10721000402341B9840E80123F03006BFB03841AA4
:10722000F2FFFF1742F340F91F040071416B42B9AE
:1072300018008052E06F40B91B008052790A40B9B3
:107240000010951AC12AC19AE06F00B9E0031AAA8A
:10725000E19300B940003FD6405F42B9775643A959
:10726000FFAB00B9417B42B9C02AC09AE07700B9B0
:107270002000000AE08300B9401740B9BF0200F1C6
:10728000000400510000160AE07300B9E0079F1ADD
:10729000E09700B9402741B9E08B00B9C4BAFF9725
:1072A000401740B9E17340B9E08F00B9E003002A0C
:1072B0001600014BDF02196BD692991A1F00166B4C
:1072C00041040054405742B94004A036403F43F9BE
:1072D000000400D1FF0200EAFC079F1A407F42B978
:1072E000E17740B91F00016B41000054B51600B4AE
:1072F0005C030034403B43F900003491E03F00F967
:10730000C07E4093E04F00F9E07380B9FF8700B979
:10731000E05300F940F745B940021036600240B929
:107320001F080071E1040054451343F9E1031AAA50
:10733000E23F40F9E0031AAAE48340B9E39740B979
:10734000A0003FD62D0000143C008052E4FFFF1740
:107350001C008052E2FFFF17F73F00F9E9FFFF171B
:10736000E18340B9E0031AAA04008052030080D2EE
:107370000200805204FFFF97FB03002A00FDFF3448
:1073800042F340F9E0031AAA0100801240003FD600
:10739000600640F9004039CB600A00F9950000B45E
:1073A000600E40F9004034CB601200F9FBF1FF376A
:1073B000E0AB40B980F1FF35FB03182A8BFFFF17C4
:1073C000E08F40B91F00166B40020054405742B98D
:1073D00000026036F50100B5E43F40F9E303162AE8
:1073E000471F43F9E1031AAAE27340B9E0031AAA5E
:1073F000E58340B9E0003FD6FB03002AE000F83601
:107400001CFCFF3400008012407F02B9DDFFFF1733
:10741000451B43F9C6FFFF171F03006B1823801A93
:107420009C020034405742B940076037350700B529
:10743000402741B9E18B40B93F00006BA1060054E1
:10744000600240B91F08007140060054E07740B95F
:10745000407F02B95B8302B9E28349A9413B43F90A
:10746000210034912100008BE00317AA62D6FF9718
:10747000D50100B4E06F40B99F02006B8592801A7D
:1074800045010034A37C4093E10315AAE20313AA4B
:10749000E0031AAAE5AF00B9B6FDFF97E5AF40B922
:1074A000F50300AA9402054B405742B9A0004036AC
:1074B000400341F9400300B5405382B9D4D6FF9749
:1074C000402741B9E18B40B93F00006B20030054D5
:1074D000E08740B90104001140B345B93F00006B9B
:1074E0004A020054422341F9C20800B4E0031AAA38
:1074F000E18700B940003FD6FB03002A20F4FF37A4
:10750000E1835029E18700B9402701B982FFFF17C5
:1075100000008012407F02B9D0FFFF17E0031AAAD3
:107520007FFEFF97E7FFFF1720008052E0AB00B916
:10753000F7C2368BE08740B93903164B600100343F
:1075400040B345B91F0000718D050054422341F935
:10755000820500B4E0031AAA0100805240003FD621
:10756000FB03002AE0F0FF37D9F0FF34E07740B9A1
:1075700000040011E07700B9407B42B9E17740B9DF
:107580002000006AE08300B98101005442F340F911
:1075900001008012E09340B900040011E09300B9AB
:1075A000E0031AAA40003FD642F340F9E0031AAACA
:1075B000E19340B940003FD6FF7300B936FFFF1793
:1075C000413B43F9DC7E4093E07340B9E2031CAADF
:1075D0002100349121C0208BE00317AA06D6FF9723
:1075E000F7021C8B408342B9FF8700B91F03006B71
:1075F0001823801AD0FFFF17BB02801261FFFF170C
:10760000DB0B80125FFFFF177B418012F7FEFF1735
:10761000BB028012F5FEFF17BB028012F5FEFF17BA
:107620007F000071401840FAC0030054FD7BBDA9E3
:10763000FD030091F35301A9F403032A6300010B36
:10764000F51300F9F50302AAF30300AA021440B9E6
:10765000041C40B94200040B7F00026B6802005416
:10766000040441F9E203012A03008012A1008052C0
:1076700080003FD6D400003463EE40F9E203142AC0
:10768000E10315AAE00313AA60003FD60000805270
:10769000F35341A9F51340F9FD7BC3A8C0035FD69E
:1076A000A0028012C0035FD6A0028012F9FFFF176C
:1076B0009F000071601840FA60030054FD7BBDA973
:1076C0008500020BFD030091F35301A9F30300AA07
:1076D000F403042AF51300F9F50303AA031C40B9C7
:1076E000BF00036B48020054040441F9E303012A7C
:1076F000010A805280003FD6D400003463EE40F986
:10770000E203142AE10315AAE00313AA60003FD69E
:1077100000008052F35341A9F51340F9FD7BC3A843
:10772000C0035FD6A0028012C0035FD6A002801201
:10773000F9FFFF17E30300AAE00301AAE103022A0D
:1077400002008052641C40B903DC42F9D9FFFF17E4
:107750009F000071601840FAA0030054FD7BBDA992
:107760008500020BFD030091F35301A9F40303AA62
:10777000F30300AAF51300F9F503042A031440B932
:10778000041C40B96300040BBF00036B48020054A3
:10779000040441F9E303012A0110805280003FD61E
:1077A000D40000B463EA40F9E203152AE10314AA05
:1077B000E00313AA60003FD600008052F35341A9B2
:1077C000F51340F9FD7BC3A8C0035FD6A002801269
:1077D000C0035FD6A0028012F9FFFF17FD7BBEA990
:1077E0000300801201028052FD030091F30B00F9A7
:1077F000F30300AAE203032A040441F980003FD600
:10780000620A41F9E10313AAE00313AA40003FD63C
:1078100000000072F30B40F981008012FD7BC2A8CA
:107820000000811AC0035FD6FD7BBAA9FD03009159
:10783000F35301A9F40300AAF30301AAF55B02A91B
:10784000F60304AAF503062AF76303A9F803052A39
:10785000F96B04A9F903022AFA03032AFB7305A9A9
:10786000FC03072A205442B960024837202043F91C
:10787000200200B442020035801640B91F00036B9D
:10788000FB979F1A60F645B977421791C0011036F1
:107890007C030034651643F9E403152AE303182A30
:1078A000E20316AAE10313AAE00314AAA0003FD63C
:1078B0001D0000141B008052F3FFFF173B00805295
:1078C000F1FFFF17E103152AE00313AA0400805219
:1078D000030080D2020080529EFFFF97A0FDFF347C
:1078E000F35341A9F55B42A9F76343A9F96B44A996
:1078F000FB7345A9FD7BC6A8C0035FD6BB0200345D
:10790000672243F9E603152AE503182AE40316AAB9
:10791000E3031A2AE203192AE10313AAE00314AAD3
:10792000E0003FD6E0FDFF37E02640B960011037A8
:10793000F55B42A9E00313AAF35341A9F76343A9F6
:10794000F96B44A9FB7345A9FD7BC6A8A4FFFF17EB
:10795000652643F9D1FFFF1700008052E1FFFF17B2
:107960009F000071641840FA00050054FD7BBDA91A
:107970008500020BFD030091F35301A9F403042ACF
:10798000F30300AAF51300F9F50303AA041C40B998
:10799000031440B96300040BBF00036BA803005439
:1079A000040441F9E303012A0110805280003FD60C
:1079B00063EA40F9E203142AE10315AAE00313AADB
:1079C00060003FD6640641F903008012E00313AA69
:1079D000E203032A0102805280003FD6620A41F985
:1079E000E10313AAE00313AA40003FD6000000728F
:1079F000810080120000811AF35341A9F51340F968
:107A0000FD7BC3A8C0035FD6A0028012C0035FD66F
:107A1000A0028012F9FFFF17E50300AAE00301AA04
:107A2000E103022A03DC42F9A21440B9A41C40B9C4
:107A3000CCFFFF177F000071401840FAC0030054CC
:107A4000FD7BBDA9FD030091F35301A9F403032AB3
:107A50006300010BF51300F9F50302AAF30300AA72
:107A6000021440B9041C40B94200040B7F00026BB1
:107A700068020054040441F9E203012A0300801261
:107A8000A110805280003FD6D400003463EA40F950
:107A9000E203142AE10315AAE00313AA60003FD60B
:107AA00000008052F35341A9F51340F9FD7BC3A8B0
:107AB000C0035FD6A0028012C0035FD6A00280126E
:107AC000F9FFFF17FD7BBDA9FD030091F35301A949
:107AD000F303032A7F020071F55B02A9401840FA04
:107AE000E0020054040441F9211C0012F60302AA2A
:107AF000F40300AAE203012A03008012011280525B
:107B0000150080D280003FD6BF0213EBC1000054A5
:107B100000008052F35341A9F55B42A9FD7BC3A845
:107B2000C0035FD681DE40F9E00314AA20003FD6EF
:107B3000C06A3538B5060091F4FFFF17A002801225
:107B4000F5FFFF17FD7BBEA903008012E203032AA5
:107B5000FD030091F35301A9F40301AAF30300AA62
:107B6000040441F9010E805280003FD6B40000B4F5
:107B700061DE40F9E00313AA20003FD680020039FD
:107B8000F35341A900008052FD7BC2A8C0035FD619
:107B9000015442B961015037FD7BBEA9FD0300913C
:107BA000E17F0091E8FFFF9780000035E07FC0395A
:107BB000E003202A007C1F53FD7BC2A8C0035FD6D0
:107BC00000008052C0035FD6FD7BB8A9FD03009181
:107BD000F35301A9F40301AAF55B02A9F76303A912
:107BE000F96B04A9FA0302AAFB7305A9410440F941
:107BF000430040B9570C40F97F040071181C40B98C
:107C0000022040B95F0B00F9595743A91813821A93
:107C100061140034F603012A018442B9FC0300AA6E
:107C200021040051217C40933F0014EAC113005409
:107C300002F040F9016842B9131440B9812AC19A8F
:107C4000E16F00B940003FD6E0031CAAD1FFFF97C7
:107C5000E0110035815F42B9827B42B9802AC19A26
:107C6000E07300B94000000AE07700B9807F82B974
:107C70000020C19A1F0014EBEB000054410740F9AB
:107C80008102018B1F0001EB620000540000801292
:107C9000807F02B9F50000B4402B40B9A000003449
:107CA000410F40F92040208B1F4038EB480F005413
:107CB00073060051BF0200F17302140AE0079F1A15
:107CC000E07B00B9941740B9D300003438B8FF976F
:107CD0009402134B9F02166B94D2961A4100001423
:107CE0009F02166B080A0054805742B96006A037FD
:107CF0002FB8FF97FB0319AAD50900B4FF02186B30
:107D0000E10315AAE492981AE292981AE3031AAAD8
:107D1000E0031CAAE47F00B94CFBFF97F50300AA1F
:107D2000E47F40B9F702044B400340B9E203132A51
:107D30008A1741F91F080071E6974E29E4031BAA30
:107D4000E303142AE1031CAAE7179F1AE0031CAA05
:107D500040013FD6F303002A60070035D602146BBA
:107D600020070054E07340B939C3348B000400117C
:107D7000E07300B9807B42B9E17340B92000006A2A
:107D8000E07700B901FAFF5482F340F90100801254
:107D9000E06F40B900040011E06F00B9E0031CAAD5
:107DA00040003FD682F340F9E0031CAAE16F40B9DE
:107DB00040003FD6C4FFFF17803F43F91B008052AD
:107DC000000400D13F0300EAE0079F1AE07F00B9FA
:107DD000F7B7FF97E07F40B9E0F8FF34BBF7FF3516
:107DE000821740B900008012807F02B9E11F8052E3
:107DF000803B43F900003491E5D3FF97833B43F97F
:107E0000607E409300003491827E4093E10319AA82
:107E10006000008BF8D3FF979B3B43F97B033491C1
:107E2000B6FFFF173B008052E0031B2AE8FFFF1755
:107E300080DF42F9E11F8052821F40B9D4D3FF97FF
:107E4000BAFFFF17400740F9004036CB400B00F95E
:107E5000750000B4400F40F9401300F982F340F977
:107E6000E0031CAA0100801240003FD6F55B42A946
:107E7000E003132AF35341A9F76343A9F96B44A91B
:107E8000FB7345A9FD7BC8A8C0035FD69300801291
:107E9000F3FFFF17B3028012F1FFFF1713008052A8
:107EA000F3FFFF17B3028012F1FFFF17FD7BBEA99E
:107EB000FD030091F30B00F9F30300AA040441F958
:107EC000026042B9035C42B94300034B02008012D6
:107ED0002320C31A010C805280003FD6640641F96A
:107EE000E00313AA03008012011A8052E203032A5E
:107EF00080003FD6620A41F9E10313AAE00313AA06
:107F000040003FD68000F8370000007281008012E8
:107F10000000811AF30B40F9FD7BC2A8C0035FD6B5
:107F2000036042B9025C42B96200024B2128C21AC6
:107F3000DFFFFF17FD7BBFA903008012E11F805206
:107F4000FD030091040441F9E203032A80003FD6B7
:107F500000008052FD7BC1A8C0035FD65F000071A6
:107F6000241840FA40030054FD7BBDA9631C001295
:107F7000FD030091F35301A9F30300AAF55B02A9E5
:107F800003020036F60301AAF503022A140080D288
:107F900061DE40F9E00313AA20003FD6C06A3438FE
:107FA00094060091BF02146B48FFFF54F35341A99C
:107FB00000008052F55B42A9FD7BC3A8C0035FD6D9
:107FC00003EC40F960003FD6F9FFFF17A0028012D2
:107FD000C0035FD6FD7BBCA9FD030091F35301A94B
:107FE000F30301AAF51300F9F50300AA200080D2DB
:107FF00007D4FF97E00313AA010080D2D2FEFF97B7
:1080000060020035000080D2C6D3FF97F403002A37
:10801000E00314AAC3D3FF971F3C06F1C800005425
:10802000610241F9C10100B4E00315AA20003FD666
:1080300000FFFF34E1FF0091E00313AA2300805208
:1080400022008052C6FFFF97C0010034F35341A9BC
:10805000F51340F9FD7BC4A8C0035FD6E1FF009192
:10806000E00313AA2300805222008052BCFFFF9736
:10807000E0FEFF35E0FF4039C0FC3736EEFFFF176A
:10808000E0FF403920013037630000D0810000B0AC
:10809000800000B0631821912140079100C807912A
:1080A000027580526FD8FF97E0FF4039E8FFFF1755
:1080B000FD7BB9A904008052030080D2FD0300912A
:1080C000F96B04A9FA03022A22A01791F35301A91C
:1080D000F90300AAF30301AAF55B02A9F76303A958
:1080E000FB7305A957D47E2938DC42F9141C40B92A
:1080F000E00301AA5CEC4029E1031A2AE203172AF3
:10810000A1FBFF97F603002A40040035B5021C0BC3
:1081100000008052B5021B0B1B008052BC02170BE3
:1081200061DA45B93F001B6BCC0100549F0200711E
:108130000D030054F55B42A9E203142AF96B44A92C
:10814000E10318AAF76343A9E00313AAF35341A973
:1081500003008052FB7345A9FD7BC7A880FFFF1772
:10816000800200359F02156BE10318AA82D2951A8E
:10817000E00313AA03008052E26F00B978FFFF9773
:10818000F7021C0BE26F40B980030034F603002AAB
:10819000F35341A9E003162AF55B42A9F76343A90B
:1081A000F96B44A9FB7345A9FD7BC7A8C0035FD643
:1081B000201740B91F00087129010054E103172A54
:1081C000E00313AA0400805203008052020080D210
:1081D00014FDFF9780FCFF34EDFFFF17E203172A21
:1081E000E1031A2AE00313AA04008052030080D29C
:1081F00065FBFF97F8FFFF1718C3228B9402024B11
:108200007B07001120008052C6FFFF17FD7BBAA933
:10821000FD030091F35301A9F40300AAF30302AA9A
:10822000F55B02A9F76303A9F96B04A9FA0301AA94
:10823000FB2B00F936DC45B937E045B93BDC42F9A8
:10824000D87E409335D845B9F97E4093BF0200717E
:108250002C02005441DF42F9801E40B9610301CB7A
:108260000000016BC0050054F35341A9E203002A4A
:10827000F55B42A9E1031BAAF76343A9E0031AAA2D
:10828000F96B44A903008052FB2B40F9FD7BC6A883
:1082900033FFFF17E203162AE10313AAE0031AAA29
:1082A000030080522EFFFF97A003003542EF45B92F
:1082B0007302188B02010034E1031BAAE0031AAA1F
:1082C0000300805226FFFF97A002003540EF85B9DA
:1082D0007B03008BE203172AE1031BAAE0031AAA1F
:1082E000030080521EFFFF97A001003542F345B9FD
:1082F0007B03198B02010034E1031BAAE0031AAAD5
:108300000300805216FFFF97A000003540F385B9A7
:108310007B03008BB5060051CDFFFF17F35341A936
:10832000F55B42A9F76343A9F96B44A9FB2B40F91C
:10833000FD7BC6A8C0035FD6FD7BBDA9FD030091F0
:10834000F35301A9F30301AAE10302AAF51300F90B
:10835000F40300AAF503032A03008052021440B973
:10836000E00313AAFEFEFF974001003535010034FB
:10837000F51340F9E00313AA61DE42F903008052CD
:10838000821E40B9F35341A9FD7BC3A8F4FEFF1739
:10839000F35341A9F51340F9FD7BC3A8C0035FD691
:1083A000FD7BB8A9FD030091F35301A9F30300AAD3
:1083B000F40303AAF55B02A9F50301AAF60304AAD4
:1083C000F76303A9F70302AA18328052610241F948
:1083D000410300B4E00313AA20003FD6E0030034B9
:1083E00060E242F9020880D201008052130000F9D5
:1083F000E000805260B605B9E063228B64D2FF973B
:10840000FF4300B9E2030191E10315AAE00313AAB7
:10841000F72700F9F63B00F9ECFDFF97E12B40F957
:10842000810200F9F35341A9F55B42A9F76343A91F
:10843000FD7BC8A8C0035FD6E1030191E00313AA46
:108440002300805222008052C5FEFF97A0FCFF351A
:10845000E003413960FC3737007D80D2ECD2FF97D2
:108460001807007141FBFF54DEFFFF17FD7BBDA91C
:10847000FD030091F35301A9F40300AA000080D288
:10848000A8D2FF97F303002AE00313AAA5D2FF970F
:108490001FE403F189000054F35341A9FD7BC3A8F5
:1084A000C0035FD6E1BF0091E00314AA230080520D
:1084B00022008052AAFEFF9700FFFF35E0BF40393F
:1084C000C0FE37373AB6FF97F0FFFF17FD7BBDA917
:1084D000FD030091F35301A9F30300AAF403012A59
:1084E000F55B02A9F503022AF603032A3F00027195
:1084F00021090054001440B91F00026BE807005422
:108500005500004B010A805263FE40F96210805210
:10851000E00313AA60003FD66200805263FE40F978
:10852000E103142AE00313AA60003FD6BF0600311E
:1085300000080054605642B9C00008369FB203716B
:1085400080000054C80600549F420271E1060054A6
:1085500063FE40F9A2108052E103152AE00313AA3A
:1085600060003FD6A200805263FE40F9DF06003172
:1085700000020054E103162AE00313AA60003FD66C
:1085800063FE40F9E00313AAC17E0813A2008052E3
:1085900060003FD6605642B9C000703663FE40F9B5
:1085A000C17E1013E00313AAA200805260003FD6E0
:1085B00063FE40F9E00313AA2210805201008012EA
:1085C00060003FD69FFE037160050054E80300542D
:1085D0009F420271880400549F7E0171E80200549A
:1085E0009F42007121030054F35341A9F55B42A956
:1085F000FD7BC3A8C0035FD65FFC03718D000054F0
:108600005500045121008052C0FFFF170100805225
:10861000BEFFFF1762108052C1FFFF1780BA0351DF
:108620001F04007169F9FF54B57E0113C9FFFF17DC
:10863000A2108052CDFFFF1794820151E08300B257
:108640000024D49A20FD0737600241F9A00300B549
:10865000F55B42A9605282B9F35341A9FD7BC3A8DF
:108660006BD2FF179F42037100FCFF549FBE037142
:10867000DDFFFF17600241F9400200B5605282B988
:1086800063D2FF9763FE40F9E00313AA62108052A1
:10869000010E805260003FD663FE40F9E00313AA4A
:1086A000221080520100801260003FD6F55B42A983
:1086B000E00313AAF35341A9FD7BC3A86CFFFF1786
:1086C000200080D252D2FF97F55B42A9E00313AAA3
:1086D000F35341A9FD7BC3A811FAFF17FD7BBDA988
:1086E000FD030091F35301A9F30300AAF55B02A96E
:1086F000F503022AF603032A3F40017141080054A2
:10870000001440B9140080525500000B63FE40F97C
:10871000E00313AAE103142A6210805260003FD6DE
:10872000A002160A1F040031E0040054BF06003105
:1087300080070054605642B9C00008369FB20371EA
:1087400080000054480600549F42027161060054A4
:1087500063FE40F9E103152AE00313AAA210805238
:1087600060003FD663FE40F9A2008052A17E08134C
:10877000E00313AA60003FD6A200805263FE40F9D6
:10878000DF06003100020054E103162AE00313AAB9
:1087900060003FD663FE40F9E00313AAC17E0813D0
:1087A000A200805260003FD6605642B9C0007036C9
:1087B00063FE40F9C17E1013E00313AAA2008052A9
:1087C00060003FD663FE40F9E00313AA22108052F6
:1087D0000100801260003FD69F160071E007005430
:1087E0006803005474090034600241F9800A00B53E
:1087F000F55B42A9605282B9F35341A9FD7BC3A83E
:1088000003D2FF17F403012AC1FFFF1780BA0351F7
:108810001F040071E9F9FF54B57E0113CDFFFF1766
:10882000A2108052D6FFFF1794820151E08300B25C
:108830002004C0F20024D49A80FD0736F35341A9E6
:10884000F55B42A9FD7BC3A8C0035FD69FFE037101
:10885000E0010054A8FCFF549F420271080100543B
:108860009F7E017128FEFF549F42007180FEFF54DD
:108870009F56007140FEFF54DCFFFF179F420371BB
:10888000E0FDFF549FBE0371FBFFFF17600241F93B
:10889000600500B5605282B9DDD1FF9763FE40F9F3
:1088A000E00313AA62108052010E805260003FD68E
:1088B00063FE40F9E00313AA2210805201008012E7
:1088C00060003FD6F55B42A9E00313AAF35341A928
:1088D000FD7BC3A8E6FEFF1763FE40F9E00313AA81
:1088E00062108052011C805260003FD6F55B42A9A5
:1088F000E00313AA63FE40F922108052F35341A90A
:10890000F00303AAFD7BC3A80100801200021FD65A
:1089100063FE40F9E00313AA621080520106805200
:1089200060003FD663FE40F9E00313AA2210805294
:108930000100801260003FD6ACFFFF17200080D2FC
:10894000B3D1FF97F55B42A9E00313AAF35341A902
:10895000FD7BC3A872F9FF175F000071241840FA6D
:1089600040030054FD7BBDA9631C0012FD03009170
:10897000F35301A9F30300AAF55B02A90302003631
:10898000F60301AAF503022A140080D262E640F938
:10899000E00313AAC16A74389406009140003FD6E0
:1089A000BF02146B48FFFF54F35341A900008052EB
:1089B000F55B42A9FD7BC3A8C0035FD603E840F97D
:1089C00060003FD6F9FFFF17A0028012C0035FD6F8
:1089D000FD7BB8A9FD030091F96B04A9FA0301AA74
:1089E00043A31791F35301A9E103022AF55B02A9FE
:1089F000F60300AAF76303A9FB7305A91B1C40B982
:108A000074CC7E296088402955DF42F91300130B8E
:108A100057DB45B97302020B0000022A4003003500
:108A20006002140B027C171B17008052E0031AAA85
:108A300004008052030080D246FBFF97E007003518
:108A4000F903142A6102140B180080529C00805212
:108A5000E16700B91F03176BAB0100547F0300717E
:108A6000AC070054F35341A9E0031AAAF55B42A9ED
:108A7000F76343A9F96B44A9FB7345A9FD7BC8A81B
:108A800057FBFF17E203142AE9FFFF172001003408
:108A9000C01640B91F00087128040054E403142ACA
:108AA00000008012E07F00B99F0000712C0200548A
:108AB0007F03136BE10315AA62D3931AE0031AAA8A
:108AC00003008052E26B00B9A4FFFF97E16740B951
:108AD0003903010B20030035E26B40B91807001180
:108AE000200080527B03024BB5C2228BDAFFFF17B6
:108AF0009F100071E1F3019182D09C1AE0031AAA41
:108B000003008052E2130D2994FFFF9760010035A6
:108B1000E2134D298400024BE4FFFF17E103192AF9
:108B2000E0031AAA0400805203008052020080D29F
:108B3000C1FBFF97E0FBFF34F35341A9F55B42A96A
:108B4000F76343A9F96B44A9FB7345A9FD7BC8A84A
:108B5000C0035FD6E2031B2AE10315AAE0031AAAA9
:108B6000030080527DFFFF97E0F7FF34F3FFFF170C
:108B7000FD7BBAA9FD030091F35301A9F40300AAF8
:108B8000F30302AAF55B02A9F76303A9F96B04A931
:108B9000FA0301AAFB2B00F936DC45B937E045B9E9
:108BA0003BDC42F9D87E409335D845B9F97E4093F5
:108BB000BF0200712C02005441DF42F9801E40B90F
:108BC000610301CB0000016BC0050054F35341A9C0
:108BD000E203002AF55B42A9E1031BAAF76343A95C
:108BE000E0031AAAF96B44A903008052FB2B40F959
:108BF000FD7BC6A859FFFF17E203162AE10313AA5B
:108C0000E0031AAA0300805254FFFF97A003003527
:108C100042EF45B97302188B02010034E1031BAA2D
:108C2000E0031AAA030080524CFFFF97A002003510
:108C300040EF85B97B03008BE203172AE1031BAAEF
:108C4000E0031AAA0300805244FFFF97A0010035F9
:108C500042F345B97B03198B02010034E1031BAADF
:108C6000E0031AAA030080523CFFFF97A0000035E2
:108C700040F385B97B03008BB5060051CDFFFF178C
:108C8000F35341A9F55B42A9F76343A9F96B44A9E2
:108C9000FB2B40F9FD7BC6A8C0035FD6FD7BBAA9BC
:108CA000FD030091F35301A9F40300AAF30302AA00
:108CB000F55B02A9F76303A9F96B04A9FA0301AAFA
:108CC000FB2B00F936DC45B937E045B93BDC42F90E
:108CD000D97E409335D845B9F87E409335020035AA
:108CE00041DF42F9801E40B9610301CB0000016BF6
:108CF000E0060054F35341A9E203002AF55B42A9C0
:108D0000E1031BAAF76343A9E0031AAAF96B44A97C
:108D100003008052FB2B40F9FD7BC6A80FFFFF1715
:108D2000420743F9E00314AA2100805240003FD6D5
:108D3000E203162AE10313AAE0031AAA03008052F1
:108D400006FFFF974004003542EF45B902010034A9
:108D5000E1031BAAE0031AAA03008052FFFEFF975B
:108D60006003003540EF85B97B03008B430B43F96B
:108D7000E2031BAAE10313AAE00314AA60003FD692
:108D8000E203172AE1031BAAE0031AAA0300805298
:108D9000F2FEFF97C001003542F345B97B03188B03
:108DA00002010034E1031BAAE0031AAA0300805267
:108DB000EAFEFF97C000003540F385B97B03008BC6
:108DC000B50600517302198BC5FFFF17F35341A974
:108DD000F55B42A9F76343A9F96B44A9FB2B40F962
:108DE000FD7BC6A8C0035FD6FD7BB7A96304005115
:108DF000FD030091F35301A9F30300AAF40304AAAD
:108E0000F55B02A916008052F76303A9F96B04A968
:108E1000FB7305A9FB0301AA38DC45B920D845B985
:108E2000E07B00B920FC42F9E03B00F94008D81A89
:108E30006200020B751E40B93ADC42F9E58700B9C1
:108E4000E07F00B94008D81A373843F9E08300B909
:108E5000E07B40B9B50AC01A20E085B9E03700F9D7
:108E6000007F4093E04700F9B57E4093E07B40B936
:108E7000DF02006B6B020054E03B40F9633B43F9B7
:108E8000011000910000805262E745B95F00006B5D
:108E90000C070054F55B42A9E0031BAAF76343A942
:108EA00003008052F96B44A961DF42F9FB7345A9C5
:108EB000621E40B9F35341A9FD7BC9A8A7FEFF1765
:108EC000620743F9E00313AA2100805240003FD615
:108ED000E203182AE10314AAE0031BAA030080524C
:108EE0009EFEFF9720050035E07F40B91F00166BFE
:108EF000E08340B9FC979F1A1F00166BF9279F1A51
:108F00009903192AB9020034E23740F9E00317AA9D
:108F1000E11F80529ECFFF97E08740B91F0000718C
:108F2000801B407A41000054B9000034E20315AAC6
:108F3000E0031AAAE11F805295CFFF97E04740F95E
:108F40005A03158BD60600119402008BE03740F9C6
:108F5000F702008BC6FFFF17630B43F9E20317AA62
:108F6000E10314AAE00313AA60003FD6EBFFFF174A
:108F700064DF42F922D860B865C860380004001187
:108F800085682238C1FFFF17F35341A9F55B42A959
:108F9000F76343A9F96B44A9FB7345A9FD7BC9A8F5
:108FA000C0035FD6FD7BBDA9FD030091F35301A96A
:108FB000F30301AAE10302AAF51300F9F40300AADE
:108FC000F503032A03008052021440B9E00313AAF8
:108FD00062FEFF974001003535010034F51340F97A
:108FE000E00313AA61DE42F903008052821E40B9F9
:108FF000F35341A9FD7BC3A858FEFF17F35341A9C2
:10900000F51340F9FD7BC3A8C0035FD6FD7BBAA969
:10901000FD030091F35301A9F30301AAF55B02A933
:10902000F60300AAF50302AAF76303A91800805209
:10903000F96B04A9FB7305A93ADC45B937FC42F981
:10904000393843F95C7F409334D845B93BE045B9A2
:1090500014020035F712009160E645B91F00146B49
:10906000EC030054F76343A9E00313AAF96B44A986
:1090700003008052FB7345A961DE42F9F35341A915
:10908000C21E40B9F55B42A9FD7BC6A833FEFF179F
:10909000620643F9E00316AA2100805240003FD641
:1090A000E2031A2AE10315AAE00313AA030080527F
:1090B0002AFEFF9700020035630A43F922C3388B6A
:1090C000E10315AAE00316AA9406005118031B0B2E
:1090D000B5021C8B60003FD6DEFFFF1761DE42F950
:1090E000E0DA74B822CB7438940600112268203874
:1090F000DAFFFF17F35341A9F55B42A9F76343A9D0
:10910000F96B44A9FB7345A9FD7BC6A8C0035FD6D4
:10911000FD7BBDA9FD030091F35301A9F30300AA50
:10912000F51300F9F503012A002441F9200200B4E7
:10913000330A0094E20300AA632641F9E103152AE9
:10914000E00313AA60003FD6F403002A2001003494
:10915000800000900028089142D4FF97F51340F951
:10916000E003142AF35341A9FD7BC3A8C0035FD6D3
:1091700062F240F9E103152AE00313AA40003FD64A
:10918000E00313AA6CFBFF9762F240F9F403002A94
:1091900001008012E00313AA40003FD614FEFF3501
:1091A00062F240F9E103152AE00313AA40003FD61A
:1091B000E103152AE00313AA76F4FF97F403002ACB
:1091C00062F240F9E00313AA0100801240003FD68A
:1091D000E3FFFF17FD7BBDA9FD030091F55B02A92D
:1091E000F50302AAF35301A9F40301AAA30240B9AB
:1091F000018843297F040071A32A40B92110821AF3
:10920000A20E40F94240238B5FC021EB8808005436
:109210007F00016B42080054247C4093F30300AAB2
:10922000010440F93F0014EBA9070054035C42B964
:109230002124C39A832AC39A210003CB217C049B57
:109240005F0001EBC8060054166842B9962AD69A08
:10925000E103162AAFFFFF9762F240F9E00313AA79
:10926000E103162A40003FD6605E42B9942AC09AB4
:10927000E00313AA47FAFF976001003462F240F955
:10928000E00313AA01008012B403801240003FD60D
:10929000F55B42A9E003142AF35341A9FD7BC3A85F
:1092A000C0035FD6607E42B91F00146B610000549A
:1092B00000008012607E02B9A20E40F9E30315AAF5
:1092C000A11E40F9E00313AAE0F5FF97A00240B900
:1092D000627A42B91F080071E1010054632A43F920
:1092E0004200140AE10313AAE00313AA60003FD668
:1092F000F403002A62F240F9E00313AA010080128D
:1093000040003FD674FCFF35A00E40F9A01200F9D2
:10931000E0FFFF17633643F9F2FFFF17B402801234
:10932000DCFFFF17FD7BB8A9020880D2FD03009186
:10933000F35301A9F30300AAF40301AAE063228B0B
:1093400001008052F55B02A9FF73007990CEFF9770
:10935000E0E30091615642B9E03F00F9609642B9FE
:10936000E06B00B9E103083600781F12E06B00B92A
:10937000400080D2E02700F9E02F00F9605A42B99E
:10938000FF4300B980008036600642290000014B8F
:109390009402008B5600805215008052E10314AAFB
:1093A000E2030191E00313AA8BFFFF97BF02007154
:1093B000B512801A601640B99402008B605A42B907
:1093C00060007836DF06007101010054F35341A9B3
:1093D000E003152AF55B42A9FD7BC8A8C0035FD650
:1093E000200080D2E4FFFF1736008052ECFFFF1709
:1093F000FD7BBEA9FD030091F35301A9F40300AA6C
:10940000401840F95F0800F9C00000B4400440F97A
:10941000830640F92000008B1F0003EBC8020054B4
:10942000E000805280B605B9400040B91F080071C5
:10943000E8010054401840F9400100B5E00314AAC7
:1094400065FFFF97F303002AE00314AA81F3FF9757
:10945000E003132AF35341A9FD7BC2A8C0035FD6E2
:10946000E00314AAD9F9FF97F7FFFF1773418012A1
:10947000F6FFFF17B3028012F6FFFF17FD7BBBA9B3
:10948000E90300AAEA03012AFD030091F35301A9AD
:10949000F55B02A9F60304AAF76303A9F80302AA7D
:1094A000F703052AE203062AF92300F9F903032A40
:1094B00010F5FF97F303002AC003F8374200004B72
:1094C000E103192AE00318AA0AF5FF97F403002A1A
:1094D000E003F8374200004BE103172AE00316AA25
:1094E00004F5FF97F503002A6003F837B300003452
:1094F000427D4093E00309AAE11F805224CEFF97EA
:10950000B4000034227F4093E00318AAE11F805288
:109510001FCEFF97B5000034E27E4093E00316AA09
:10952000E11F80521ACEFF977402140B9302150BA1
:10953000F55B42A9E003132AF35341A9F76343A95A
:10954000F92340F9FD7BC5A8C0035FD6F303002AC9
:10955000F8FFFF17F303002AF6FFFF17FD7BB8A9FA
:10956000FD030091F55B02A9F50302AA22A0179161
:10957000F35301A9F40300AAF76303A9170080526B
:10958000F96B04A9FB7305A9FB0301AA5AE47E2920
:109590005680402933DC42F93603160BD602000B05
:1095A00038D845B9207F40935C7F4093E03700F97D
:1095B000C07E4093E03B00F9D801003560DF42F9FE
:1095C000821E40B9600200CB4200006BA10A005429
:1095D000E003172AF35341A9F55B42A9F76343A9B6
:1095E000F96B44A9FB7345A9FD7BC8A8C0035FD6EE
:1095F000620743F9E00314AA0100805240003FD6FD
:10960000E2031A2AE10315AAE0031BAA0300805211
:1096100053FAFF9700FEFF3562EF45B902010034AF
:10962000E10313AAE0031BAA030080524CFAFF9740
:1096300020FDFF3560EF85B97302008B620743F9A7
:10964000E00314AA4100805240003FD6E203192AE9
:10965000E10313AAE0031BAA0300805240FAFF971C
:10966000A0FBFF35640F43F9E20313AAE10315AA37
:10967000E00314AA030080D280003FD6E403002A4E
:1096800062F345B9E03740F97302008B42010034C0
:10969000E10313AAE0031BAA03008052E47F00B990
:1096A0002FFAFF9780F9FF3560F385B9E47F40B961
:1096B0007302008B9F2801316102005460F745B9A5
:1096C000E0000037802641B900040011802601B96E
:1096D00018070051B5021C8BB8FFFF1761DF45B9B1
:1096E000040080D266EB45B9E303162AE03B40F95B
:1096F00005008052620200CBE00315AA60FFFF97CD
:10970000E403002A04FEFF37802241B9FF02046B04
:10971000F722841A0000040B802201B9EDFFFF1725
:10972000E10313AAE0031BAA030080520CFAFF977F
:1097300000F5FF34A8FFFF17FD7BB9A9FD030091D9
:10974000F35301A9740400519402020BF55B02A9C2
:10975000F30301AAF60300AAF76303A9F80304AA16
:10976000F96B04A9FB7305A935DC45B9395442B935
:109770003AFC42F9940AD51A390741D33CE045B97D
:10978000390700115B08D51A9406001194021B4B8F
:10979000B77E141BB57E1B1BD5000034640641F94F
:1097A000E203152A03008012A100805280003FD6F8
:1097B00015C3358BE203172AE10315AAE00313AAA8
:1097C00003008052E6F9FF97F703002AA003003553
:1097D000987F141BE10315AA030080527F00186BC9
:1097E000EB0300549C7F1B1B5A130091020700518E
:1097F00000008052830700115F00006BCC0400540E
:109800000000805262DE42F9C11640B9A005003462
:10981000C31E40B904008052E00313AA81F7FF97EA
:1098200000010035000080521F00186B8B060054A9
:1098300014008052FF02186B4B070054E003142AF7
:10984000F35341A9F55B42A9F76343A9F96B44A916
:10985000FB7345A9FD7BC7A8C0035FD6640A43F923
:10986000E00316AA623A43F9E13300F9E36F00B965
:1098700042C0238B80003FD660E245B9E36F40B918
:10988000E13340F96300000B60DE85B92100008BF5
:10989000D3FFFF1701001C0B6400000B41DB61B814
:1098A00044DB64B8210400113F00046B61000054E4
:1098B00000040011D1FFFF1720008052D2FFFF17D4
:1098C00064E245B9E003194B43DB7CB8390700512A
:1098D0000000030A7F00196A9472041B0307981A98
:1098E00042C0208B0100010B44DB74B83F03046AC3
:1098F000040080526304831AC8FFFF1702001C0B88
:10990000613A43F963DE42F942DB62B821C0208B41
:10991000000400116268623822001A39C3FFFF1781
:10992000640E43F9E37E4093623A43F979001A9159
:10993000E10315AAE00316AA4300038B4200198B2A
:1099400080003FD61F2801318102005460F645B9DE
:1099500020010037C02641B900040011C02601B91A
:1099600060E245B9F702000B60DE85B9B502008BF5
:10997000B1FFFF1761DE45B9E00315AA63E245B9FF
:109980000500805266EA45B9040080D2623A43F984
:109990004200198BBAFEFF97E0FDFF37C12241B9A3
:1099A0009F02006B9422801A2100000BC12201B992
:1099B000ECFFFF17FD7BB9A9FD030091F35301A94B
:1099C000F30301AAF55B02A9F50300AAF60302AAB4
:1099D000F76303A9F96B04A9FA0302AAFB7305A9AB
:1099E0001B00805237DC45B9383843F93CD845B9BB
:1099F00039E045B920FC42F9E03300F9E07E4093BC
:109A0000E03700F9BC03003561DE42F9E00313AA38
:109A1000A21E40B90300805251F9FF97F403002AB7
:109A2000C0010035E03340F91A031A911B10009170
:109A30000000805261E645B93F00006B8C04005481
:109A40007BDA45B9E07E40931C008052E03300F998
:109A5000BB040035F4031C2AF55B42A9E003142A79
:109A6000F35341A9F76343A9F96B44A9FB7345A9D3
:109A7000FD7BC7A8C0035FD6620643F9E00315AAC1
:109A80000100805240003FD6E203172AE1031AAAE0
:109A9000E00313AA0300805231F9FF97F403002A70
:109AA000C0FDFF35630A43F902C33B8BE1031AAAE9
:109AB000E00315AA9C0700517B03190B60003FD6F9
:109AC000E03740F95A03008BCFFFFF1762DE42F9FF
:109AD00061DB60B84168613841CB20380004001177
:109AE000D5FFFF17640E43F942C3348B03C3348B95
:109AF000E10316AAE00315AAE23700F980003FD679
:109B00001F280131E23740F94102005460F645B99F
:109B100020010037A02641B900040011A02601B998
:109B2000E03340F97B0700519402190BD602008BF9
:109B3000C8FFFF1766EA45B9E303192AE103172AAC
:109B4000E00316AA05008052040080D24CFEFF9765
:109B500020FEFF37A12241B99F03006B9C23801A8E
:109B60002100000BA12201B9EEFFFF17FD7BB9A96F
:109B7000FD030091F35301A9F30300AAF40302AA21
:109B8000F55B02A9F603042A02008052F76303A9D9
:109B9000F96B04A9FB7305A9FC0301AA23DC42F9B4
:109BA000041C40B9E00301AA35FC42F9393843F9F5
:109BB00037D845B938DC45B93AE045B9E103162A4A
:109BC000BCF6FF9760020035E103162AE0031CAAE9
:109BD00004008052030080D202008052EAF4FF9712
:109BE000800100353B031A91B512009181E745B918
:109BF0003F00006BCC010054007F40931600805260
:109C000015008052E03300F9F7010035E003152A12
:109C1000F35341A9F55B42A9F76343A9F96B44A942
:109C2000FB7345A9FD7BC7A8C0035FD682DF42F95D
:109C3000A1DA60B84168613861CB203800040011B6
:109C4000EBFFFF17820743F9E00313AA01008052DC
:109C500040003FD6E203182AE10314AAE0031CAA3D
:109C600003008052BEF8FF9740FDFF35840B43F997
:109C7000C37E409322C3368BE10314AAE00313AAE8
:109C8000E33700F980003FD6840F43F9E10314AABB
:109C9000E33740F9E00313AA6203038B030080D289
:109CA000E23700F980003FD6E23740F91F28013142
:109CB0004102005480F745B920010037602641B9C0
:109CC00000040011602601B9E03340F9F7060051A5
:109CD000D6021A0B9402008BCCFFFF1786EB45B916
:109CE000E3031A2AE103182AE00314AA05008052AC
:109CF000040080D2E2FDFF9720FEFF37612241B9C8
:109D0000BF02006BB522801A2100000B612201B94D
:109D1000EEFFFF17FD7BBAA9FD030091F35301A9E4
:109D2000F40301AAF55B02A9F76303A91800809266
:109D3000F96B04A9FB7305A9248C40A9A102801228
:109D4000166042B90223D69A9F0022EA35109F1A64
:109D50007F0022EAA10D0054950D0035810080524C
:109D600001B405B902F040F9F30300AA950640F9E1
:109D7000016842B9175C42B9A126C19AF903012AC8
:109D800040003FD6E00313AA82F7FF97800000341B
:109D9000000280528002013924000014D602174BC1
:109DA000B526D79A3700805240008052F722D61A43
:109DB0003A00E8D2960A40F93B0080D2800201398D
:109DC000760000B500018052F3FFFF17F8AFFF9750
:109DD000805240B9E0040035602A41F9615E42B921
:109DE0001F001AEA81000054605642B90000023296
:109DF000605602B9604643F9C00300B562F640F907
:109E0000BC7E4093E00313AA8123C19A40003FD651
:109E1000000300340002805280020139605E42B9C2
:109E20009C23C09A9C0E00F98002413901008012E7
:109E300062F240F91F20007195008012E00313AA1E
:109E4000F503951A40003FD6E00313AA01F1FF97EE
:109E5000F35341A9E003152AF55B42A9F76343A92F
:109E6000F96B44A9FB7345A9FD7BC6A8C0035FD667
:109E7000607E42B91F00156BAB000054A102170BA6
:109E80003F00006B4D000054787E02B9620E41F92C
:109E9000E00313AA617A42B9A102010A40003FD649
:109EA000000100360002805280020139B57E4093E5
:109EB000605E42B9B522C09A950E00F9DBFFFF172C
:109EC000606242B9B502170B6023C09AD60200EB5C
:109ED000A0F7FF54607A42B9BF02006A21F7FF542D
:109EE00062F240F9E00313AA010080123907001161
:109EF00040003FD662F240F9E103192AE00313AAB9
:109F000040003FD6AFFFFF17F503012AD1FFFF172F
:109F1000FD7BB8A9FD030091F35301A9F40300AA46
:109F2000F30301AA8BF3FF97E00000341F000071D8
:109F300013D09F1AE003132AF35341A9FD7BC8A84D
:109F4000C0035FD6805A42B9C0009836802A41B912
:109F50001300805200040011802A01B9F6FFFF1798
:109F6000020B80D201008052E0A3009188CBFF97C2
:109F7000816242B9200080D202008052F4CF02A94F
:109F80000020C19AE1A30091E01F00F9E00314AAA8
:109F900061FFFF9782FA40F9E10313AAE0008052C3
:109FA00080B605B9E00314AA40003FD6F303002AA7
:109FB000E00314AAA7F0FF97B3FCFF34DEFFFF17FE
:109FC0000200805254FFFF1701484639034C4639BE
:109FD000210C42D3620400122104001101200A392D
:109FE00001808052640842D32120C21A02018052AB
:109FF000011400B9217C09534220C41A417C011B81
:10A00000621444D3011C00B92100A0522120C21ABD
:10A01000011000B983003036015442B921001F32CB
:10A02000015402B9C0035FD6FD7BBAA9FD030091BC
:10A03000F35301A9F30300AAF40303AAF55B02A9F1
:10A04000F76303A9F70301AAF80302AA01008052EB
:10A05000F92300F92FFCFF97F603002AA00300352F
:10A0600062F240F9E00313AA0100805275420691A2
:10A0700040003FD6E20315AAE00313AA4300805232
:10A080000100805290F6FF97F603002A2002003567
:10A0900060424639E20315AAE00200B9030180528A
:10A0A0000100805260464639000300B9E00313AA5C
:10A0B00085F6FF97F603002AC00000356142463955
:10A0C000E00240B93F00006B2001005456028012AC
:10A0D000F35341A9E003162AF55B42A9F76343A9AC
:10A0E000F92340F9FD7BC6A8C0035FD66146463917
:10A0F000000340B93F00006BA1FEFF54E20080D294
:10A10000A06A6238A0030035420400D15F0400B1A8
:10A1100081FFFF54609A01B9810000B02180109145
:10A12000030380D2E402403900008052027C409355
:10A13000427C039B226862B822030035000080D273
:10A140001B000014A56A6138A4CA6338BF00046B01
:10A15000610000546300000B0B00001400040011A8
:10A160001F200071C10000545F1C007140FDFF54AE
:10A1700040040011E8FFFF1720008052010080D248
:10A180000300010B7F1C0071EDFDFF5421040091C1
:10A190001F00016B6CFFFF54DFFFFF175F00046BB4
:10A1A000C1020054007C239B0000018B605E03F918
:10A1B000740000B5940000B094221691605642B924
:10A1C00017001F1200781E12605602B9800240F973
:10A1D000201000B482424079620F0034423C409229
:10A1E000E10315AA802200919FCAFF97A0000034C6
:10A1F00094C20091F6FFFF1700040011CCFFFF1777
:10A20000801240B9601600B9801A40B9601200B9D6
:10A2100080464079601E00B9604A4639000C42D33E
:10A220000004001160220A39801640B900AC6CD3DA
:10A23000603A01F9605642B9811E40B90000012A16
:10A24000605602B9804A407960160579804E40799F
:10A25000601A0579802A40B9609202B9601E40F9FF
:10A26000600000B5800240F9601E00F9615642B9F5
:10A2700020001F120137983620010034630000903F
:10A28000610000F0600000F063341C9121400791F0
:10A2900000C8079162258252F2CFFF97605642B9FB
:10A2A000E103172A0000172A605602B9E00313AA37
:10A2B00027F1FF97631640B97F00087148350054B5
:10A2C000605642B91F007FF2A0008052E013801A4E
:10A2D000609602B96000C05A613A41F97F0000718E
:10A2E0000010C05AE007801A02040051625E02B9F1
:10A2F0002024C29A00040051607A02B9601240B969
:10A300001F0000710000C05A0010C05AE007801AF8
:10A3100000040051606202B9606602B98132003403
:10A320003F0000712100C05A2110C05AE107811A74
:10A3300021040051616A02B92100024B3F400071C3
:10A340008D000054605642B900001232605602B9C6
:10A3500000018052609A02B9E0FFFFB000803C919A
:10A36000600E01F97F00087129010054610641F96E
:10A37000E0FFFFD0003013913F0000EB810000545C
:10A38000E0FFFFD000701B91600601F9605E43F9A9
:10A3900000EAFFB4000840F9C0E9FFB4010440F945
:10A3A00081E9FFB4F55B42A9E00313AAF35341A985
:10A3B000F00301AAF76343A9F92340F9FD7BC6A87E
:10A3C00000021FD680264039010340B93F00006BD0
:10A3D00001F1FF547F9E02B9800240F9600000B491
:10A3E000801240B960260035E2630191E00313AAB0
:10A3F0008300805201048052B3F5FF97E00E0035D0
:10A40000610000F0E0630191210C0991820080D28B
:10A4100015CAFF97200E0035E00313AA01008052F1
:10A4200042F2FF97F903002A800D003575920A91D8
:10A43000E10315AAE00313AA2300805202208052F0
:10A44000C7F6FF97F803002A800C0035C11F80D2A1
:10A45000E00315AA21F2FF97A1FE4339A2FA43397E
:10A460004120012A3F20206B002B005439070011A6
:10A470003F0F0071E1FDFF54600000F000200A91E1
:10A4800078CFFF9755000014E0028052609E02B919
:10A4900060120B91810180D274420B915DF1FF97A4
:10A4A000E00314AA810280D25AF1FF97601E40F99E
:10A4B000400000B5741E00F9A042413904048052E6
:10A4C000A1464139A24E4139012001AAA04A413991
:10A4D000204000AA026002AA621600B9A1724139A6
:10A4E000A0764139202000AAA17A4139014001AA71
:10A4F000A07E4139206000AA0110C05A1F000071DF
:10A500008100014B21109F1A210400514120C11AE2
:10A51000611200B9A3524139A05641396020002A86
:10A52000601E00B9A3824139A0864139602000AA8B
:10A53000A38A4139034003AAA08E4139606000AA72
:10A54000600000B40010C05A9800004BA39241393B
:10A5500018070051200080520020D81A007C409338
:10A56000617CA19B639E42B9007C019B603A01F92A
:10A57000A09A413960220A390308003460564579AF
:10A5800080000036615642B921001F32615602B97F
:10A59000A1C241393FFC0371400700540040805282
:10A5A00061160579601A057931FFFF1760001836CA
:10A5B000A0028052B6FFFF17600010368002805262
:10A5C000B3FFFF176000083640018052B0FFFF174D
:10A5D000609E42B9E0F5FF35E2630191E00313AA02
:10A5E000A30080520108805237F5FF9720160035EE
:10A5F000610000F0E063019121340991A20080D252
:10A6000099C9FF9760150035E00313AA010880522D
:10A61000C6F1FF97F903002AC014003575920E9118
:10A62000E10315AAE00313AA2300805202408052DE
:10A630004BF6FF97F803002AC0130035C13F80D2C4
:10A64000E00315AAA5F1FF97A1FE4739A2FA473901
:10A650004120012A3F20206B801900543907001146
:10A660003F0F0071E1FDFF54600000F0004C0991C4
:10A67000FCCEFF978F00001400008052C5FFFF172B
:10A680007F5000714DDFFF5420DF3F365F000871BF
:10A6900029010054610641F9E0FFFFD00030139119
:10A6A0003F0000EB81000054E0FFFFD000701B91E1
:10A6B000600601F9A1324039A03640392020002A35
:10A6C00001008052186C1C53003C7CD300C9FF97DA
:10A6D000F40300AAC0DCFFB4E00313AA0100805217
:10A6E00092F1FF9780040035A13A4039E303182A1C
:10A6F000E20314AAE00313AA24008052215C185339
:10A70000C8F3FF9780030035010B0051870A0091C1
:10A71000E00307AA217C409370F1FF978202403941
:10A72000810640394120012A3F20206B410200541C
:10A73000610000F0E00307AA21200991820080D285
:10A7400049C9FF97800100358182009182420091C2
:10A75000430040397F0800716012005443044039BF
:10A7600000040011420800912110238B1F2000716A
:10A7700001FFFF54E00314AA83AAFF97BCFEFF1752
:10A780004001805260A202B960120F91810180D213
:10A7900074420F919FF0FF97E00314AA810280D2C8
:10A7A0009CF0FF97601E40F9400000B5741E00F950
:10A7B000A042413903048052A1464139012001AA37
:10A7C000A04A4139204000AAA14E4139016001AAA6
:10A7D000611600B9A0724139A2764139022002AA5D
:10A7E000A07A4139404000AAA27E4139026002AA03
:10A7F0004010C05A5F0000716000004B00109F1AAB
:10A80000000400512120C01A611200B9A25241393E
:10A81000A05641394020002A601E00B9A282413969
:10A82000A0864139402000AAA28A4139024002AAEA
:10A83000A08E4139406000AA600000B40010C05AE8
:10A840007800004BA2924139180700512000805235
:10A850000020D81A007C4093417CA19B007C019B86
:10A86000603A01F9A09A413960220A3960A242B9DE
:10A87000C00000346056477980000036605642B907
:10A8800000001F32605602B961E251393F20007169
:10A89000E9CEFF5460DE5139601605792000805200
:10A8A0000020C11A40FFFF1760A242B9E0F6FF3551
:10A8B000800240F9C0C0FFB4611E40F9410000B5FC
:10A8C000601E00F9801640B900AC6CD3603A01F903
:10A8D000801240B9E0020035615E43F9410200B4E4
:10A8E000200840F9000200B4000040F9C00100B4A3
:10A8F000604A4639000C42D30004001160220A3934
:10A90000200840F9010040F9E00313AA20003FD6D7
:10A91000605642B9811E40B90000012A605602B952
:10A9200053FEFF17E00313AAA8FDFF97F9FFFF17D7
:10A93000801A40B9601200B9801240B9601600B99F
:10A94000007C0553601E00B92000805260220A3945
:10A95000F0FFFF17FF02006BE0CAFF54B60280123F
:10A96000DCFDFF17000080525AFEFF1721FC60D368
:10A970003F0000712100C05A2110C05AE107811A1E
:10A98000217C00116CFEFF17A1124039A01640393E
:10A990002020002A61EF173780F80F362000805200
:10A9A00079FFFF172004403960EEFF342000403962
:10A9B0006016057920008052210440390020C11A18
:10A9C000601A05796CFFFF17A1124039A0164039B3
:10A9D0002020002AA1D52F37A0DE2736C0028052C2
:10A9E000ABFEFF17FD7BBAA9FD030091F35301A94C
:10A9F000F30300AAF55B02A9F603012AF76303A992
:10AA0000F80302AAF92300F917D840F9F711F8B7AB
:10AA1000610000F0E00317AA21F00A910200801201
:10AA20009DDEFF971F40007181000054605642B9BF
:10AA300000001F32605602B9610000F0E00317AA5F
:10AA4000212C0B9140DFFF9780000036605642B901
:10AA500000000A32605602B9610000F0E00317AA54
:10AA6000217C0B9138DFFF9780000036605A42B995
:10AA700000000F32605A02B9E00317AA610000F02B
:10AA800021C40B919FDEFF97F50300AA200200B5B9
:10AA900014008012E00317AA610000F021A40C91B9
:10AAA00098DEFF97F50300AA000100B4610000F0F2
:10AAB0009F06007121940C91C105005461C8FF9755
:10AAC000F503002A6009003415008052310000149B
:10AAD000610000B021A80E915AC8FF97F403002A24
:10AAE000A0FDFF34610000F0E00315AA21FC0B91EA
:10AAF00054C8FF97E0020034610000F0E00315AA9B
:10AB000021100C914FC8FF9780020034610000F0C3
:10AB1000E00315AA211C0C914AC8FF9720020034BB
:10AB2000610000F0E00315AA214C0C9145C8FF9785
:10AB3000C0010034610000F0E00315AA21800C91EF
:10AB400040C8FF9760FAFF35B4008052D2FFFF176C
:10AB500034008052D0FFFF1754008052CEFFFF1701
:10AB600074008052CCFFFF1794008052CAFFFF1779
:10AB700034C8FF9720040034E00315AA610000F0F8
:10AB800021DC0C912FC8FF971F000071F5179F1A49
:10AB900002008012E00317AA610000F021FC0C9172
:10ABA0003DDEFF97F903002A610000F021440D917A
:10ABB000E00317AA0200801237DEFF972103004A44
:10ABC0000102F836B4028012600000F000900D918E
:10ABD000A4CDFF97F55B42A9E003142AF35341A9E2
:10ABE000F76343A9F92340F9FD7BC6A8C0035FD6EC
:10ABF000B4008052E7FFFF1755008052E5FFFF17B2
:10AC00005500003475D605B99F0600314000005448
:10AC100074D205B95900F83779EA05B91F000071F7
:10AC20004D00005460DE05B9610000F0E00317AA92
:10AC300021400E91C4DEFF978000003660F645B9D2
:10AC400000001F3260F605B9615642B9E00313AA4D
:10AC500021001F12BEEEFF97E30318AAE2730191D1
:10AC6000E1630191F1FCFF97F403002AC000003476
:10AC700062F240F9E00313AA0100801240003FD6BF
:10AC8000D5FFFF17602641F9C00400B4609E42B9A9
:10AC9000A0000034759241F9B5DE68D3BF0201719E
:10ACA000E1000054619242B9C1030034E0078052D0
:10ACB0000000014B15008092B526C09A0100905209
:10ACC000001780D282C7FF9760D602F9800800B4CF
:10ACD00095000034B512C05A140480529402154BEA
:10ACE000940600519F060031C001005461D642F91C
:10ACF000E303142AE00313AA020080521103009414
:10AD000000FFFF35632641F9E00313AA62D642F93A
:10AD10000100801260003FD640FEFF35749202B9F8
:10AD2000E00313AA010080529AEDFF97F403002A72
:10AD300020F5FF3562F240F9E00313AA010080120A
:10AD40003500805240003FD6BF02166B2A030054E4
:10AD5000E103152AE00313AAEEF8FF9762F240F927
:10AD6000E103152AE00313AA40003FD6E243019114
:10AD700001008052E00313AA4300805252F3FF9770
:10AD8000E1434139E05B40B962F240F93F00006BBA
:10AD9000A1000054E1474139E05F40B93F00006B3A
:10ADA00040010054E00313AA0100801240003FD686
:10ADB000603A41F9756E02B9B57E4093007C159BEF
:10ADC000600600F984FFFF17E00313AA0100801258
:10ADD000B506001140003FD6DCFFFF17740180125A
:10ADE0007DFFFF17FD7BBCA9FD030091F35301A973
:10ADF000F55B02A9F76303A914DC45B916E845B968
:10AE0000C200F8379F020071C41A407A4102005410
:10AE1000930780120A000014B302801263000090AE
:10AE20008247825263842091610000F0600000F04C
:10AE30002140079100C807910ACDFF97F55B42A911
:10AE4000E003132AF35341A9F76343A9FD7BC4A888
:10AE5000C0035FD6F50300AA250840B9F803022A0B
:10AE6000000080D2060380D2B71640B9BF00006B45
:10AE70000C010054E203162AE103142A600000F0DA
:10AE80007341801200580F91F6CCFF97ECFFFF172B
:10AE9000240040F9027C069B8300028B826862B822
:10AEA0005F00146BA1000054641040B9020080D20E
:10AEB0009F00026B6C00005400040091ECFFFF1730
:10AEC000670440F9E77862B842040091FF00166B0E
:10AED00001FFFF54220840F9E003142AE103162A77
:10AEE00040003FD6F303002A8001F837F70AD41A4E
:10AEF000F77E001BFF02186BCD020054E203162AF6
:10AF0000E103142A600000F07303801200880E91A0
:10AF1000D4CCFF97CAFFFF17200790D001A858395B
:10AF2000E1F80737210080526300009001A818392A
:10AF300063842091024A8252610000F0600000F0B8
:10AF40002140079100C80791C6CCFF97BCFFFF17AF
:10AF500013008052A0E205B9B9FFFF17FD7BB8A925
:10AF6000FD030091F35301A9F30300AAF55B02A9C5
:10AF7000F76303A9F96B04A9FB7305A9E26F00B994
:10AF80001518457917144579E003022A8001F8372E
:10AF9000BF020071E41A407A6102005460418012DD
:10AFA000F35341A9F55B42A9F76343A9F96B44A99F
:10AFB000FB7345A9FD7BC8A8C0035FD66300009062
:10AFC000824F825263581F91610000F0600000F0D0
:10AFD0002140079100C80791A2CCFF97A0028012E0
:10AFE000F0FFFF17741640B9360790D0FB0301AA93
:10AFF000D6A618911A0080521900B012940AD51AD8
:10B00000807E171BE07700B9600B40B91F001A6BF8
:10B010008C0100540000B0123F03006B00FCFF5491
:10B02000E07340B960DE05B9E06740B960EA05B990
:10B03000E06B40B960E205B900008052D9FFFF170C
:10B040000003805214008052610340F9407F209B2E
:10B050003800008B3C6860B8001340B91F00146BC7
:10B060006C0000545A070011E8FFFF17000740F971
:10B07000BF021C6B01D874B8E4C2417AAC00005422
:10B08000601640B90208DC1A40801C1BE000003446
:10B09000E1834C29E303192A94060011F903032ADA
:10B0A000E1830C29EDFFFF17630B40F9E0031C2A35
:10B0B000E10B0F2960003FD6E001F837E27F40B98D
:10B0C000E16F40B9437C001B3F00036BE17B40B95B
:10B0D0000BFEFF54227C021BE47740B95F00046B37
:10B0E0008BFDFF543F03036B4DFDFF54FC7300B910
:10B0F000EAFFFF17C0024039C0FC0737200080522A
:10B10000430000F06253825263581F91610000D0E7
:10B1100021400791C0020039600000D000C80791AB
:10B1200050CCFF97DBFFFF17FD7BB8A9FD03009113
:10B13000F35301A9F30300AAE003022AF55B02A975
:10B14000F76303A9F96B04A9FB7305A9E26F00B9C2
:10B15000400BF836430000F0E2598252639C1D9187
:10B16000610000D0600000D02140079100C8079125
:10B170003CCCFF97A0028012F35341A9F55B42A992
:10B18000F76343A9F96B44A9FB7345A9FD7BC8A8E4
:10B19000C0035FD60003805274DE45B9410340F915
:10B1A000807C209B3800008B356860B894000034A8
:10B1B0009F02156BA100005414008052001340B987
:10B1C0001F00146B6C01005484040011400B40B943
:10B1D0001F00046B0CFEFF5407080034000080526F
:10B1E0007CDE05B979E205B977EA05B9E3FFFF1717
:10B1F000601640B91608D51AC082151B80000034AD
:10B20000E003192AFB03172A14000014000740F971
:10B21000E7130F29420B40F91BD874B8E003152A35
:10B22000E1031B2A40003FD6E7134F29E001F8371E
:10B23000C17E001BE26F40B93F00026B2CFEFF5441
:10B24000767F161BFF00166B2B0300548003557A84
:10B250008AFDFF54FC03152A94060011F903002A05
:10B26000F7031B2AD6FFFF17E03B40F900004039E7
:10B2700080FC0737E13B40F920008052430000F09A
:10B28000625C8252639C1D91E7130F2920000039F4
:10B29000610000D0600000D02140079100C80791F4
:10B2A000F0CBFF97E7134F29D6FFFF17FC03152AB2
:10B2B000E703162AE9FFFF17380790B0FA0301AA3F
:10B2C00000A31891040080521C0080520700805295
:10B2D000E03B00F9BEFFFF1760418012A7FFFF1798
:10B2E000FD7BBEA94101A0D2FD030091F35301A94A
:10B2F000F40300AA002C41F90000018A1F0042F16A
:10B3000081010054430000F063D81A9142698252CF
:10B31000610000D021400791600000B000BC28917E
:10B32000D0CBFF97600000B0000C299186C7FF9733
:10B3300080F645B99342179160031036603240F9A8
:10B34000400200B4603E40F9000200B4602A40F9B7
:10B35000C00100B4602E40F9800100B4805642B9AB
:10B3600060006036613640F9010100B4C001483721
:10B37000603A40F9800100B5601E40F9400100B418
:10B38000602240F9000100B4600000D0005C109120
:10B39000B4CBFF97A0028012F35341A9FD7BC2A852
:10B3A000C0035FD6805642B96003883701009052CF
:10B3B00000708AD2C6C5FF97803A03F9813A43F9F3
:10B3C000801640B9210034912140208B81DE02F9A2
:10B3D00081D245B9621640F9620300B53F1400718D
:10B3E00020030054821E40B95F00017140060054E2
:10B3F000A80100545F200071000200545F400071FA
:10B4000040050054430000F0626E825263D81A91E6
:10B41000C0FFFF17803A43F920FDFFB5600180129D
:10B42000DEFFFF175F000271E1FEFF54820000B0F3
:10B430004220189103000014820000F04200249181
:10B44000621600F9821641F9820000B5E2FFFF9012
:10B4500042A02091821601F93F0800714006005475
:10B460000803005441130035E1FFFFB021903E91E5
:10B47000E2FFFFB0E3FFFF9042E00C9163D01C912C
:10B4800060FE01297F1A00B9620605A9623200F93F
:10B49000613E00F9E1FFFF9021602891634A00F9C5
:10B4A000614E00F9AD000014820000D04260359179
:10B4B000E4FFFF17820000D042C00691E1FFFF17B2
:10B4C0003F100071200100543F1400710017005418
:10B4D0003F0C007100080054430000F022808252AB
:10B4E00063D81A918BFFFF17612240F9A10000B4C5
:10B4F000612640F9610000B4611E40F9A10000B569
:10B50000430000F08270825263D81A9181FFFF17C6
:10B51000613240F9810000B5E1FFFFD021B02D91EB
:10B52000613200F9613240F9810000B5E1FFFFD0DE
:10B5300021D02691613200F9613E40F9810000B5C9
:10B54000E1FFFFD021300091613E00F9612A40F90E
:10B55000810000B5E1FFFFB021E00C91612A00F904
:10B56000612E40F9810000B5E1FFFFB021903E91CE
:10B57000612E00F9614A40F9810000B5E1FFFF90BA
:10B5800021D01C91614A00F9614E40F9810000B55B
:10B59000E1FFFF9021602891614E00F9613640F98A
:10B5A000810000B5E1FFFFD021E01C91613600F978
:10B5B000613A40F9010100B5611E40F9C10000B4D3
:10B5C000612240F9810000B4E1FFFFB021A0379172
:10B5D000613A00F9622240F9613240F9A20000B4F8
:10B5E000622640F9620000B4621E40F9020200B512
:10B5F000610100B4E2FFFFD042D026913F0002EB90
:10B60000E0000054623E40F9A20000B4E1FFFFD028
:10B61000213000915F0001EBC1010054430000F0B4
:10B62000A274825263D81A913AFFFF17810000B5C5
:10B63000E1FFFFD021701591613200F9613E40F9C0
:10B64000810000B5E1FFFFB021703291613E00F949
:10B65000612A40F9810000B5E1FFFFB02130089177
:10B66000612A00F9612E40F9810000B5E1FFFFB0C9
:10B6700021C02D91612E00F9614A40F9810000B589
:10B68000E1FFFFB021C00291614A00F9614E40F92B
:10B69000810000B5E1FFFFB021402791614E00F924
:10B6A000610E40B91F00016BE3000054611A40B9FC
:10B6B00041050035430000F00277825263D81A91A9
:10B6C00014FFFF172100805281D205B9C1FFFFF09E
:10B6D00021300091612200F9C1FFFFF02170049137
:10B6E000612600F9C1FFFFF021801091613200F95D
:10B6F000E1FFFFD021E01C91613600F9C1FFFFF0AE
:10B7000021401591613E00F9E1FFFFB021E00C916D
:10B71000612A00F9E1FFFFB021903E91612E00F90E
:10B72000E1FFFF9021D01C91614A00F9E1FFFF90F9
:10B7300021602891614E00F9610E40B96100003529
:10B7400001208052610E00B961008052611200B97F
:10B7500021008052611A00B9614640F9610000B5CC
:10B76000614A40F9614600F9614240F9610000B563
:10B77000614E40F9614200F99F2200B9641640F918
:10B78000E40200B5630E40B90108C31A627C011BD4
:10B79000610A00B91F00026B60020054430000F010
:10B7A0000284825263D81A91DAFEFF17430000F038
:10B7B000827A825263D81A91D6FEFF17822240B94C
:10B7C000210400114200030B822200B982CC218B9C
:10B7D00043AC4AB943FFFF35EBFFFF17010080522E
:10B7E000FBFFFF17621240B9427C011B621600B9D1
:10B7F000825642B985224A3902014837BF04007196
:10B80000C10000543F10007180080054E807005444
:10B810003F08007180080054813241B99FB605B9D4
:10B820000124C11A818602B901008012817E02B909
:10B8300081D245B921781D123F040071C100005426
:10B84000815E42B93F2400716D0000544200143201
:10B85000825602B981DA40F9BF0400718200805239
:10B8600081AA00F9010180522110821A8102003957
:10B87000815642B9801A00B9210075D2842A00F994
:10B880009F7E0EA9212C4BD321541653810600B95B
:10B89000E1FFFFD021003F91813A00F9E1FFFFB0C5
:10B8A00021800E91814A00F9E1FFFF902140009133
:10B8B000814E00F9E1FFFFD021C00F91815200F9C4
:10B8C000C1FFFFF021801891816E00F9C1FFFFF0E8
:10B8D00021200E91817E00F9C1FFFFF021403591BA
:10B8E000818200F9E1FFFFD021403C91818600F97F
:10B8F000813640B9601A40B983020B2981010034B6
:10B9000000008052A5FEFF173F2000716000005428
:10B910003F40007121F8FF5441008052813201B94B
:10B92000BEFFFF17853201B9BCFFFF1700040011ED
:10B930000004000B007C0253803600B9F1FFFF17B2
:10B94000A20500357F14007168050054E40301AAC4
:10B95000637C4093410000D021001791021780D2F0
:10B96000FD7BBEA96104029BFD030091F30B00F96E
:10B97000F30300AAE00304AA1FC5FF97E40300AA8B
:10B98000609E42B90003003462A64C3960AA4C396B
:10B99000402000AA024888D2E201A0F2007C029B6B
:10B9A000800C00F963AE4C3960B24C39602000AABB
:10B9B000007C029B800400F963B64C3960BA4C39B4
:10B9C000602000AA007C029B801000F962BE4C3906
:10B9D00060C24C394020002A027D8052007C021B4C
:10B9E000801000B9F30B40F900008052FD7BC2A823
:10B9F000C0035FD6A0028012C0035FD6400000D013
:10BA000000001791C0035FD601204A393F0400713E
:10BA100081000054015842B921001132015802B985
:10BA200000008052C0035FD6FD7BBEA9FD030091DC
:10BA3000F30B00F9F30300AA64F9FF97605246394B
:10BA4000C001003460CA40F91F3C58F26101005443
:10BA5000605E463920010035601640B91F0008714C
:10BA6000C1000054614E46394000A05221041F53CA
:10BA70000020C11A601200B9F30B40F9FD7BC2A887
:10BA8000C0035FD6015842B903204A392200103260
:10BA9000210011327F0400712100821A015802B97D
:10BAA00000008052C0035FD6019841B93F18007171
:10BAB0004106005401204A393F040071E00500545A
:10BAC000014C46390400815222040012237C0453A5
:10BAD00065001E128420C21A220C42D34200052A9D
:10BAE0005F0C007120030054480200545F04007191
:10BAF000000300545F080071051080520238805224
:10BB00004200851A2100191263040012041400B9BE
:10BB10006114412A021C00B93F0800712802005438
:10BB20004200A0524120C11A011000B9C0035FD6E3
:10BB30005F100071200100545F14007105508052A5
:10BB400002028052EFFFFF1702088052EEFFFF173C
:10BB5000021C8052ECFFFF1702048052EAFFFF171D
:10BB60003F0C00712200A0524220C11A8101A05254
:10BB70002100821AEDFFFF1714F9FF173F2C00F187
:10BB80000901005400F09E527F000029800180D2FC
:10BB90007F0800B9400000F900008052C0035FD662
:10BBA000A0028012FEFFFF17C00B8012C0035FD6F9
:10BBB000FD7BBEA9FD030091F35301A9F30300AA85
:10BBC00000204A391F04007181000054605A42B9B4
:10BBD00000001132605A02B9609E42B9E00300349D
:10BBE000605A4579A003103674420B91610000D071
:10BBF000E00314AA21E4109112C4FF9760010034FD
:10BC0000610000D0E00314AA211811910DC4FF9720
:10BC1000C0000034610000D0E00314AA214C11914F
:10BC200008C4FF97A00100350000009000F02D919E
:10BC3000605E00F90000009000D03891606200F969
:10BC40000000009000B03891606600F9000000909C
:10BC500000A02E91606A00F9F35341A900008052C0
:10BC6000FD7BC2A8C0035FD6FD7BB9A9FD0300918F
:10BC7000F35301A9F30300AAB41C0012F55B02A957
:10BC8000F50302AAF60303AAF76303A9F70304AABC
:10BC9000F80301AAF96B04A901008052FB7305A9FE
:10BCA00002F040F940003FD6FF6B00B9641A41F939
:10BCB00020008052E0A30139E3A30191E10313AA1C
:10BCC000E00313AA0212805280003FD6E00700353D
:10BCD0001C0881D21A0080D21B0BDC9A62E31C9BE9
:10BCE000980200125F0315EB623B5DFAA904005451
:10BCF000DA0200F9641A41F9FF6B00B9E3A301917C
:10BD0000E10313AAE00313AA0212805280003FD677
:10BD1000F503002AE001003461A640F9600000D07C
:10BD20009402001200841291C10600B49F020071B7
:10BD3000620000D0630000D042801191639811919D
:10BD40006300829A240840A9810040F945C9FF9701
:10BD500062F240F9E00313AA0100801240003FD6CE
:10BD6000F35341A9E003152AF55B42A9F76343A900
:10BD7000F96B44A9FB7345A9FD7BC7A8C0035FD637
:10BD8000800302CBB9021ACB3F0300EB610B001119
:10BD90003993809AE3021A8BE403192AE00313AA69
:10BDA00018010034EFEEFF97E303002A000100358D
:10BDB0005A03198B7B070091020080D2CAFFFF173C
:10BDC00071ECFF97F9FFFF17E303002A61A640F922
:10BDD000600000D000AC1191A10000B4240840A97B
:10BDE000810040F91FC9FF97C3FFFF17620000D011
:10BDF000610000D042401291216C1291FAFFFF17AE
:10BE00009F020071610000D0630000D02180119179
:10BE100063981191620000D06300819A42401291B0
:10BE2000610000D0216C1291C9FFFF1725008052DC
:10BE30008EFFFF17050080528CFFFF17FD7BBEA908
:10BE400022118052FD030091051841F9E163003988
:10BE5000FF670039E3630091FF6B0039E10300AA3B
:10BE6000FF6F0039A0003FD6FD7BC2A8C0035FD69C
:10BE7000019C42B94101003402204D3901244D3961
:10BE80004120012AC100003401604D3901B005B9DB
:10BE90000100009021F03891012001F9011440B90E
:10BEA0003F00207181000054015842B92100113235
:10BEB000015802B900008052C0035FD6011440B996
:10BEC0003F00087189000054015442B921001D321D
:10BED000015402B9015842B903204A3922001032F4
:10BEE000210011327F0400712100821A015802B929
:10BEF00000008052C0035FD6FD7BBDA9FD03009109
:10BF0000F35301A9F30300AAF51300F9009841B90E
:10BF10001F1800716109005460224A391F04007122
:10BF20000009005460564639C0080034744E463942
:10BF30000000815281060012957E04530020C11A30
:10BF4000A1021E12601600B9800E42D30000012A21
:10BF50001F100071C0040054E80300541F08007152
:10BF6000A00400541F0C0071A00400541F040071B1
:10BF7000A0040054600000D0002C1391B9C8FF97B2
:10BF80000080805294021912B5060012601E00B99A
:10BF90004000A052B416542A0020D41A601200B9EE
:10BFA00060524639001844D31F10007148030054F2
:10BFB00001408052611A0579210080522020C01A68
:10BFC00060160579F35341A9F51340F9FD7BC3A829
:10BFD000C0035FD61F140071A00100541F18007128
:10BFE000A1FCFF5400508052E7FFFF1780368052BB
:10BFF000E5FFFF17401B8052E3FFFF17003280521E
:10C00000E1FFFF1700108052DFFFFF170040805252
:10C01000DDFFFF1701808052611A05791F1800713A
:10C02000C00000541F1C0071810780520003805221
:10C030000010811AE3FFFF1700058052E1FFFF1790
:10C04000F51340F9E00313AAF35341A9FD7BC3A8FC
:10C05000DEF7FF1701204A393F04007181000054C8
:10C06000015842B921001132015802B90000805232
:10C07000C0035FD6FD7BBEA9FD030091F30B00F961
:10C08000F30300AAD1F7FF97609A41B91F1400711A
:10C090002D03005462224A395F040071C10200542A
:10C0A0006056463901408052000800121F18007186
:10C0B000210100546052C6398000F837601640B93B
:10C0C000006844D3601E00B9611A057900018052EE
:10C0D0000D000014611A05791F140071200100542D
:10C0E0001F18007140FFFF541F1000710101005420
:10C0F00062160579F30B40F9FD7BC2A8C0035FD639
:10C100008000805260160579FBFFFF17600000B0C9
:10C110000088139153C8FF977F1A0579F6FFFF1720
:10C12000007C43F9E103012A006861B8BF3F03D5F1
:10C13000C0035FD6007C43F9E103012ABF3F03D56A
:10C14000026821B8C0035FD6027C43F9BF3F03D524
:10C15000410000B9007C43F9001040B9BF3F03D54E
:10C16000C0035FD6037C43F9BF3F03D5610000B92C
:10C17000007C43F9BF3F03D5021000B9C0035FD66E
:10C18000FD7BBCA9FD030091F35301A9F30300AAB1
:10C19000140080D2F55B02A9F503022AF71B00F90F
:10C1A000F70301AA16D846B9400080520080A17258
:10C1B0001660162ABF02146BCC000054F35341A939
:10C1C000F55B42A9F71B40F9FD7BC4A8C0035FD60D
:10C1D00062A243F9E103162AE00313AA40003FD606
:10C1E000E06A343894060091F3FFFF17FD7BBCA989
:10C1F000FD030091F35301A9F30300AA140080D2B8
:10C20000F55B02A9F503022AF71B00F9F70301AA5F
:10C2100016D846B9400080520080A1721660162AD6
:10C22000BF02146BCC000054F35341A9F55B42A943
:10C23000F71B40F9FD7BC4A8C0035FD663A643F992
:10C24000E103162AE26A7438E00313AA9406009107
:10C2500060003FD6F3FFFF17FD7BBCA9FD030091F3
:10C26000F35301A9F30300AA140080D2F55B02A9DD
:10C27000F71B00F9F70301AA16D846B9400080520F
:10C280000080A1721660162A40008052550CC01A18
:10C29000BF02146BCC000054F35341A9F55B42A9D3
:10C2A000F71B40F9FD7BC4A8C0035FD662A243F927
:10C2B000E103162AE00313AA40003FD6E07A34785F
:10C2C00094060091F3FFFF17FD7BBCA9FD030091CD
:10C2D000F35301A9F30300AA140080D2F55B02A96D
:10C2E000F71B00F9F70301AA16D846B9400080529F
:10C2F0000080A1721660162A40008052550CC01AA8
:10C30000BF02146BCC000054F35341A9F55B42A962
:10C31000F71B40F9FD7BC4A8C0035FD663A643F9B1
:10C32000E103162AE27A7478E00313AA94060091D6
:10C3300060003FD6F3FFFF17FD7BBEA922008052AD
:10C34000FD030091E17F00918EFFFF97E07F403970
:10C35000FD7BC2A8C0035FD6FD7BBEA92200805230
:10C36000FD030091E17F0039E17F0091A0FFFF977D
:10C37000FD7BC2A8C0035FD6FD7BBEA942008052F0
:10C38000FD030091E17B0091B4FFFF97E03F40790E
:10C39000FD7BC2A8C0035FD682010837A201103618
:10C3A000230080520380A172420038361F8003F9B7
:10C3B00004A443F9E203012A05D846B9F00304AA0C
:10C3C0006160052A00021FD60380A152F7FFFF1704
:10C3D000C0035FD6FD7BBDA9FD030091F35301A906
:10C3E000F30300AAF51300F9F50301AA14D846B91E
:10C3F00004A443F95460142A2200845294020532A2
:10C400000228A0724220032AE103142A80003FD6AA
:10C4100063A643F9E203152AE103142AE00313AAF1
:10C4200060003FD663A643F9A2FE60D3F51340F93E
:10C43000E103142AE00313AAF00303AAF35341A96A
:10C44000FD7BC3A800021FD6FD7BBDA9FD030091A3
:10C45000F35301A9F30300AAF40301AAF55B02A9AF
:10C46000E103022A2200845215D846B94220032A49
:10C4700004A443F9B51E0853B6020532C102012ACD
:10C4800080003FD663A643F981FE50D3E00313AA90
:10C4900002408452C122012A60003FD663A643F9BC
:10C4A000813E18532100162AE00313AA0260845229
:10C4B00060003FD601008852E00313AA63A643F947
:10C4C0002100A172F35341A9A102012AF55B42A9FF
:10C4D000F00303AAFD7BC3A80280845200021FD68A
:10C4E000FD7BB8A97F000071FD030091F35301A902
:10C4F000F30300AAF55B02A9F603032AE303022A69
:10C50000F76303A9F96B04A9B9008052FB7305A96D
:10C51000FB0301AAA11080522103811AE16B00B92B
:10C52000011C40B9E16F00B9650741F961DB45B90C
:10C53000171440B9E17700B9E16F40B9E203172A57
:10C5400074DF42F9E102010B1A2847B975DF45B9DA
:10C5500078E345B9E17B00B90110805221109F1AA0
:10C56000A0003FD63605003463EB40F9E10314AA7E
:10C57000E00313AAE2031A2A60003FD694C23A8B62
:10C58000A002180BFC02154BFF6700B9E07300B95D
:10C59000E0021A0BE07F00B9E06740B9E17740B9EB
:10C5A000660741F91F00016B4B03005460DF42F93D
:10C5B00003008012E16F40B9800200CB3500004BD0
:10C5C000E16B40B9E07B40B90200154BE00313AAD0
:10C5D000C0003FD6F607003463EB40F9E203152AAA
:10C5E000F55B42A9E10314AAF76343A9E00313AA88
:10C5F000F35341A9F00303AAF96B44A9FB7345A9BE
:10C60000FD7BC8A800021FD663EF40F9D8FFFF17D3
:10C61000E203152AFF02156BCC0400544203150BEC
:10C62000F903182AE16B40B9E00313AA0300801252
:10C63000C0003FD67604003463EB40F9E10314AA4E
:10C64000E203192AE00313AA60003FD694C2398B93
:10C650003F03186B0A020054650741F90003194BA8
:10C66000E16B40B9F903002AE27F40B9E00313AA65
:10C6700003008012A0003FD69602003463EB40F91D
:10C68000E10314AA94C2398BE203192AE00313AA26
:10C6900060003FD6E06740B900040011E06700B9D0
:10C6A000E07340B9B502000B9C03004BBBFFFF17C2
:10C6B0000003150BFF02006B19A39C1ADAFFFF178A
:10C6C00063EF40F9DEFFFF1763EF40F9EDFFFF175F
:10C6D00063EF40F9C2FFFF17FD7BBFA90300805243
:10C6E000FD0300917FFFFF9700008052FD7BC1A8F2
:10C6F000C0035FD6FD7BBEA923008052FD030091DD
:10C70000F35301A9F40301AAF30300AA1F8003F95C
:10C7100074FFFF97840641F903008012E00313AA17
:10C72000E203032A0102805280003FD6820A41F9C7
:10C73000E10314AAE00313AA40003FD600000072F0
:10C74000F35341A981008012FD7BC2A80000811A29
:10C75000C0035FD601D806B9C0035FD6E30300AAC1
:10C76000E003012AC1000035612847B9410000B942
:10C7700061E445B9410400B9C0035FD620048012CA
:10C78000FEFFFF17E30300AAE003012A21010035A1
:10C7900061E445B9642847B92100040B410000B9A0
:10C7A000631C40B96100014B410400B9C0035FD66E
:10C7B00020048012FEFFFF17E30300AA400040B9E7
:10C7C000A0000035402000911F0440B189000054B2
:10C7D000C0035FD6A0028092FEFFFF17646843F992
:10C7E000020082D2A294BAF2857C4092021DC0F26D
:10C7F0004208C59A656443F98404458BA57C409240
:10C800008408C59A851000D1BF0800F18812005431
:10C810003F0400316100005400008052EDFFFF171B
:10C82000056C40B9E1018052A50400D1A500028B3E
:10C83000A508C29ABF3C0071A5D0811A617843F95E
:10C84000213041B9BF3F03D5667843F9A10C0033CD
:10C85000BF3F03D5C13001B9E6078052017840B926
:10C86000677843F9210400D12100028BE72041B908
:10C870002108C29A3F00066B21D0861ABF3F03D51C
:10C8800027140033617843F9BF3F03D5272001B94E
:10C89000017C40B9677843F9210400D12100028B63
:10C8A000E79042B92108C29A3F00066B21D0861A50
:10C8B000BF3F03D527140033617843F9BF3F03D549
:10C8C000279002B907A440B9010840B93F00076B9F
:10C8D0002120871A210400D12100028B677843F9B7
:10C8E0002108C29AE70041B93F00066B21D0861AA1
:10C8F000BF3F03D527140033617843F9BF3F03D509
:10C90000270001B9613047B93F041471E10F80522B
:10C91000C630811A012440B9210400D12100028BC4
:10C920002108C29ADF00016BC6B0811A617843F911
:10C93000211041B9BF3F03D5C1180033667843F9D0
:10C94000BF3F03D5C11001B9E703805206A040B92B
:10C95000017040B93F00066B2120861A210400D1E6
:10C960002100028B667843F92108C29AC60042B9B9
:10C970003F00076B21D0871ABF3F03D5687843F982
:10C9800026100033BF3F03D5060102B9066840B93F
:10C99000089C40B9DF00086BC620881AC60400D185
:10C9A000C600028BC608C29A9F00066B84C0861A16
:10C9B00006A840B98400014B018440B93F00066BD2
:10C9C0002120861A210400D12100028B2108C29A5D
:10C9D0009F00016B84A0811A617843F99F00076B67
:10C9E00084D0871A21F041B9BF3F03D5667843F957
:10C9F00081100033BF3F03D5C1F001B9013040B908
:10CA0000005040B9210400D12100028B000400D164
:10CA10000000028B2108C29A0008C29A2100056B0F
:10CA200021509F1A0000044B3F00006B20A0801A89
:10CA3000617843F91F00076B00D0871A212042B9A3
:10CA4000BF3F03D521681B120000012A617843F91A
:10CA5000BF3F03D5202002B970FFFF17A00280124C
:10CA60005CFFFF17010080D2040A80D2227C049B65
:10CA7000037843F942401091636862B8BF3F03D521
:10CA8000057843F9BF3F03D5A36822B802D846B959
:10CA90005F00016B81000054020447B94200032A81
:10CAA000020407B9210400913F1000F101FEFF5478
:10CAB000C0035FD6FD7BBFA9FD030091EAFFFF978E
:10CAC000000447B9FD7BC1A800304CD3C0035FD63A
:10CAD000FD7BBDA9FD030091F35301A9F40300AA56
:10CAE000F303012AF51300F9154888D2F501A0F2E5
:10CAF000E00314AADCFFFF97800647B91F00136A02
:10CB0000C1010054200080D241C1FF97B50600F159
:10CB100001FFFF54817243F9600000B000E41391FB
:10CB2000410100B4240840A9E303132A810040F91D
:10CB3000CCC5FF9700008052F35341A9F51340F98B
:10CB4000FD7BC3A8C0035FD6620000B0610000B0E7
:10CB5000E303132A42401291216C1291F5FFFF1753
:10CB6000FD7BBEA9FD030091F30B00F9F30300AABE
:10CB70001F8003F903A443F902D846B92160022AB1
:10CB8000220080522100053260003FD6E00313AA44
:10CB900001248052CFFFFF97000078D2F30B40F9B9
:10CBA00000200853FD7BC2A8C0035FD6FD7BBFA950
:10CBB00001008252FD030091C6FFFF97000074D26E
:10CBC000FD7BC1A800300C53C0035FD6FD7BBAA922
:10CBD000FD030091F35301A9F30300AAF40301AA92
:10CBE000F55B02A981000052F76303A9F70302AACB
:10CBF000F803052AF96B04A9FA03032AFB2B00F9B1
:10CC0000007843F9BF3F03D501E000B9607A43F9EA
:10CC1000BF3F03D5041000B9752247B91508003489
:10CC200056FC009159008052D6E67A923903054BA2
:10CC3000D602148BE00314AAE10316AA3F0B00717D
:10CC400021060054E492FF97753647B99B00805245
:10CC5000B50200123503154B607A43F9BF3F03D587
:10CC600021008052010007B9607A43F9000047B9FA
:10CC7000BF3F03D564AA43F9E303182AE2031A2A43
:10CC80007F8203F9E10314AAE00313AA80003FD6D0
:10CC9000E1031B2AE00313AA8EFFFF97F803002A83
:10CCA000B80310361F00156A35098012B5129F1A95
:10CCB000607A43F9BF3F03D51F0007B93F070071F2
:10CCC00080000054E10316AAE00314AAC292FF9761
:10CCD000B8008036E20317AAE00314AAE11F8052CD
:10CCE0002BC0FF97F35341A9E003152AF55B42A936
:10CCF000F76343A9F96B44A9FB2B40F9FD7BC6A858
:10CD0000C0035FD6150080529B028052B392FF97FA
:10CD1000D2FFFF1795008012E6FFFF1776DA46B9BB
:10CD200059FC42D37660162AD602063245020034F8
:10CD3000170080D27F8203F93FC337EBE80000542D
:10CD4000E00313AA0112805262FFFF97C0FC3F3735
:10CD500095008012E4FFFF1763A643F9E103162A4A
:10CD6000827A77B8E00313AAF706009160003FD6F5
:10CD7000F2FFFF17603647B958008052150080D285
:10CD80007F8203F9000000121803004B3FC335EB0C
:10CD9000E8010054E00313AA010090524DFFFF97F1
:10CDA000F303002A73FD7F36B3008036E20317AA2F
:10CDB000E00314AAE11F8052F5BFFF977F02186AB3
:10CDC00035098012F503951AC7FFFF1762A243F9D0
:10CDD000E103162AE00313AA40003FD6807A35B853
:10CDE000B5060091EAFFFF17E10302AA021440B959
:10CDF000E303042A250080520400805274FFFF17C9
:10CE0000FD7BB6A95F0000F1FD030091F35301A97A
:10CE1000F40300AAF55B02A9F50301AAF76303A9CD
:10CE2000F96B04A9F90302AAFB7305A91A1440B906
:10CE3000001C40B9E07300B9F6031A2A20D845B99E
:10CE4000E07700B9802A47B9E06700B9E07340B9DC
:10CE5000E38300B95803000BE49B00B9938A43F9BC
:10CE6000007F4093E03700F9E003032A3BDC45B93B
:10CE70000418407A37E045B9400500546003170BA9
:10CE8000E07B00B9E06780B91C0080521800805236
:10CE900000C03A8B6002008BE04700F9E07740B9B0
:10CEA0001F03006B8A040054E0031C2ADF021C6B82
:10CEB000AC090054E06740B9E4031B2A00001C0BD6
:10CEC000827C4093E10319AA60C2208BE24B00F9F7
:10CED000E49F00B9C8BFFF97E24B40F9E49F40B917
:10CEE0003903028B9F001B6B2A010054E04740F975
:10CEF0006203044BE10319AA427C4093E24B00F920
:10CF0000BDBFFF97E24B40F93903028BE07B40B98C
:10CF1000180700119C03000B5A03004BE0FFFF179A
:10CF2000E23740F9E00313AAE11F805298BFFF9750
:10CF300079FAFFB5E08340B9C0030034E26780B9F5
:10CF400060C2368BBADE42F9E23F00F9DC7E4093E4
:10CF5000D8021B4BE1031AAAA7BFFF97E23F40F993
:10CF60006003170BE3031B2A1B0080529C03028BF8
:10CF70005A03028B79021C8BE07B00B9E07740B941
:10CF80007F03006B8B030054A0DE42F9E17340B9CC
:10CF9000400300CB2200004BE1031AAAE03740F91E
:10CFA00000C022CB427C40936002008B92BFFF976F
:10CFB000F55B42A9E10313AAF76343A9E00314AAAE
:10CFC000F35341A925008052F96B44A9E403052AD3
:10CFD000FB7345A9E23740F9E39B40B9FD7BCAA842
:10CFE000FBFEFF1761031C0BDF02016B64A39A1A9F
:10CFF000B4FFFF17E003032ADF02036BCC030054E6
:10D00000E06740B9FC03172A0000030B827F4093BE
:10D01000E1031AAA60C2208BE24300F9E38B00B956
:10D0200075BFFF97E24340F99F03176BE38B40B94D
:10D030005A03028B6A010054E2021C4BE1031AAA54
:10D04000E00319AAE38B00B9427C4093E24300F964
:10D0500069BFFF97E24340F9E38B40B95A03028B63
:10D06000E07B40B97B0700116300000B1803004B05
:10D07000C3FFFF17E202030BDF02026BFCA2981A48
:10D08000E3FFFF17FD7BB6A905008052FD03009169
:10D09000F35301A9F40301AAF55B02A9F76303A9FD
:10D0A000F96B04A9FB7305A9FC0302AA011C40B992
:10D0B000E16B00B981DA45B9191440B9E16F00B9E3
:10D0C000E16B40B9138843F93703010B1A2847B9BC
:10D0D000E17E40939BDE45B9E20301AA96E245B9A1
:10D0E000E13B00F9E10313AAE38300B9E303042A57
:10D0F00024008052B6FEFF97E09B00B9E003002AAF
:10D1000080050035F503192A9C0100B46003160B55
:10D11000E07B00B9407F40931700805200C0398BFC
:10D12000180080526002008BE04700F9E06F40B9C0
:10D13000FF02006BEB040054E08340B9A00300340D
:10D1400099DE42F9A37E4093427F409361C2358BC2
:10D15000E00319AAE28F07A927BFFF97E28F47A92B
:10D160007C03160BB8021B4B170080526300028B26
:10D170003903028B6002038BE03F00F9E06F40B996
:10D18000FF02006B8B06005480DE42F9E16B40B970
:10D19000200300CB2200004BE03B40F901C022CB32
:10D1A000427C40936102018BE00319AA12BFFF97F2
:10D1B000F35341A9F55B42A9F76343A9F96B44A96D
:10D1C000FB7345A9E09B40B9FD7BCAA8C0035FD6AD
:10D1D000E103182ABF02186B6C0300544103180BBB
:10D1E000E3031B2A627C4093E0031CAA61C2218BEB
:10D1F000E24B00F9E39F00B9FFBEFF97E24B40F915
:10D20000E39F40B99C03028B7F001B6B2A010054F3
:10D21000E14740F96203034BE0031CAA427C4093C0
:10D22000E24B00F9F4BEFF97E24B40F99C03028BFE
:10D23000E07B40B9F70600111803000B3903004BDF
:10D24000BBFFFF176003180BBF02006B63A3991AA3
:10D25000E5FFFF17E1031B2ABF021B6B4C030054C1
:10D2600041031B0BE303162A627C4093E00319AAD7
:10D2700061C2218BE24300F9E38B00B9DEBEFF9768
:10D28000E24340F9E38B40B93903028B7F00166B10
:10D290002A010054E13F40F9C202034BE00319AAFE
:10D2A000427C4093E24300F9D3BEFF97E24340F94A
:10D2B0003903028BF70600117B031C0B18031C4B70
:10D2C000AFFFFF17C0021B0BBF02006BC3A2981A6F
:10D2D000E6FFFF17FD7BB9A905008052FD03009111
:10D2E000F35301A9F40300AAF55B02A9F50301AA0F
:10D2F000F60302AAF76303A9E10302AAF703042ACB
:10D30000F96B04A9E303172A04008052FB7305A9F3
:10D31000021440B92EFEFF97F303002A1F0000718C
:10D32000200980126412407AA1080054803647B95F
:10D330006009003680DA46B941008052827A43F9AA
:10D34000010CC11A21940111216C1C53217C4093C2
:10D35000536861B8BF3F03D51F0000710000001281
:10D3600000A4805A00701D537326C01A1306383665
:10D3700081DA45B90008805218008092130080526B
:10D380000000014B1827C09AE203172AE10315AAEF
:10D39000E00314AA0300805252FCFF97A182179168
:10D3A000E00314AAA2DE42F903008052BC3A43F91A
:10D3B0003A1040299C031A913B647F29E1031CAA7F
:10D3C00072E1FF97F703002A400D0035277F409355
:10D3D000487F40937F03176B2D0300540027D79A93
:10D3E00020020036A6EA45B9E3031A2AE2031CAA82
:10D3F000E103192AE00316AA05008052040080D236
:10D40000E72306A91EF0FF97E72346A9E009F836AF
:10D41000802641B900040011802601B9D602078B8D
:10D420009C03088BF7060011EBFFFF17802241B920
:10D43000731A00120000130B802201B9F55B42A998
:10D44000E003132AF35341A9F76343A9F96B44A9F5
:10D45000FB7345A9FD7BC7A8C0035FD67F2A0131B6
:10D460000108005486DE45B907008052130080523F
:10D4700001008052180080D2A80A805269068052AA
:10D480002A0080D29F8203F9807A43F9003046B99E
:10D49000BF3F03D5837A43F9053C4CD3E203072A07
:10D4A000E703052A644046B9BF3F03D55F00056B1B
:10D4B00021009F1A640170364521C59A180305AAF8
:10D4C00044FE7F36E00314AA2100805281FDFF97BD
:10D4D000C004003653FBFF3798F5FFB5D8FFFF17A0
:10D4E000002C0012DF00006BC9FEFF54822647B9F2
:10D4F000C500051B802C48D3A500021BA57C4093CA
:10D50000C36A65388300034AC36A25386000080A85
:10D510000205430A4200000B4000090A2209420AA0
:10D520000000020B020C00124010400B822241B995
:10D530002100000B7F02016B4200000B7322811A55
:10D54000822201B9DFFFFF17812241B97F02006B00
:10D550007322801A2100000B812201B9B0FFFF174E
:10D5600013008052B6FFFF1793008012B4FFFF171D
:10D57000F303002AB2FFFF1702701D53000480520C
:10D580004310C05A5F0000710000034B00109F1A47
:10D59000207C001B01028052003C0011000CC11ACB
:10D5A00000781F53C0035FD6FD7BBFA901008452E2
:10D5B000FD03009147FDFF971F0073F2FD7BC1A89B
:10D5C0008000801200009F1AC0035FD6FD7BBDA9BA
:10D5D000FD030091F35301A9F30300AAF55B02A92F
:10D5E000007843F915F043B9BF3F03D5603247B91E
:10D5F000E0000035607A43F9007043B9BF3F03D5BE
:10D600000004C05A003C0012603207B9612A47B9D1
:10D61000607A43F9A1130034BF3F03D5013002B94A
:10D62000607A43F900F043B9BF3F03D5000400120C
:10D63000633247B9210080522020C01A7F04147140
:10D6400002781F534030801A602E07B9607A43F980
:10D65000BF3F03D5E2018052026000B9607A43F90E
:10D66000BF3F03D501D000B9607A43F9BF3F03D56E
:10D67000E2FF9F52024002B9607A43F9BF3F03D5EF
:10D68000018002B9617A43F9BF3F03D500008012DF
:10D69000201004B9617A43F9BF3F03D5206004B973
:10D6A000617A43F9BF3F03D520B004B9617A43F9E9
:10D6B000BF3F03D514008052360080D2200005B948
:10D6C000602E47B99F02006B6A010054617A43F9EA
:10D6D000C022D49A74DA06B97F8203F9BF3F03D51A
:10D6E000200000B9E00313AA01018652F9FCFF975C
:10D6F000400D60370000801260DA06B9607243F9AD
:10D70000742E07B9004840F960DA00F9601E40F94C
:10D71000800000B56000009000281991601E00F99B
:10D72000150C5837E1FFFFF0E0FFFFF02180049176
:10D7300000D00491E2FFFFF042501D9162F200F927
:10D74000E2FFFFF042E00C9162DE00F9E2FFFFF041
:10D7500042600D9162E600F9E2FFFFF042E00D91B8
:10D7600062E200F9E2FFFFF042600E9160A603F969
:10D77000606A43F962FE00F9E2FFFFF042D02A91AD
:10D78000620201F9E2FFFFF042B02E91620A01F954
:10D7900061A203F9800000B4E0FFFFF000E01E91F9
:10D7A000602601F9E103142AE00313AA020080D2E3
:10D7B0008DF4FF97F403002AE0050035607A43F901
:10D7C00000F043B9BF3F03D56007303620008052D8
:10D7D000602207B9000880D2603E03F9603647B97D
:10D7E000E1FFFFF0212011911F007FF2E0FFFFF029
:10D7F00000500F910010819A60AA03F9615A42B952
:10D80000605642B921040F32615A02B96100805258
:10D8100061D205B901408052741E40B90102A07264
:10D820000000012A605602B9602A47B9619E43F997
:10D830009402004B60DE45B98004003460EA45B9CB
:10D8400040040034E203142AE00313AA66F5FF97AC
:10D85000F403002A00050034617243F9600000906F
:10D8600000901491411100B4230840A9610040F9CF
:10D870007CC2FF97F55B42A9E003142AF35341A948
:10D88000FD7BC3A8C0035FD6003042B9BF3F03D5BC
:10D89000602A07B963FFFF179406001189FFFF177D
:10D8A000E1FFFFF0E0FFFFF02120059100900591DE
:10D8B000A1FFFF17602247B9E0F8FF35800080D252
:10D8C000603E03F9CEFFFF1760F645B9C000083689
:10D8D000619E43F9E203142AE00313AA13F6FF97AB
:10D8E000DCFFFF17E203142AE00313AA9CF5FF975D
:10D8F00000FFFF3560EA45B9617A43F90010001274
:10D9000000001032BF3F03D520B001B960064229A4
:10D910000008C11A617A43F9BF3F03D5205001B90D
:10D92000605642B9617A43F9000441D3BF3F03D541
:10D93000206001B9605642B9617A43F9000072D2A1
:10D9400000384ED3BF3F03D5209001B9607A43F928
:10D95000611640B9BF3F03D5017001B9607A43F940
:10D96000611E40B9BF3F03D5018001B9607A43F918
:10D9700061DE45B9BF3F03D501B006B9607A43F90E
:10D9800061DE45B9BF3F03D501C006B961DE45B9C7
:10D99000601640B90008C11A617A43F9BF3F03D548
:10D9A00020D006B94000009000800591602600F963
:10D9B000000790F062E245B901B0189161FE02F9EA
:10D9C000022C06B9605642B9C0060837E1FFFFF0E5
:10D9D000E0FFFFF02100069100B0079160061DA94D
:10D9E00060F645B900001E3260F605B900000090EF
:10D9F00000500B91601A03F9000000900010029192
:10DA0000601203F9E0FFFFF000A03791602603F9F0
:10DA1000E0FFFFF000003891601603F9E0FFFFF02F
:10DA200000601B91603203F9E0FFFFF000D01B9112
:10DA3000603603F9E0FFFFF000802D91600E01F9E0
:10DA4000607A43F9005042B9BF3F03D54003003428
:10DA5000602607B9632647B97F0400716009005446
:10DA60007F080071E0030054617243F96000009088
:10DA700000281591C10200B4240840A9810040F992
:10DA8000B4028012F7C1FF977BFFFF17620000907E
:10DA90006100009042401291216C129175FFFF17B6
:10DAA000E1FFFFF0E0FFFFF02160099100200B9102
:10DAB000CBFFFF17617A43F920008052602607B937
:10DAC000BF3F03D5205002B9E3FFFF17620000906B
:10DAD0006100009042401291216C1291E9FFFF1702
:10DAE000600640F900F87FD3600600F9601240B983
:10DAF00000781F53601200B9601640B900781F53B8
:10DB0000601600B9601E40B900781F53601E00B94E
:10DB1000603A41F900F87FD3603A01F9605E42B99A
:10DB200000040011605E02B9606242B90004001195
:10DB3000606202B9606642B900040011606602B911
:10DB4000606A42B900040011606A02B9607A42B9A1
:10DB500000781F53607A02B960DE45B900781F5320
:10DB600060DE05B960E245B900781F5360E205B98F
:10DB700060EA45B900781F5360EA05B9602A47B9E1
:10DB800000781F53602A07B9621640B9010080521D
:10DB9000601E40B94000000BCDBBFF97608A03F9BF
:10DBA000400300B4E00313AACEF5FF97F403002A64
:10DBB000A0010035E10313AA2CE0FF97F403002A2B
:10DBC000A0E5FF34617243F96000009000CC15912C
:10DBD000010100B4240840A9E303142A810040F99C
:10DBE000A0C1FF97608A43F9679DFF9722FFFF1747
:10DBF0006200009061000090E303142A42401291F9
:10DC0000216C1291F7FFFF17740180121AFFFF17A2
:10DC1000FD7BBFA9600000D0FD030091001844B94E
:10DC200008E0FF97400000B5A3BBFF97FD7BC1A8AC
:10DC3000C0035FD6FD7BBAA9FD030091F35301A990
:10DC4000F55B02A9F76303A9F96B04A9F903012A9B
:10DC50003F030071F97F05A9441840FAE00700541A
:10DC6000F603002AF70302AAEAFFFF97011440B95E
:10DC7000F50300AA200400511F00166A0005005495
:10DC8000E103012A000880D221FC009121687A92E8
:10DC90008B9FFF97FA0300AA400600B4E50300AA91
:10DCA000A01640B9A40640F9E103002AE12B00F9CF
:10DCB000E3630191D80AC01AE2430191017F001B7E
:10DCC000E00315AAF80301AA54E0FF97F403002A21
:10DCD00060030035E22B40F9C102184BE00317AA9C
:10DCE000420001CB4103018B5F0019EB4290999AEE
:10DCF000E22B00F940BCFF97E0031AAA229DFF9790
:10DD0000E02B40F93303006BA0010054D602000B56
:10DD1000F702008BF303132AF32B00F9A40640F952
:10DD2000E50317AAE3630191E2430191E103162A97
:10DD3000E00315AA39E0FF97F403002AF55B42A936
:10DD4000E003142AF35341A9F76343A9F96B44A9EB
:10DD5000FD7BC6A8C0035FD6B4028012F8FFFF1790
:10DD600074018012F6FFFF17C0035FD6FD7BB1A9D7
:10DD7000FD030091F35301A9F51300F9F50300AA7F
:10DD8000FECCFF97F40300AAE00315AA2ACDFF9763
:10DD9000800800B4010040B9E2E30291813207B982
:10DDA000010440B9813607B9010840B9812A07B991
:10DDB0006100009021581691000840F9957203F90E
:10DDC000809E03F9A04A40F9ADD2FF97F303002AE1
:10DDD000A0070035E05F40F9807A03F9E2E30291A1
:10DDE00061000090A04A40F9210C1791A4D2FF973E
:10DDF000F303002A80060035E05F40F9807E03F9D6
:10DE000061000090E203019121441991E00315AAF9
:10DE1000CDC6FF97E0000034E2030191E00315AAAC
:10DE200001008052B0C6FF9740000034FF2300F984
:10DE300061000090E2A3019121341791E00315AA3B
:10DE4000C1C6FF9740000034FF3700F96100009021
:10DE5000E243029121501791E00315AABAC6FF9739
:10DE600040000034FF4B00F9E02340F9600300B5A7
:10DE7000E03740F9C00300B5E04B40F9200400B59D
:10DE8000E03740F9800400B500109ED2405FA0F258
:10DE9000806603F9004098D2607DA1F2230000144F
:10DEA000B3028012430000B0E209805263D018919F
:10DEB00061000090600000902184169100C80791D5
:10DEC000E8C0FF97F51340F9E003132AF35341A983
:10DED000FD7BCFA8C0035FD6E0030191E3C6FF97A7
:10DEE000F303002A60FCFF34F7FFFF17E0A3019162
:10DEF000DEC6FF97F303002A00FCFF34F2FFFF1792
:10DF0000E0430291D9C6FF97F303002AA0FBFF3438
:10DF1000EDFFFF17E00301918DC6FF97806603F9BF
:10DF2000E0A301918AC6FF97806A03F9E1C30091DB
:10DF3000E00315AAAD15009400030035E0C300917D
:10DF400030150094400080D231BCFF97E0C30091AF
:10DF500048150094E00314AA94FDFF97F303002AE8
:10DF6000C0010034817243F9600000900060179195
:10DF7000A10000B4230840A9610040F9B9C0FF978F
:10DF8000D1FFFF17620000906100009042401291A3
:10DF9000216C1291FAFFFF17E00314AA8CFDFF9782
:10DFA000F303002AC8FFFF17FD7BBEA9A10000F004
:10DFB000A0098052FD030091E263009121000E91BF
:10DFC00009D0FF971F0000710418533AA0000054B5
:10DFD000E103002A6000009000D41791A1C0FF97D0
:10DFE000FD7BC2A8C0035FD600008052C0035FD68D
:10DFF000040040F9843440F9840040F9F00304AA95
:10E0000000021FD6FD7BBAA9E403012AFD0300919B
:10E01000F55B02A9F503022AF603032A420000F089
:10E02000E303002A42701A91F35301A9F403012A71
:10E03000C10380D2F303002AE003019138C0FF97A7
:10E04000E003019140BBFF97440000F0E50300AA04
:10E05000E7C30091E6E3009184B01A91E303162A26
:10E06000E203152AE103142AE003132AD1040094E1
:10E0700000010035E01B40F9000040F942CCFF9759
:10E08000F35341A9F55B42A9FD7BC6A8C0035FD647
:10E09000000080D2FBFFFF17FD7BBCA9FD030091B0
:10E0A000F35301A9F303012AF40302AAF51300F9BB
:10E0B000F50303AA34CCFF97054440F9E40315AAFD
:10E0C000E3E30091E20314AAE103132AA0003FD680
:10E0D000F35341A9F51340F9FD7BC4A8C0035FD6F3
:10E0E000FD7BBCA9FD030091F35301A9F303012AB1
:10E0F000F40302AAF51300F9F50303AA22CCFF9753
:10E10000054040F9E40315AAE3E30091E20314AAF1
:10E11000E103132AA0003FD6F35341A9F51340F9B8
:10E12000FD7BC4A8C0035FD6FD7BBDA9FD030091A4
:10E13000F35301A9F30300AAF51300F915CCFF97D7
:10E14000F40300AAE00313AA0FCCFF97135019A9F8
:10E15000540100B553028012400000F000101B91E2
:10E1600040C0FF97F51340F9E003132AF35341A988
:10E17000FD7BC3A8C0035FD6F50300AAE00314AA81
:10E1800048040094F303002AE0FEFF35E00315AADB
:10E19000B1000094F303002A80000035E00315AAC3
:10E1A000FB010094F303002AE00314AA3F04009447
:10E1B000EDFFFF17FD7BBFA9FD030091F2CBFF9799
:10E1C000FD7BC1A8F0010014FD7BB7A9FD03009100
:10E1D000F35301A9F303012AF51300F9F50302AA89
:10E1E000E9CBFF97011040B9C1020034F40300AA43
:10E1F000600AC11A00CC011B40020035E103012A6C
:10E20000A00AC19A00D4019BC00100B5020B80D2C4
:10E2100001008052E0E30091DDBAFF97823A40F9B5
:10E22000F35704A9E1E30091E00314AA40003FD6AC
:10E23000F35341A9F51340F9FD7BC9A8C0035FD68C
:10E24000A0028012FBFFFF17FD7BBFA9FD03009119
:10E25000CDCBFF97CF01009400008052FD7BC1A879
:10E26000C0035FD660418012C0035FD66041801258
:10E27000C0035FD6FD7BB6A9FD030091F35301A94E
:10E28000F30302AAF55B02A9F50301AAF60304AAA7
:10E29000F76303A938008052F77F40B2F96B04A9F5
:10E2A00039008052FB2B00F9FB0303AA149C40F9B0
:10E2B000330100B500008052F35341A9F55B42A938
:10E2C000F76343A9F96B44A9FB2B40F9FD7BCAA86E
:10E2D000C0035FD682BE41B9FA0313AA80DA463979
:10E2E000FF7F06A9417C1053E0CB007980D24639EC
:10E2F000E0A3013980DE4639E1870139413C48D34A
:10E30000FF7F07A9007C011BFF7F08A9FF7F09A9E8
:10E31000007C0313F8830139E1A70139F53B00F9CB
:10E32000E0E30139E1E70139E2030239F98700B995
:10E33000F64B00F95F0317EBE18301914093979A45
:10E34000E08B00B980CE40F9F00B0094000200355C
:10E3500080CE40F9E1830191800B0094800100356B
:10E36000E13B40F9E08B40B92100008BE13B00F933
:10E37000E14B40F95A0300EB2100008BE14B00F91F
:10E38000A1FDFF54E003132A3301003460F9FF3785
:10E39000610340F9D6C2208BB5C2208B73C220CB5B
:10E3A00021C0208B610300F9C2FFFF17800080129B
:10E3B000C2FFFF17FD7BBBA9211C00122420805245
:10E3C000FD03009100CC40F9FF7F01A9E12B00790A
:10E3D00021008052FF7F03A9E1C300392100805250
:10E3E000FF7F04A9E4230079FF7F02A9E18F0629BA
:10E3F000E1430091E22300F9580B0094FD7BC5A88E
:10E40000C0035FD6FD7BBBA9211C001224208052D3
:10E41000FD03009100CC40F9FF7F01A9E12B0079B9
:10E4200021008052FF7F03A9E1C3003941008052DF
:10E43000FF7F04A9E4230079FF7F02A9E18F062969
:10E44000E1430091E22300F9440B0094FD7BC5A851
:10E45000C0035FD6FD7BADA9222080522200A072AE
:10E46000FD030091F35301A9C3008052F30300AAF6
:10E47000F55B02A9F71B00F902BC01B9E20310B277
:10E4800001CC40F9222080F22220C0F202E000F903
:10E4900062108052210C40B93F0073F2610080523B
:10E4A0003500821AE2430191010C8012C2FFFF97EE
:10E4B000A015F836147C40939F0640B18814005490
:10E4C00020008052E06700B960008052E0AB013963
:10E4D00020208052FFD300792000A072E06F00B9A5
:10E4E000811640B94102183762008052E26700B9D4
:10E4F00002008152E2E3007962018052E2CB0139ED
:10E50000E07700B9800240391FD00071010100544A
:10E510008006403900A80051001C00121F04007141
:10E520006800005400018052E0C3013961013036B7
:10E53000E06740B900001932E06700B9000081527D
:10E54000E0430179600D8052E08B023980208052D7
:10E550002000A072E0A700B9400000F000B81B91B5
:10E56000601E00F960CA40F960A600F960008052A0
:10E570006002003920008052601600B9008081528C
:10E58000600600B9739E00F9801A4079810A40B98B
:10E59000017C011B610600F9618A02B9010000904B
:10E5A00021900991613A00F90100009021D0099170
:10E5B000614200F90100009021B00991614600F923
:10E5C000801640B9600D3837801640B9800070362B
:10E5D00060CE41B900001B3260CE01B9801640B94F
:10E5E00080001836E06740B900781E12E06700B975
:10E5F000E06740B9E2630191E3670191A102000A7B
:10E60000200441D33F0079F2E10080520000811ADA
:10E61000E16B019100087DD30040009121686038D2
:10E6200061DA0639E173019142686038216860B8A7
:10E630006068603861BE01B9211C00124000000B07
:10E6400060DE06393F100071C10E0054800240396F
:10E650001F800071600E00541FB00071200E005426
:10E66000E2230191E00313AA23008052A106805205
:10E6700051FFFF97000BF837E0234139200D083791
:10E6800000001F32E21F019123008052A10080523E
:10E69000E0270139E00313AA47FFFF97C009F837C5
:10E6A000E01F413903008052020080D2C100805235
:10E6B000E0230139E00313AA53FFFF97E2230191FE
:10E6C000E00313AA43008052210080524EFFFF97BF
:10E6D0002008F837000080D212BAFF97F50300AA8D
:10E6E000F78793D2E00315AA0EBAFF971F0017EB26
:10E6F0008904005461CA40F9400000F000E01B9119
:10E70000010800B4230840A9610040F9D5BEFF9775
:10E71000A00D80120F000014821A4039C20000358B
:10E7200094620091800A40B980FFFF35740F809297
:10E7300007000014421C4092E1430191E00314AA37
:10E74000E0B9FF97E0FEFF3594EBFFB5E003142A34
:10E75000F35341A9F55B42A9F71B40F9FD7BD3A810
:10E76000C0035FD6340000F094523A91EEFFFF17D9
:10E7700060CE41B90000003260CE01B993FFFF17AF
:10E78000E21F0191E00313AA23008052A1008052EE
:10E7900009FFFF97E0FDFF3760CE41B9F61F413911
:10E7A000F603362AC0010037210080523F00007175
:10E7B000E0079F1ADF02006A60F9FF54E21F01912F
:10E7C000E00313AA23008052A1068052FAFEFF97AD
:10E7D0002002F836A0028012DEFFFF17E21F01912F
:10E7E000E00313AA23008052010E8052F2FEFF972D
:10E7F00000FBFF37E11F413921001912ECFFFF1721
:10E80000420000F0410000F042401291216C129150
:10E81000BFFFFF17E01F4139E0FDFF34C0FD0F3699
:10E8200060D24639200300358022407960000034F0
:10E8300060D2063915000014610640F90020A0D20C
:10E840003F0000EBA90300548000805260D20639DB
:10E85000800240391F04007160000054801640B9E6
:10E860004001583661DA4639600000900034279143
:10E87000020080D2030040397F00016B4101005447
:10E880000104403961DA063960D246391F1000713F
:10E8900028FAFF5474D200F940010054000080525D
:10E8A000ACFFFF1742040091000800915F1800F1CF
:10E8B00021FEFF54F4FFFF1760008052DDFFFF17B9
:10E8C000800240391F040071A0FEFF54801640B939
:10E8D00060FE5F3760CE41B980003036400000F006
:10E8E00000681C915FBEFF9760D240F9000040397C
:10E8F0001FB0007140020054280100541F800071B5
:10E90000E0010054E00F8012624207912300805220
:10E91000E102805260420739180000141F08037199
:10E92000A00000541FBC0371600000541F740271EA
:10E93000A1FEFF54140080520700001434008052DE
:10E94000E00313AA03008052020080D2C10080526B
:10E95000ADFEFF97E00313AA03008052020080D2AD
:10E9600001098012A8FEFF97B4F9FF34030080521A
:10E97000020080D281008052E00313AAA2FEFF971A
:10E98000C7FFFF1760418012C0035FD614DCFF177A
:10E99000ACDBFF17FD7BBDA9FD030091F35301A97B
:10E9A000341C0012F30300AAF51300F9010040F92A
:10E9B000353440F99F2A007161000054A101805252
:10E9C000F5FFFF97A20A40F9E103142AE00313AA16
:10E9D00040003FD61F2C003160FFFF54F35341A984
:10E9E000F51340F9FD7BC3A8C0035FD6010040F9D1
:10E9F000213440F9220040F9820000B4417640B948
:10EA0000F00302AA00021FD600008052C0035FD6A6
:10EA100000008052C0035FD6011C0012400E40F976
:10EA2000400000B4DCFFFF17C0035FD6FD7BBEA92A
:10EA3000FD030091F35301A9540E40F9540100B5B0
:10EA4000F35341A9FD7BC2A8C0035FD673060091B2
:10EA5000E00314AAD0FFFF976102403981FFFF3520
:10EA6000F8FFFF17F30300AAFCFFFF17400E40F961
:10EA7000000100B4020040F9423440F9420040F97C
:10EA8000820000B4417640B9F00302AA00021FD60A
:10EA9000C0035FD6FD7BBDA9FD030091F35301A91F
:10EAA000540A40F9D40700B4E00314AA410000F06E
:10EAB00021601D91BDB5FF97F30300AAE00200B5E8
:10EAC000E00314AA410000F021901D91FCB1FF97D2
:10EAD000F303002AE2A30091E103132AE00D805220
:10EAE00096CDFF9760030035E01740F9400E00F91E
:10EAF000410E40F9810000B4411A40F9210078B27A
:10EB0000411A00F9DAFFFF97F35341A90000805240
:10EB1000FD7BC3A8C0035FD6410780525FB8FF9753
:10EB2000000100B40200134BE10313AAE00314AA8E
:10EB3000A7B1FF97F303002AE0FCFF36E1FFFF17C0
:10EB4000E00313AA5FB8FF97E203002AF7FFFF175D
:10EB50007F020071ED010054407A40F9E2A3009178
:10EB6000617E409304008052030080D2B4CAFF97B4
:10EB700000010035E01740F9B1C9FF971FBC0171D2
:10EB800081000054E01740F939C9FF97E0FAFF34DB
:10EB9000400000F000B01D9165B9FF97E2A300911D
:10EBA00001008052E00D805257CDFF97E0F9FF340D
:10EBB000E2A3009101008052E00D805238CDFF9712
:10EBC00040F9FF34E1A30091E00D805285CDFF971D
:10EBD000EFFFFF17FD7BBFA9FD03009167C9FF97FA
:10EBE000A0048012FD7BC1A8C0035FD6FD7BBAA93B
:10EBF000FD030091F35301A9F40300AAF51300F9F2
:10EC000055C9FF97F30300AAE00314AA8AC9FF9726
:10EC1000F50300AAE00314AAF1C9FF971F0400B18D
:10EC2000E0070054607E00A902008052410000F01D
:10EC3000804A40F9210C1E910ECEFF97601A00B950
:10EC400002008052410000F0804A40F921381E91B4
:10EC500008CEFF97601600B922008052410000F0F4
:10EC6000804A40F921601E9102CEFF97601200B9E0
:10EC7000601E40B9E0020035804A40F9020080522F
:10EC8000410000D021881891FACDFF97601E00B98D
:10EC900000020035E2E30091E00314AA0100805273
:10ECA00011C3FF9740020035E0E3009128C3FF97AE
:10ECB0001F04403148000054601E00B9601E40B976
:10ECC0008000003500209C52A0BEA072601E00B9DA
:10ECD000BF060071E1028052E00080520010811AEC
:10ECE000602200B90000805209000014029800114F
:10ECF0005F900071C800005421008092E1FEBFF2D5
:10ED0000E1FDDFF22128C29AA1FD0736F35341A9A4
:10ED1000F51340F9FD7BC6A8C0035FD6A0028012A0
:10ED2000FBFFFF17030040F9021880B9001440B937
:10ED30004200038B2120C01A217C4093406861B8B7
:10ED4000C0035FD6FD7BBFA9FD0300910BC9FF97F0
:10ED5000040C40F9A1008052E00304AAF2FFFF97DF
:10ED6000A0000036FD7BC1A8E00304AA0100805288
:10ED7000EDFFFF1740018012FD7BC1A8C0035FD6E5
:10ED8000FD7BBEA9FD030091F30B00F9331C0012BB
:10ED9000FAC8FF97000C40F9A1008052D30000365A
:10EDA000E1FFFF9700000012F30B40F9FD7BC2A8C2
:10EDB000C0035FD6DCFFFF971F007BF2E0179F1AAE
:10EDC000FAFFFF17030C40F9640040F9601880B99E
:10EDD000631440B90000048B2120C31A217C4093A6
:10EDE000026821B8C0035FD6FD7BBEA9FD03009178
:10EDF000F30B00F9331C0012E0C8FF97E40300AAEC
:10EE0000000C40F9A1008052C7FFFF97A0012836EF
:10EE1000E203132AE00304AA01008052EAFFFF97ED
:10EE20007F2A0071A000005400008052F30B40F9CB
:10EE3000FD7BC2A8C0035FD6DD9BFF97FBFFFF17DA
:10EE400040018012FAFFFF17FD7BBEA9FD03009170
:10EE5000F30B00F9F303012AC8C8FF9762061E12DC
:10EE6000610600125F30007173061C12600A507A4E
:10EE7000810100543F0C0071400100544200009099
:10EE8000426816914268E13861008052CEFFFF97D8
:10EE900000008052F30B40F9FD7BC2A8C0035FD68F
:10EEA00060418012FCFFFF17FD7BBFA9E50300AAAC
:10EEB000E603012AFD030091000C40F96100805235
:10EEC00099FFFF97077818120200193261008052EB
:10EED000E00305AABCFFFF97E00305AAC21C0012CD
:10EEE00001008052B8FFFF97E00305AAC23C48D357
:10EEF00021008052B4FFFF97FD7BC1A8E203072ADF
:10EF0000E00305AA61008052AFFFFF17FD7BBEA999
:10EF1000FD030091F30B00F9F303012A97C8FF9753
:10EF2000020C40F9616E1C53736E1D53421C40B9B4
:10EF30007302020B610AC11ADCFFFF97F30B40F961
:10EF400000008052FD7BC2A8C0035FD6E50300AA83
:10EF5000E603012AFD7BBFA9FD030091A00C40F947
:10EF6000A100805270FFFF97A0FF3736E00305AA8B
:10EF7000020080522100805293FFFF97E00305AA10
:10EF800062008052810080528FFFFF97A00C40F9F1
:10EF900041008052022040B9E00305AA8AFFFF9792
:10EFA00062008052E00305AAE103022A86FFFF9770
:10EFB000DF040031A0000054FD7BC1A8E103062A54
:10EFC000E00305AAB9FFFF17FD7BC1A8C0035FD608
:10EFD000FD7BBDA9FD030091F35301A9F30300AA32
:10EFE0005DC8FF97E00313AA64C8FF97E18300910F
:10EFF000F40300AAE00313AA7C110094600000351A
:10F00000E08300911B110094E00313AA52C8FF97FC
:10F01000800E00F901008012E00314AACCFFFF97D4
:10F02000F35341A900008052FD7BC3A8C0035FD603
:10F03000FD7BBDA9FD030091F35301A9F40300AAD0
:10F04000F55B02A9F503022A020040F9563440F9A3
:10F05000C21640F9020200B440003FD6F303002A72
:10F06000E0010034400000D000402091140300B4BF
:10F07000810A40A9E303132A210040F979BCFF97D4
:10F08000F55B42A9E003132AF35341A9FD7BC3A812
:10F09000C0035FD6B3028012F3FFFF17C21A40F914
:10F0A000220100B4E103152AE00314AA40003FD670
:10F0B000F303002A60FEFF34400000D000C8209116
:10F0C000EBFFFF17B3028012FCFFFF17420000D0D6
:10F0D000410000D0E303132A42401291216C1291A7
:10F0E000E7FFFF17FD7BBEA9FD030091F35301A9C4
:10F0F000F40300AA1BC8FF97F30300AAE00314AAB5
:10F1000024C8FF97140000F9610A40B9010800B94A
:10F11000610E40B9010C00B901018052011000B923
:10F1200000008052F35341A9FD7BC2A8C0035FD603
:10F13000FD7BBEA9FD030091F35301A9F40300AACE
:10F1400011C8FF97F30300AA02008052804A40F9D9
:10F15000410000D0214C2191C6CCFF97600200B93C
:10F1600000008052F35341A9FD7BC2A8C0035FD6C3
:10F17000FD7BBCA9FD030091F35301A9F55B02A936
:10F18000F50300AAF76303A9181840F9000340F932
:10F19000163440F9E00318AAFBC7FF97F40300AA4E
:10F1A000E00315AAFBC7FF97015C4129930240B910
:10F1B00033030034610000347F02016B7392811AC3
:10F1C000800640B91F00136B81000054800A40B9CB
:10F1D0001F00176BE0000054E203172AE103132A13
:10F1E000E00318AA93FFFF972002003593DE002961
:10F1F000C10240F9A10100B4F35341A9E00315AAEB
:10F20000F55B42A9F00301AAF76343A9FD7BC4A8FB
:10F2100000021FD63F00007113D490523300A07239
:10F220003310931AE7FFFF1700008052F35341A9F0
:10F23000F55B42A9F76343A9FD7BC4A8C0035FD671
:10F24000011840F9210040F9213440F9210440F926
:10F25000610000B4F00301AA00021FD6C0035FD60C
:10F26000051840F9A60040F9A52040F9C63440F938
:10F27000A50440F9A50840B9BFD00171A100005410
:10F28000C50C40F9A50000B4F00305AA00021FD682
:10F29000C00B8012C0035FD6A0048012FEFFFF17D0
:10F2A000000040F9B3FFFF17000040F9E5FFFF172A
:10F2B000000040F9EBFFFF17FD7BBFA9FD030091A4
:10F2C000A8C7FF97800000B4000040B9FD7BC1A82B
:10F2D000C0035FD620008012FDFFFF17FD7BBCA995
:10F2E000FD030091F35301A9F40300AAF55B02A901
:10F2F000F60302AAF503012A020040F9423440F95C
:10F30000431C40F9230300B4E2C3009160003FD6E0
:10F31000F303002AA0020034400000D000942191A1
:10F32000740100B4810A40A9E403132AE303152AF7
:10F33000210040F9CBBBFF97F55B42A9E003132AFC
:10F34000F35341A9FD7BC4A8C0035FD6420000D09F
:10F35000410000D0E403132AE303152A424012912E
:10F36000216C1291F4FFFF17E1E30091E00314AA6E
:10F370008BC7FF97E01F40F9600000B55302801271
:10F38000EEFFFF1777C7FF97000040B91F00156B0E
:10F39000A1000054E01F40F913008052C00200F9A0
:10F3A000E6FFFF17E0E3009185C7FF97F2FFFF1725
:10F3B000FD7BB9A9FD030091F35301A9F55B02A9F7
:10F3C000F503022AF60307AAE2830191F76303A972
:10F3D000F803032AF70306AAF96B04A9F903012A23
:10F3E000FA0304AAE103002AFB7305A9FC03002A1F
:10F3F000FB0305AA800E805243CBFF97E001003447
:10F40000F303002AE203002AE1031C2A400000D093
:10F410000010229193BBFF97F55B42A9E003132AEA
:10F42000F35341A9F76343A9F96B44A9FB7345A9B9
:10F43000FD7BC7A8C0035FD6E03340F9E2A301918A
:10F44000E103192AA6FFFF97F303002A5F0300F1E7
:10F450000018533AA1050054E03340F9E3A30191A9
:10F46000E2031BAAE1031AAA72C8FF97F303002A5A
:10F4700040FDFF35E03740F93AC7FF97F40300AA93
:10F48000BF02007100D490522000A072A012801A16
:10F49000990200B980620129E03740F9018840B93A
:10F4A00001010037F2C6FF97F303002A60FBFF3526
:10F4B000E03740F937C7FF97E13740F9010000F91D
:10F4C000E03740F933C7FF97F90300AAE03340F96A
:10F4D0002DC7FF97FA0300AA000440B98004003446
:10F4E00015050035940000B4800E40B91F00186B5C
:10F4F00001050054E03340F9E00200F913008052A6
:10F50000D90200F9C5FFFF1780020034E13340F94A
:10F51000400000D000742291010100B4260840A9E7
:10F52000E503132AE403192AE3031C2AC10040F966
:10F530004CBBFF97B9FFFF17420000D0410000D03D
:10F54000E503132AE403192AE3031C2A424012911B
:10F55000216C1291F7FFFF17E03740F9E0F9FFB493
:10F5600000C7FF97F40300AACCFFFF17E00319AA16
:10F570004CFFFF97F303002A40FBFF34A7FFFF1760
:10F58000400740B900FBFF341F00156BC0FAFF5461
:10F59000E03340F9E203182AE103152AA5FEFF979C
:10F5A000F303002A80FAFF34E00319AA3FFFFF9714
:10F5B0009AFFFF17FD7BBCA902008012FD0300919A
:10F5C000F35301A9F40300AAF55B02A9F50301AA0C
:10F5D000410000B0F71B00F9213C1D91004840F9A3
:10F5E000A4CBFF97A00200B902D49052410000D0F2
:10F5F000804A40F92200A072214C21919DCBFF97B7
:10F60000A00A00B9410000D021202391804A40F98E
:10F610004DCCFF97161C0012804A40F9410000D0E3
:10F620002144239148CCFF97171C0012804A40F9CF
:10F63000410000D02168239143CCFF97001C1E534A
:10F640001604162A410000D0804A40F921982391DF
:10F650003DCCFF97131C0012804A40F9410000D0B6
:10F6600021C0239138CCFF97001C19531310132A83
:10F67000410000D0804A40F97302162A7302172A0B
:10F6800021002491220080527ACBFF971F10007135
:10F69000200300541F200071200300541F08007134
:10F6A0004100005473021732804A40F9410000D0F3
:10F6B00022008052214424916ECBFF971F100071CD
:10F6C000200200541F200071200200541F08007106
:10F6D0004100005473021432B30E00B9000080528E
:10F6E000F35341A9F55B42A9F71B40F9FD7BC4A880
:10F6F000C0035FD673021632ECFFFF17730212329B
:10F70000EAFFFF1773021332F4FFFF17730211327F
:10F71000F2FFFF17FD7BBEA9FD030091F30B00F97B
:10F72000F30300AA8FC6FF97E10300AA604A40F9DD
:10F73000A000F8B7E00313AAF30B40F9FD7BC2A8C1
:10F740009DFFFF17F30B40F900008052FD7BC2A81C
:10F75000C0035FD6FD7BBEA9FD030091F35301A951
:10F76000F403012A85C6FF97F30300AA000440F9B9
:10F7700084020094600640F9E103142AB002009468
:10F780006086423960000036600640F983020094CA
:10F79000600640F975020094F35341A900008052BD
:10F7A000FD7BC2A8C0035FD622084039E2010036C3
:10F7B00022204039620000342228403922030036DA
:10F7C000226040396200003422684039A2020036CB
:10F7D000222840B9220200342384403963000012F9
:10F7E000020080520900001422284039A20100378B
:10F7F0002268403962010037228440390300805278
:10F80000E203222A420000124200032A02010034CD
:10F81000C30000341706001423008052F1FFFF17C5
:10F8200003008052EFFFFF172F06001400008052E4
:10F83000C0035FD6FD7BBFA9FD0300914FC6FF97B4
:10F84000003C40F9A00000B4FD7BC1A8010840B90C
:10F85000000040F91A0F001400008052FD7BC1A87F
:10F86000C0035FD6FD7BBAA9222080D2E213C0F28A
:10F87000FD030091FF7F02A9E21300F9E20300B249
:10F88000FF7F04A9E22300F962008052FF7F05A9EF
:10F89000F30B00F9F30300AAFF7F03A9E24B00B9C1
:10F8A000E12B00F9E18300912203009480000035F0
:10F8B000E1830091E00313AA34030094F30B40F9B1
:10F8C000FD7BC6A8C0035FD6FD7BBEA9FD030091EA
:10F8D000F35301A9F403012A28C6FF97F30300AAF2
:10F8E000010040B9000440F9E203142A40020094E8
:10F8F000600640F9E203142A610240B963125129FB
:10F90000651A5229F35341A9FD7BC2A87202001463
:10F91000FD7BB9A9FD030091F35301A9F403012A6A
:10F92000F55B02A9F60300AAF76303A9F96B04A922
:10F93000FB2B00F911C6FF97F30300AA000440B99E
:10F94000740000341F00146B42000054F403002ABA
:10F95000600640F90B020094607640B98001F837E8
:10F96000E103142AE00316AAD8FFFF97600640F9C6
:10F9700021008052627640B90E020094600640F980
:10F9800015008052F90100941B000014606E40B90C
:10F990001F00146B00040054E00316AAF7C5FF977C
:10F9A000F80300AA01488852E00316AAE101A072F8
:10F9B000FF7F0D29190740F9C4FFFF97020080520D
:10F9C00021008052E00319AAFA010094E00319AA69
:10F9D000E6010094E1A30191E00318AAA2FFFF97BA
:10F9E000F503002AA0020034400000D000F8249162
:10F9F0008195FF97F35341A9E003152AF55B42A9CE
:10FA0000F76343A9F96B44A9FB2B40F9FD7BC7A819
:10FA1000C0035FD6606640B91F00146BE1FBFF5462
:10FA2000756A40B9E00316AA24FEFF97BF02006B77
:10FA300041FBFF54D2FFFF171B008012FA031B2A61
:10FA400017008052E103142AE00316AA9FFFFF97D4
:10FA5000E00319AACB010094E203172A2100805287
:10FA6000E00319AAD3010094E00319AABF0100948E
:10FA7000E1B30191E00318AA7BFFFF97F503002A89
:10FA800040FBFF35E1034D295F070031C101005400
:10FA90003F00006B7B03971AFA029A1AF7060011CF
:10FAA000FF42007161FDFF545F07003121010054E6
:10FAB000400000D095008012007425914E95FF976C
:10FAC000CDFFFF173F00006B00020054FB06005102
:10FAD000E00319AA5A031B0BAA01009442008052AA
:10FAE000E00319AA21008052420FC21AB10100940A
:10FAF000146700B9E00316AAF0FDFF97006B00B988
:10FB0000746E00B99EFFFF17FB03172AE4FFFF176F
:10FB100000008052C0035FD6FD7BBDA9FD030091AC
:10FB2000F35301A9F30301AAF55B02A9F50300AAA7
:10FB3000000040F9001840F990C5FF97F40300AAAF
:10FB4000160440F9A00240F9DCFDFF97E103002A0A
:10FB500082824239E00316AACA010094602640B9A5
:10FB60001F0400716022403921020054611A40F9DB
:10FB7000E10100B400040034602A40B91F20007184
:10FB800068000054809A40B960030036E10313AA6C
:10FB9000E00314AA0B03009460050034F35341A959
:10FBA000F55B42A9FD7BC3A8C0035FD68003003488
:10FBB000601A40F9400300B4602A40B91F20007168
:10FBC00068000054809A40B9A0020036E10313AAED
:10FBD000E00314AAD903009420FEFF35F55B42A987
:10FBE000E10313AAE00314AAF35341A9FD7BC3A8C0
:10FBF00011040014E10313AAE00314AA4D020094B7
:10FC0000E0FCFF35F55B42A9E10313AAE00314AA67
:10FC1000F35341A9FD7BC3A85C020014E10313AABE
:10FC2000E00314AAA6020094A0FBFF35F55B42A9ED
:10FC3000E10313AAE00314AAF35341A9FD7BC3A86F
:10FC4000A0020014808A4239E10313AAC0000036E2
:10FC5000F55B42A9E00314AAF35341A9FD7BC3A8B5
:10FC6000ACFFFF17F55B42A9E00314AAF35341A9C7
:10FC7000FD7BC3A80D03001400008052C0035FD6B3
:10FC800000008052C0035FD6FD7BBAA9FD0300913E
:10FC9000F35301A9F51300F9F50300AA2EC5FF9748
:10FCA000F40300AAE00315AA34C5FF97F30300AAE2
:10FCB000800640F9600600F9800A40F9600A00F900
:10FCC00080524139608A023980624039608202394B
:10FCD000801E40B9601A00B9802240B9601E00B988
:10FCE000802640B9602200B9803640B9607600B9FC
:10FCF000801640F9601600F9800240B9600600B92C
:10FD0000803A40B9608200B9803E40B9608600B94F
:10FD1000804240B9608A00B9804640B9608E00B91F
:10FD2000804A40B9609200B9804E40B9609600B9EF
:10FD3000805240B9609A00B9600240B900010035B4
:10FD4000E2E30091E00315AA01008052E6BEFF97AE
:10FD5000200400347081FF97600200B9E00315AA07
:10FD6000400E0094603E00F9400000B4C10D0094C4
:10FD7000606240B9A0000035E00313AA810100943D
:10FD800020008052606200B9610240B9E03F99D220
:10FD90004073A7F22000008B0008C19A41068052F0
:10FDA000007C011B410000D0607200B92104269143
:10FDB000E00315AA2CC5FF9740010036E00315AA01
:10FDC000AEFFFF97F35341A9F51340F9FD7BC6A899
:10FDD000C0035FD6E0E30091DDBEFF97DFFFFF17B2
:10FDE000E00315AAA7FFFF97F7FFFF17FD7BBFA949
:10FDF000FD030091019040B9400A40F943ABFF97E1
:10FE00001F00007100A09F5AFD7BC1A8007C409399
:10FE1000C0035FD6FD7BBDA9FD030091F35301A98B
:10FE2000F40300AAF51300F9CBC4FF97F30300AA6B
:10FE3000E00314AAD1C4FF97F50300AA0100805281
:10FE4000E00314AA72C5FF97600600F962A2009150
:10FE500021008052E00314AA59C5FF97600A00F9F7
:10FE6000410000D021482691804A40F936CAFF97C8
:10FE70006062003902108052410000D0804A40F98F
:10FE8000219426917BC9FF97601E00B982008052A1
:10FE9000410000D0804A40F921D4269175C9FF97CE
:10FEA000602200B902008052410000D0804A40F92F
:10FEB000211427916FC9FF97602600B9611640F998
:10FEC000E05B40B23F0000EB69000054200080522C
:10FED000A0860239804A40F9410000D0216827916C
:10FEE00019CAFF9760520139E00314AAC0FFFF97B7
:10FEF000F50300AA2001F8B6400000D00098279131
:10FF0000D8B8FF9740028012F35341A9F51340F986
:10FF1000FD7BC3A8C0035FD602249452410000D0E9
:10FF2000E200A072214C219152C9FF97600200B9F2
:10FF300002208052E00315AA410000D021542891EC
:10FF40004CC9FF97603A00B902028052E00315AA3B
:10FF5000410000D0217C289146C9FF97603E00B93E
:10FF600002198052E00315AA410000D021A828916F
:10FF700040C9FF97604200B9E21F8052E00315AA12
:10FF8000410000D021E028913AC9FF97604600B9AE
:10FF900082028052E00315AA410000D02118299165
:10FFA00034C9FF97604A00B982028052E00315AA63
:10FFB000410000D0215029912EC9FF97604E00B911
:10FFC000410000D02188299102008012E00315AA87
:10FFD00031C9FF97603600B9E00314AA96C4FF97B1
:10FFE000000440B9605200B900008052C7FFFF17FB
:10FFF00002604039211C00122201003403644039A0
:02000004FFE219
:10000000E3000034000180520008C31A007C021B88
:1000100041000036007C0153C0035FD600008052CF
:10002000FEFFFF17FD7BBDA9FD030091F35301A95E
:10003000130080D2F55B02A9F50300AA000080D26C
:10004000B8B3FF97F40300AAF67082D2E00314AAB3
:10005000B4B3FF971F0016EB49010054017182D21F
:10006000400000B000682A917EB8FF9700008052DF
:10007000F35341A9F55B42A9FD7BC3A8C0035FD63A
:100080004B97FF97A00240B9BF3F03D5C000F83699
:10009000730600917F0E00F1A1FDFF5420008052F5
:1000A000F4FFFF17130080D2E9FFFF17421C105323
:1000B000211C14532100022A001C18532000002A7E
:1000C000C0035FD6E20300AA20084039E0010036F1
:1000D000202040396000003420284039600100367B
:1000E000202840B96001003420844039000000120B
:1000F00040980239200440391F200071E900005463
:1001000060418012C0035FD600008052F9FFFF17E4
:1001100020008052F7FFFF17230000D063A0159145
:100120006078E07800FFFF37408C023920244039A6
:100130001F20007168FEFF546078E07840FEFF37B2
:1001400040900239208040391F200071A8FDFF54E3
:100150006078E07880FDFF374094023900008052DB
:10016000E9FFFF17C0035FD6010040B9BF3F03D5C9
:1001700021000032BF3F03D5010000B9C0035FD6A4
:10018000010040B9BF3F03D521781F12BF3F03D5FF
:10019000010000B9C0035FD6010040B9BF3F03D5DD
:1001A00021001932BF3F03D5010000B9C0035FD65B
:1001B000FD7BBFA9E503012AFD030091F1FFFF9735
:1001C000031040B9BF3F03D561000032BF0000718A
:1001D00063781F126300811A430C1F33BF3F03D59E
:1001E000FD7BC1A8031000B9E0FFFF17FD7BBFA98D
:1001F000E303012AFD030091E2FFFF97050040B9E8
:10020000BF3F03D56304005146781F536104020BBE
:10021000E2018052A56C09122108C61A210400517E
:100220003F3C00712190821AA14C012ABF3F03D5A7
:10023000FD7BC1A8010000B9CCFFFF17FD7BBFA962
:10024000E30300AAE203012AFD030091CDFFFF971B
:10025000000040B9BF3F03D500741D1242000836AC
:1002600000001F3242001E534200002ABF3F03D548
:10027000FD7BC1A8620000B9E00303AABBFFFF1722
:10028000FD7BBFA9E503012AE40300AAFD03009159
:10029000BCFFFF97030040B9BF3F03D50201003404
:1002A00062001732A20C1633BF3F03D5FD7BC1A8F5
:1002B000820000B9E00304AAACFFFF1720008052BF
:1002C000627816120020C51AE003202A050C0012DD
:1002D000F5FFFF17FD7BBFA9E903012AE83F99520B
:1002E000FD0300914873A772E70300AAA5FFFF97DB
:1002F0002001080B4800080B0008C91A0209C21A9D
:100300000100020B3F00036B480000546300014BE7
:100310002104000B3F00056B48000054A500014B71
:100320007F00026B010400516320821AA500010BBB
:100330006300010BC604005181040051C600000B8C
:10034000A508C01A2100000BC608C01A2108C01A4F
:10035000A51C18536308C01AC61C0012211C105398
:100360002100062AA360032A2100032ABF3F03D5E8
:10037000FD7BC1A8E10C00B9E00307AA7BFFFF17D2
:10038000FD7BBFA9E20300AAFD030091000440F930
:100390007CFFFF97400440F9011440B9BF3F03D5EB
:1003A000400C502921340A12633C10536010002A7B
:1003B0000000012ABF3F03D5410440F9201400B9D1
:1003C000BF3F03D5400440F91F2400B9401840B98D
:1003D000007C0153BF3F03D5410440F9201800B908
:1003E000BF3F03D5400440F91F4400B9FD7BC1A8BD
:1003F000400440F95DFFFF17FD7BBEA9FD0300919E
:10040000F35301A9F30300AABF3F03D5019000B93C
:1004100021000032BF3F03D5F4E18452019000B9BE
:10042000609240B9BF3F03D5E0010836200080D27A
:1004300094060051F6B2FF975D96FF979F06003134
:1004400001FFFF54400000B0002C2B9185B7FF97AF
:1004500008000014BF3F03D5000080527F9200B90E
:1004600005000014E00313AAEFFEFF9740FFFF35DD
:1004700080008012F35341A9FD7BC2A8C0035FD660
:10048000230040397F080071E1010054030440F962
:100490002110403964E040B9BF3F03D5E31F8052CB
:1004A0002120C21A6320C21A8300230A2100032AD2
:1004B000BF3F03D5000440F901E000B900008052BD
:1004C000C0035FD6A0028012FEFFFF17040440F9AC
:1004D000E60300AA631C0012850040B9BF3F03D5A4
:1004E000A3010036FD7BBFA9FD030091E5FFFF9747
:1004F000E00000350020A852A500002ABF3F03D528
:10050000C00440F9050000B900008052FD7BC1A87D
:10051000C0035FD60020A812A500000ABF3F03D584
:10052000C00440F9050000B900008052C0035FD646
:10053000FD7BBFA9E70300AAFD030091E2FEFF9740
:10054000E303002AC0010035E3984239E00307AA1B
:1005500002008052DEFFFF97E303002A000100350E
:10056000E2944239E1904239E08C4239D0FEFF9763
:10057000BF3F03D5E10440F9200400B9E003032A9A
:10058000FD7BC1A8C0035FD6FD7BBCA9E40301AA23
:10059000E60300AAFD030091F35301A9F55B02A94C
:1005A000341840F92314403922104039362840B914
:1005B00001984239130440F9200000724200831A66
:1005C0005FF00171810000541F00007180018052B2
:1005D0004210801A451C0853E00304AAE53F00B905
:1005E00084FEFF971F7C0071680600546000003491
:1005F000A11C002AE13F00B9C1060051E03F40B90B
:1006000021080C532100002A8020403921000932A2
:10061000E13F00B980010034810840F9BF3F03D5B4
:10062000C00440F9019400B9E13F40B9802040394D
:1006300000040051000410530000012A00000D3294
:10064000E03F00B9E13F40B9E00313AA6BFFFF9719
:10065000F503002A6002003560A240B9BF3F03D510
:10066000DF12007182008052E1F30091C292821A7F
:10067000E03F00B9E00314AADFB1FF97DF12007179
:100680000901005460A640B9BF3F03D5C212005112
:10069000E1F30091E03F00B980120091D6B1FF97DD
:1006A000F35341A9E003152AF55B42A9FD7BC4A8D9
:1006B000C0035FD675418012FAFFFF179DFFFF1739
:1006C000FD7BBCA9E20300AAE00301AAFD0300919F
:1006D000F35301A9F55B02A943984239361840F952
:1006E000331040397F0040F2342840B9211440399A
:1006F000550440F97302811A01204039731E0853D2
:1007000041010034030840F9BF3F03D5410440F9DB
:10071000239400B9012040392104005121041053D1
:100720003300132A73020D324198423931FEFF978C
:100730001F7C00712804005440000034731E002AFE
:10074000F40200349F12007180060051E10316AAE2
:1007500082008052000814538292821A1300132AD6
:10076000E0F30091A4B1FF9773021132E03F40B96A
:10077000BF3F03D5A0AA00B99F1200710901005420
:1007800082120051C1120091E0F300919AB1FF97DB
:10079000E03F40B9BF3F03D5A0AE00B9E103132A43
:1007A000E00315AA15FFFF97F35341A9F55B42A992
:1007B000FD7BC4A8C0035FD6C00B8012FBFFFF17F0
:1007C000FD7BBFA9E70300AAFD0300912960403922
:1007D0003DFEFF97E403002AA0050035E398423967
:1007E000E80301AAE00307AA0203805238FFFF973B
:1007F000E403002AC0040035E12040B9BF3F03D51F
:10080000E00440F9011C00B9E09842396004003668
:1008100005154039E1904239E2944239E08C423981
:1008200023FEFF97A500002A010940F9BF3F03D529
:10083000E00440F9016800B909010034E198423947
:10084000E00308AAEBFDFF971F7C0071A80200548B
:1008500040000034A560002ABF3F03D5E00440F902
:10086000050400B9E00440F9011440B9BF3F03D5C5
:1008700000214039216C1C12000400510000012AA3
:10088000BF3F03D5E10440F9201400B9E003042A76
:10089000FD7BC1A8C0035FD605114039DEFFFF17FD
:1008A00064418012FAFFFF17FD7BBCA9FD03009194
:1008B000F35301A9F30300AA20008052F55B02A9BB
:1008C000F76303A9380840F9351840F9362840B9CC
:1008D00025FEFF9760864239C0050036611640F953
:1008E0000043368BF703162A1F0001EB2205005444
:1008F000740A40F99402188B770000B49F0A40F202
:10090000E1010054E483FF9780030035000080D2AA
:10091000FF0200EB61030054600640F9C2FDFF973F
:10092000200D003580008012F35341A9F55B42A9E8
:10093000F76343A9FD7BC4A8C0035FD68016403887
:10094000F70600D1A0160038ECFFFF17816A60F8A7
:10095000A16A20F800200091E10200CB3F1C00F1C9
:1009600068FFFF54E0F27D92F70A40929402008BF8
:10097000B502008BE6FFFF17000080D2F7FFFF17DC
:10098000816A6038A16A203800040091E1FFFF17F6
:10099000BF3F03D5600640F9166C00B9BF3F03D5D1
:1009A000600640F921008052016000B9160200354E
:1009B000750640F9000080D25AB1FF97F40300AAEF
:1009C000A06240B9BF3F03D520092837E00314AA2D
:1009D00054B1FF971F2800F128080054200080D24E
:1009E0008BB1FF97F294FF97F6FFFF1717E284523F
:1009F000600640F9142C40B9BF3F03D5943E007205
:100A000001020054200080D281B1FF97E894FF9743
:100A1000F7060071E1FEFF54400000B000C82B91C2
:100A2000A10D80120FB6FF97BF3F03D5600640F9B6
:100A300041008052016000B9A00D8012BBFFFF177A
:100A4000601E40B9620A40F9807E001B1F00166BD1
:100A50000090961AA10640F2610000541F0440F273
:100A600040020054E303002A010080D23F0003EB60
:100A700041010054B542208BD602004B600640F97C
:100A8000142C40B9BF3F03D5943E0012C894FF9781
:100A900094FDFF35C6FFFF1744004039A46A213892
:100AA00021040091F2FFFF17037C02533F0003EB88
:100AB00020FEFF54440040B9A47A21B821040091DB
:100AC000FBFFFF170000805298FFFF17400000B0A7
:100AD000A10D801200442C91D3FFFF17400000B0FD
:100AE000A10D801200F02C91CFFFFF17BF3F03D55F
:100AF000600640F901048052016000B9000080D214
:100B0000750640F907B1FF97F40300AAA06240B947
:100B1000BF3F03D520F02F36E00314AA01B1FF97A1
:100B20001F2800F148FDFF54200080D238B1FF9704
:100B30009F94FF97F6FFFF17FD7BBFA9E70300AA6D
:100B4000FD03009160FDFF97E303002AA006003536
:100B5000E3984239E80301AAE00307AA020280529F
:100B60005BFEFF97E303002AC0050035E12040B992
:100B7000BF3F03D5E00440F9011C00B9E0984239B9
:100B80006005003602154039E1904239E09442395F
:100B9000214C14532040002A0000022ABF3F03D5F5
:100BA000E10440F9200800B9E2944239E190423969
:100BB000E08C42393EFDFF97BF3F03D5E10440F989
:100BC000200400B9010940F9BF3F03D5E00440F912
:100BD000017800B9E098423900010036E00440F99C
:100BE000003840B9BF3F03D500001232BF3F03D5E4
:100BF000E10440F9203800B9E00440F9011440B99B
:100C0000BF3F03D500214039216C1C120004005164
:100C10000000012ABF3F03D5E10440F9201400B9C8
:100C2000E003032AFD7BC1A8C0035FD6021140394F
:100C3000D6FFFF17FD7BBAA9FD030091F35301A96D
:100C4000F30300AA20008052F55B02A9F76303A911
:100C5000F96B04A9FB2B00F9360840F9341840F968
:100C6000372840B940FDFF97609A4239F503172AAB
:100C7000400600376086423900060036611640F9AA
:100C8000C07E4092B642368BDF0201EB6205005413
:100C9000760A40F9D602008B750000B4DF0A40F2F4
:100CA00021020054FC82FF97C0030035000080D26F
:100CB000BF0200EBA1030054600640F9DAFCFF9785
:100CC000600E003580008012F35341A9F55B42A904
:100CD000F76343A9F96B44A9FB2B40F9FD7BC6A838
:100CE000C0035FD680164038B50600D1C016003864
:100CF000EAFFFF17816A60F8C16A20F800200091BE
:100D0000A10200CB3F1C00F168FFFF54A0F27D92CE
:100D1000B50A40929402008BD602008BE4FFFF17C5
:100D2000000080D2F7FFFF17816A6038C16A20385F
:100D300000040091DFFFFF17798240B99F0640F25F
:100D4000C0040054E00315AA9891FF97F60300AA87
:100D5000200A00B4E10314AAF40316AAE20315AAB8
:100D600025B0FF97BF3F03D5600640F9177C00B957
:100D7000BF3F03D5600640F921008052FAFF9F5221
:100D8000017000B9017D80D2607240B9009C0F9162
:100D90000008C19A9EB0FF9757020035750640F9CA
:100DA000000080D25FB0FF97F40300AAA07240B9A0
:100DB000BF3F03D5600A2837E00314AA59B0FF9754
:100DC0001F2800F168090054200080D290B0FF97DE
:100DD000F793FF97F6FFFF17160080D2E2FFFF1789
:100DE0003F03176B000080D23593971A620A40F9CF
:100DF000A17E02531F0001EB61020054A2060072A3
:100E0000A10200547B0640F9000080D245B0FF9754
:100E1000F80300AA602F40B9BF3F03D51F001A6B2B
:100E2000E9020054E00318AA3EB0FF971F2800F122
:100E300068030054200080D275B0FF97DC93FF97C1
:100E4000F5FFFF17837A60B800040091430000B9F2
:100E5000E9FFFF17630A40F9A1767E928102018BB8
:100E6000000080D2246860380004009164000039DA
:100E70005F00006B81FFFF54E3FFFF179442358B47
:100E8000F702154BCA93FF97C4FFFF17000080526B
:100E90008EFFFF17600180128CFFFF17400000B02B
:100EA00000C82B91A10D8012EEB4FF97BF3F03D570
:100EB000600640F941008052017000B9760000B42C
:100EC000E00316AAB090FF97A00D80127FFFFF17D6
:100ED000400000B0A10D801200842D91F3FFFF1798
:100EE000D6EEFFB4E00316AAA790FF9773FFFF1793
:100EF000400000B0A10D801200342E91EBFFFF17CF
:100F0000BF3F03D5600640F901048052017000B96B
:100F1000000080D2750640F902B0FF97F40300AAE2
:100F2000A07240B9BF3F03D5C0FD2F36E00314AA1D
:100F3000FCAFFF971F2800F1C8FCFF54200080D2AF
:100F400033B0FF979A93FF97F6FFFF17211C00120B
:100F5000421C00123F100071E0020054E8000054EF
:100F60003F040071600300543F08007140010054C9
:100F700060418012C0035FD63F200071A1FFFF5483
:100F8000420200371F0071F260418012E013801AA4
:100F9000F9FFFF17C2000037010096521F00016AD7
:100FA00060418012E013801AF3FFFF1701C08852DE
:100FB000FBFFFF176200003701009452F8FFFF1794
:100FC00001808852F6FFFF171F0072F2EFFFFF1734
:100FD00000008052E8FFFF17FD7BBFA9E30301AAD1
:100FE00022008052FD03009121044039040C40B9D5
:100FF000E003042AD6FFFF97400300356020403904
:10100000C000003461244039E003042A22008052E9
:10101000CFFFFF976002003560604039C0000034A8
:1010200061644039E003042A22008052C8FFFF9720
:1010300080010035602440B980010034618040396E
:101040001F080071E2179F1AE003042AC0FFFF97F0
:101050001F000071E0179F1AFD7BC1A8C0035FD677
:1010600000008052FDFFFF1720008052FBFFFF179A
:10107000220040F923E09FD24200038A5F0420F15E
:10108000E002005422204039A2000034220440F93A
:101090004200038A5F0420F120020054226040399C
:1010A000C2000034220C40F923E09FD24200038AA0
:1010B0005F0420F140010054222440B95F04007114
:1010C000C9000054228040395F2000716100005443
:1010D000222840B942000037C0FFFF1700008052AD
:1010E000C0035FD623084039630100372328403905
:1010F0002301003723684039E30000372384403957
:10110000A3000037220040395F0400714100005401
:10111000B2FFFF1700008052C0035FD6040040F901
:10112000E20300AAE30301AA841840F9840040F90D
:10113000843440F9841040F9A40000B4840440F9D8
:10114000640000B4F00304AA00021FD6E10303AA5E
:10115000E00302AAE4FFFF17FD7BBBA9FD0300919A
:10116000F35301A9F40301AAF55B02A9F50300AA50
:10117000F76303A9F92300F9020040F9421840F986
:10118000420040F9563440F9E5FFFF97A00B0036C6
:10119000E00315AA43F8FF97F303002A0002F8378B
:1011A000C01240F9C00200B4020840F9820200B443
:1011B000E10314AAE00315AA40003FD6F303002A76
:1011C000A00000341F300831C00B80126412407A36
:1011D00060010054E00315AA34F8FF97BF030091A3
:1011E000E003132AF35341A9F55B42A9F76343A92E
:1011F000F92340F9FD7BC5A8C0035FD6802A40B91A
:1012000060070034802640B9961A40F91F04007127
:1012100000070054F70316AA160080D28322403933
:1012200093024039826240397302030B7302020B4E
:10123000603E009100187C92FF6320CB800A4079C9
:10124000F9030091E0030039830500346004005184
:10125000E4070091860A40F900701D53010080D216
:10126000C524C09A856821382104009100200051CE
:101270007F00016B6CFFFF5463040011A200003477
:10128000421C40922003038BE11F8052C0AEFF97A7
:10129000D80217AA640080521F0300F161721D5327
:1012A00084049F1AE20319AA84044092E00315AA59
:1012B000030080D2FFF7FF97F303002A00F9FF3500
:1012C000B8F8FFB4812A40B9E30316AAE20317AACB
:1012D000E00315AA440080D221701D53F5F7FF9753
:1012E000A0F7FF34F303002ABDFFFF17160080D2DA
:1012F000170080D2CAFFFF17230080D2E0FFFF173C
:1013000073418012B6FFFF17030040F9E40300AAFF
:10131000E20301AA631840F9630040F9633440F91D
:10132000631040F9E30000B4650040F9650000B4C3
:10133000F00305AA00021FD6600840F9C00200B5FC
:101340004020403943004039811840B96300000B08
:10135000406040396300000BA10000343F00036B84
:1013600062000054A0028012C0035FD6409444295A
:101370001F04007141010054801440B98000003402
:101380001F00056B0090851A402800B9402840B91D
:10139000A0FEFF3400008052F4FFFF1781FFFF34EE
:1013A0002100034B3F00056B2190851A412800B9AD
:1013B000F7FFFF17050040F9A53440F9A50040F9F3
:1013C000650000B4F00305AA00021FD6A004801235
:1013D000C0035FD6E00301AAE103022AE20303AAE5
:1013E000E30304AA3E95FF17FD7BBEA9FD03009110
:1013F000F30B00F9F30301AA60BFFF97010040F966
:10140000610200F9000440F9600600F90000805212
:10141000F30B40F9FD7BC2A8C0035FD6FD7BBEA9DC
:10142000FD030091F35301A9F40300AA4ABFFF97FB
:1014300001008052F30300AAE00314AAAFBFFF9794
:101440001F0400B1C0000054600200F90000805287
:10145000F35341A9FD7BC2A8C0035FD6A00280124E
:10146000FCFFFF17FD7BBDA9FD030091F35301A90C
:10147000F30300AAF51300F940BFFF971540009150
:10148000F40300AAE10315AAE00313AA5708009485
:1014900040020034E303002A4000009000282F910E
:1014A000330100B4610A40A9210040F96DB3FF97F0
:1014B00040028012F35341A9F51340F9FD7BC3A804
:1014C000C0035FD64200009041000090424012915C
:1014D000216C1291F6FFFF17E00315AAE5070094AF
:1014E000E00313AAFD00009460FEFF34400000906A
:1014F00000982F91C08EFF97800A40F9A10A40B949
:10150000EF070094EBFFFF17FD7BBCA9FD030091E3
:10151000F35301A9F40300AA130080D2F55B02A9DA
:101520001600A8D2F71B00F9178046A9813A40F9A6
:101530003F0013EBE8000054401240F91F0013EB8A
:101540000004005440000090005831910A0000143B
:101550001F0016EB0190969A1F1C00F10801005421
:101560004000009000E82F91A38EFF97400000906C
:1015700000B43091A08EFF974FADFF97000180D24D
:10158000F50300AA00F87FD31F0001EBA9FFFF5469
:10159000E10315AA6002178B0293FF97BF0200EBCD
:1015A000800000544000009000F83091F2FFFF17D7
:1015B000803A40F97302158B000013CBDCFFFF1754
:1015C000F35341A9F55B42A9F71B40F9FD7BC4A881
:1015D000C0035FD6013840F9C10300B4023440F9BA
:1015E00042004491BF3F03D5044280D2439C60D364
:1015F0004400BFF2E10304AA224400B8BF3F03D570
:10160000830400B9BF3F03D5227C00B9BF3F03D597
:10161000238000B9028046A94000008B000400D15D
:10162000BF3F03D5029C60D3200400B9BF3F03D560
:10163000220800B9BF3F03D5208400B9BF3F03D5BE
:10164000228800B9BF3F03D52020805220001FB858
:10165000C0035FD6FD7BBFA9FD030091BEBEFF970F
:10166000020C40B94100009040000090219C339151
:101670005F00007100AC3391FD7BC1A80010819A1E
:10168000C0035FD6FD7BBFA9FD030091B2BEFF97EB
:10169000000C40B9FD7BC1A81F000071E0179F1A24
:1016A000C0035FD6FD7BBEA9FD030091F30B00F9DB
:1016B0005E7BFF97132042B95C7BFF977302023277
:1016C000132002B9F30B40F9FD7BC2A8C0035FD61B
:1016D000FD7BBFA9FD030091547BFF97002042B919
:1016E000BF3F03D500785ED3FD7BC1A8C0035FD6A2
:1016F00040000036ECFFFF17FD7BBEA9FD03009103
:10170000F30B00F9497BFF97132042B9477BFF9702
:10171000737A0112132002B9F30B40F9FD7BC2A8C2
:10172000C0035FD6FD7BBBA9FD030091F35301A964
:10173000F40301AAF30302AAF51300F986BEFF978A
:10174000F50300AA00C29ED2E1E30091A2008052FC
:1017500060FCBFF2A27EFF97E03B40B900000012A0
:10176000A0220039E14340B921000012A10E00B9C6
:10177000A1020035E13F40B921020036600000D0EF
:10178000007842F9801200F920008052C10008362A
:10179000610000D000040011001C0012217C42F9FD
:1017A000812E00F980020039F35341A900008052D4
:1017B000F51340F9FD7BC5A8C0035FD60000805239
:1017C000F3FFFF17E44740B9620000D042C0129116
:1017D000010080D2000080528324C19AE3000036C9
:1017E000031C7CD30004001163400091001C001214
:1017F000457861F8656A23F8210400913F2000F1E3
:10180000C1FEFF5460020039001C61D3600600F97C
:10181000E04B40B91F000071E0079F1A600A0039D1
:10182000E2FFFF17FD7BBFA9FD0300914ABEFF97B2
:1018300001204039000A88D24000BFF24102003640
:10184000010040B921001B32010000B900048052A0
:10185000010B88D24100BFF2210040B9BF3F03D540
:101860000000010A2100A0D22100C0F22024C09A69
:101870001F0040F2A0028012FD7BC1A800009F1A49
:10188000C0035FD6010040B921001C32010000B93D
:1018900000028052EFFFFF17FD7BBFA9FD030091FF
:1018A000E27AFF97002042B9BF3F03D500745DD3B1
:1018B000FD7BC1A8C0035FD6FD7BBFA9FD030091DE
:1018C000DA7AFF97002042B9BF3F03D5007C1F534F
:1018D000FD7BC1A8C0035FD6FD7BB2A9FD030091CB
:1018E000F35301A9F55B02A9F50300AAF76303A965
:1018F000F96B04A9FB7305A917BEFF97E00315AAAE
:101900001EBEFF97F90300AA001380D2A78EFF978F
:10191000F40300AA001280D2A48EFF97F60300AA57
:10192000020F80D201008052E0A3019118ADFF9711
:10193000BE7AFF97180042B9BF3F03D5E20316AA4B
:10194000E10314AAE00315AA77FFFF9720020034F1
:10195000F303002A4000009000BC339141B2FF978E
:10196000E00314AA088EFF97E00316AA068EFF97DD
:10197000F55B42A9E003132AF35341A9F76343A996
:10198000F96B44A9FB7345A9FD7BCEA8C0035FD6C4
:1019900050FFFF971A1C0012E00315AA2EFFFF97B5
:1019A000E10300AA40000090005034912DB2FF974F
:1019B0003DFFFF97E00315AA9BFFFF97F303002A63
:1019C00000010034E00315AA23FFFF97E10300AAFA
:1019D0004000009000D0349122B2FF97E1FFFF1742
:1019E000927AFF971C989AD217D00291000080D269
:1019F0004CADFF97FB0300AA3C00A0F2E00240B907
:101A0000BF3F03D5C01D4037E0031BAA45ADFF977C
:101A10001F001CEB481C0054200080D27CADFF97B7
:101A2000E390FF97F6FFFF179F420239E00314AAE5
:101A3000180200944000009000B0359109B2FF9761
:101A4000E00314AAB7010094E00314AA8C020094E6
:101A5000F303002A80000034400000900018369103
:101A6000BFFFFF17E00314AAC2020094F303002A89
:101A7000C003003440000090008C3691B8FFFF177F
:101A8000004000911F200039D7000014C0064039E3
:101A9000001B00360140A8120240A8520D0000149D
:101AA000C3D2338B73060011640840F9802045B916
:101AB0000000010A0000022A802005B9630840F9ED
:101AC000602048B90000010A0000022A602008B91D
:101AD000C00240391F00136B4CFEFF5440000090C1
:101AE00000783891DFB1FF97400A40F9E5A30191F2
:101AF00044820091030080D202008052010080D213
:101B00001FABFF97F303002AE00315AAD3000034AC
:101B1000D1FEFF97E10300AA4000009000E0389159
:101B2000AEFFFF17D8FEFF97C0030037D70640F976
:101B3000401240F9FF0200EB20050054E00315AA13
:101B4000C5FEFF97421240F9E10300AA4000009051
:101B500000F4399142FC54D3C2B1FF97E1FE54D353
:101B60004000009000C43A91BEB1FF97401240F986
:101B7000FF0200EB42030054E00315AAB6FEFF97F4
:101B8000E10300AA4000009000583B91B5B1FF97D7
:101B90004000009000203C91B2B1FF97C6ABFF9788
:101BA000E00314AAAB020094F703002AA00000345B
:101BB0004000009000683991AAB1FF973A000014E4
:101BC00080464039970E40F940FB0736E00080D24E
:101BD000F77E009BF7FE43D3D6FFFF17E00315AA5D
:101BE000A9FEFF9740030036810640F940000090AF
:101BF000421240F900783C91177B5CD342FC54D3ED
:101C000098B1FF97E00315AA9FFEFF9700050036E5
:101C10008042403940070036E00314AAC60200940F
:101C2000400200364000009000B03C918DB1FF971B
:101C3000E1830191801180526AC1FF97E000003476
:101C40004000009000383D91D4FFFF174100009004
:101C500021AC3391E6FFFF17E03340F9010080D259
:101C600013080094CEFFFF170CFFFF971F1C007294
:101C7000400B407A81000054F7060051FF060071C6
:101C8000E9030054E00314AA29040094F703002A8E
:101C900060030034810640F94000009000D43D917B
:101CA00070B1FF97F303172A2EFFFF17C00A4039C0
:101CB00060020036F9FEFF97181C0012FFFEFF9726
:101CC000001C00121F0300710008407A400B407A8C
:101CD00081000054F7060051FF060071090100540D
:101CE000E00316AA3B050094F703002A80000034A5
:101CF0004000009000803E91B0FFFF17E0A30191EB
:101D000002FEFF97E00315AA5FFEFF97600300360F
:101D1000810640F94000009000303F9151B1FF979B
:101D2000E0A301912CFEFF97E00315AA56FEFF9752
:101D3000A0020036810640F94000009000903F91DB
:101D400048B1FF97E06B40F9200300F9401240F9D9
:101D5000200700F90000805266FEFF97E00315AAF5
:101D600049FEFF9760010036810640F9400000906F
:101D700000FC3F9119FFFF174100009021AC339107
:101D8000E5FFFF174100009021AC3391EBFFFF17F7
:101D90004100009021AC3391F5FFFF17E00315AA35
:101DA0002DFEFF97B30D8012E10300AA400000B0A2
:101DB000004000912BB1FF97EAFEFF17E00315AA40
:101DC00031FEFF9720E30737E00316AA530400947F
:101DD000BAFEFF97C0E50736C1024039E00316AAF4
:101DE000C152218B1F0001EBC1E4FF54DF06003913
:101DF00040000090000037911AB1FF97E00316AA47
:101E00006A040094C006403960E40737400000903F
:101E1000B30280120090379112B1FF97D1FEFF17E5
:101E2000FD7BB7A9FD030091F35301A9F55B02A95E
:101E3000F76303A9F96B04A9FB7305A9FB0300AAC7
:101E4000200040B9E08700B9200440B9E07300B930
:101E5000200840B9E06B00B9200C40B9E08B00B914
:101E6000E28F00B9386442293A584329375444294B
:101E7000342840B9631400B47F0000B960F31091B6
:101E80001C989AD2F30303AA3C00A0F2E03300F9B5
:101E9000000080D223ACFF97E03F00F9E03340F927
:101EA000000040B9BF3F03D520010034E03F40F9B6
:101EB0001CACFF971F001CEB88120054200080D23E
:101EC00053ACFF97BA8FFF97F5FFFF1700008052C2
:101ED000100000141F140071E10400547504003553
:101EE000C00080520B000014790000354000805281
:101EF00008000014BF3F03D5793704B9FCFFFF1772
:101F00007A000034BF3F03D57A3304B960008052B1
:101F10001F1000710CFEFF541F08007120FFFF54BA
:101F20001F0C0071000100541F040071E0FDFF54FC
:101F300078000034BF3F03D5783B04B920008052BD
:101F4000F4FFFF1776000034BF3F03D5762F04B9A6
:101F500077000035A0008052EEFFFF17BF3F03D58A
:101F6000772B04B9FCFFFF17BF3F03D5752704B9D2
:101F7000DCFFFF1774000034BF3F03D5742304B99E
:101F8000E18346A9E28740B9211C70D3001068D3D1
:101F90000000012AE18B40B9213C00122174022A81
:101FA0000000012ABF3F03D5603F04B916989AD2BA
:101FB000000080D275731191DAABFF97F40300AA89
:101FC0003600A0F2A00240B9BF3F03D52001003780
:101FD000E00314AAD3ABFF971F0016EB480200548E
:101FE000200080D20AACFF97718FFF97F6FFFF1792
:101FF00015008052605F44B9BF3F03D5600200B94D
:102000007501003514008052E08F40B99F02006BCB
:1020100041040054605F44B900781F12605F04B946
:1020200016000014B50D8012F3FFFF173400009066
:1020300094F22191E10314AA4000009000A80091BD
:1020400088B0FF97620240B9E10314AA40000090F3
:10205000000C0191421041D382B0FF97620240B957
:1020600040000090E10314AA00900191421C45D366
:102070007CB0FF97B50D8012F35341A9E003152AF8
:10208000F55B42A9F76343A9F96B44A9FB7345A922
:10209000FD7BC9A8C0035FD69F06007120010054D4
:1020A0009F0A007160010054D4010035605B44B99F
:1020B000BF3F03D5600600B994060011D3FFFF1798
:1020C000605744B9BF3F03D5600A00B9FBFFFF1753
:1020D000605344B9BF3F03D5600E00B9F7FFFF1747
:1020E00060CA348B2100009021F021911F0400B9B7
:1020F00040000090002802915AB0FF97EFFFFF17B1
:10210000B5028012DDFFFF17210000904000009013
:1021100021F021910094029152B0FF97D6FFFF1752
:10212000FD7BBEA9FD030091F35301A9F30300AAAF
:10213000001040F9140040B9BF3F03D5940A0012C3
:102140002100009040000090E203142A21402191D8
:102150000084039143B0FF97340100346182009101
:1021600003008052600240397F00006B0B01005475
:10217000F35341A9FD7BC2A8C0035FD64000009085
:102180000000049137B0FF974BAAFF97200040F959
:102190003F1000B9020042B9BF3F03D5200040F90B
:1021A000008042B9BF3F03D5447C1D53427058D3D1
:1021B000241400B9221C00B9027C1D53007058D3AE
:1021C000221800B9202000B984000034201040B942
:1021D00000040011201000B982000034201040B922
:1021E00000040011201000B96304001121E00091E7
:1021F000DDFFFF17FD7BBDA9FD030091F35301A98E
:1022000013001091000080D2F51300F945ABFF9741
:10221000F403002A154C9DD2E00314AA41ABFF97AA
:102220001F0015EB09010054E20313AA21000090DE
:1022300021D420914000009000BC049109B0FF9788
:102240001DAAFF97200080D271ABFF97D88EFF9711
:10225000610240B9BF3F03D5620240B9BF3F03D519
:1022600042001F12210000122000022A60FDFF34EC
:102270005F000071E0179F1A0000010AF35341A9A3
:1022800000040051F51340F9FD7BC3A8C0035FD6DD
:10229000FD7BB8A9FD030091F35301A9F30300AA44
:1022A000F55B02A9F76303A9F96B04A9FB2B00F9FD
:1022B0001F04003900404239A00200373500009069
:1022C0005700009076820091B5522091F712079145
:1022D0001400805238008052600240391F00146B95
:1022E0004C0A0054610000542000805260060039FE
:1022F000F35341A9F55B42A9F76343A9F96B44A9DC
:10230000FB2B40F9FD7BC8A8C0035FD6200080D21C
:10231000784A42394000C0F2E03B00F9800080D2A8
:10232000F5C301910001C0F2F4A30191E03F00F96F
:102330002000A0D24000E0F257008052E03700F9C0
:10234000A00240B91F03006AA0020054990240B9DC
:10235000000080D29A1384D21B989AD2F1AAFF97D8
:10236000F60300AA3AFABFF23B00A0F2400340B9DC
:10237000BF3F03D53F03206A20010054E00316AAA3
:10238000E8AAFF971F001BEB48040054200080D2EE
:102390001FABFF97868EFF97F5FFFF17A00640B98A
:1023A0001F03006AA0020054990240B9000080D2C5
:1023B0001A1484D21B989AD2DAAAFF97F60300AABD
:1023C0003AFABFF23B00A0F2400340B9BF3F03D549
:1023D0003F03206A20010054E00316AAD1AAFF9708
:1023E0001F001BEB68010054200080D208ABFF9750
:1023F0006F8EFF97F5FFFF17B522009194120091A1
:10240000FF060071C0F5FF5437008052CDFFFF1763
:1024100021000090400000902150209100A40591DF
:1024200090AFFF97A4A9FF97C08643F872FFFF976C
:10243000E303002A60010034807E4093010780D2CC
:10244000E203142A004C019BE10315AA1FA00039E6
:10245000400000900050069182AFFF97F2FFFF17F7
:10246000D8021D38E203142AE10315AAE00317AAD3
:10247000940600117BAFFF9798FFFF17FD7BBAA969
:10248000FD030091F35301A9F30300AA004280D297
:10249000F55B02A9768200910052C0F2F76303A9AE
:1024A000180000F018A30391F96B04A9FA630191D5
:1024B0005700009015008052F7CA0791770600F97F
:1024C000E02F00F9600240391F00156BEC04005446
:1024D000000080521F000014C00240F9417B79B80F
:1024E000236860B8BF3F03D5600640F97408001246
:1024F000E10317AAD3A9FF97837E409340010035DB
:10250000007B63F8600600F939070091C01240B9FA
:102510001F00196B28FEFF54B5060011D6E200918A
:10252000E9FFFF17017B63F8600640F93F0000EB0D
:10253000C0FEFF54E203152A2100009040000090E5
:1025400021A41F9100E8079146AFFF97A0028012D7
:10255000F35341A9F55B42A9F76343A9F96B44A979
:10256000FD7BC6A8C0035FD6190080D2E8FFFF1725
:10257000FD7BBDA904008052FD030091F35301A926
:10258000F30300AA804680D28056C0F2E5A30091F2
:10259000E01700F960220191140080D261024039F5
:1025A0003F00046B6C040054140500B5210000903A
:1025B0004000009021701E910074089129AFFF9790
:1025C000A0028012740E00F91700001402805DF85A
:1025D000A67861B8C26862B8BF3F03D5467C62D3B3
:1025E000427C65D3027821F8DF1C00F149000054D9
:1025F0006300028B2104009102805EB85F00016BD2
:1026000068FEFF5400E00091A30100B52100009096
:102610004000009021701E910074089111AFFF9747
:10262000A0028012F35341A9FD7BC3A8C0035FD66B
:10263000010080D2030080D2F0FFFF179402038BC9
:1026400084040011D6FFFF1700008052DEFFFF1741
:10265000FD7BBEA9014880D203800091FD0300915B
:10266000E76300910158C0F20600805202008052D8
:102670001F200079E10F00F9010040393F00026B93
:10268000AC0400540000805215000014610040F9B1
:10269000E57864B8A16861B8BF3F03D5280400722B
:1026A000212048D3E5079F1A8600003505400039F0
:1026B000480000340144003906404039DF00056B12
:1026C00020010054210000904000009021E41D9161
:1026D00000080991E3AEFF97A0028012FD7BC2A81B
:1026E000C0035FD68500003405444039BF00016B4C
:1026F000A1FEFF548404009126008052611040B96D
:102700003F00046B48FCFF544204001163E0009159
:10271000DAFFFF17040080D2F9FFFF17818186D20C
:102720001F3800712124C09A2100001220309F1A06
:10273000C0035FD6FD7BB7A9FD030091F76303A932
:1027400037000090F7061D91F35301A91400805241
:1027500013008052F55B02A9F50300AA16800091D0
:102760004000009000340A91F96B04A9FB7305A99D
:10277000E03F00F9A00240391F00136BEC01005448
:10278000D4000036210000904000009021041D91EB
:1027900000840E91B3AEFF97F55B42A9E003142AC3
:1027A000F35341A9F76343A9F96B44A9FB7345A906
:1027B000FD7BC9A8C0035FD6C00240F9180043B929
:1027C000BF3F03D5E03F40F91A3F0012193F001206
:1027D000E3031A2A187F1053E203132AE10317AA0E
:1027E000A0AEFF97B80200344000009000F00A91BC
:1027F0009CAEFF973C0000D0020000F09CE30591E6
:1028000042800B911B008052400040B90027C09AC3
:10281000C0000036410440F9E0031CAAE23700F989
:1028200090AEFF97E23740F97B07001142400091DC
:102830007F2B0071A1FEFF54F9010034C40240F95E
:1028400040000090005C0B91590000909B400C915F
:10285000030080525C000090E03700F9202B0C91BF
:10286000E03B00F95F03036B6D0000547F40007193
:102870008100005473060011D6E20091BEFFFF17DD
:10288000610340B9BF3F03D5650740B92614001264
:10289000F803012AE51B1129BF3F03D5E03740F9B2
:1028A000E203132AE10317AAE38700B96DAEFF978D
:1028B000E03B40F9E1031BAA7B23009169AEFF973F
:1028C0000163165380A70C9166AEFF970157115311
:1028D0004000009000FC0C9162AEFF9701430A5348
:1028E0004000009000640D915EAEFF9700270653F4
:1028F000420000908AFFFF9742F009911800007291
:102900004100009021AC0991191C00124100819AEC
:102910004000009000C40D9152AEFF97E51B512975
:102920004000009000100E91E103052A218006AAC4
:102930004CAEFF97E38740B91F0300713413941A1C
:1029400063040011C8FFFF17FD7BB2A9FD030091CE
:10295000F55B02A9F50300AA004C80D2F35301A94C
:10296000F30315AA005CC0F2F76303A9980080D2B4
:1029700014008052F96B04A919989AD27860C0F2B9
:102980003900A0F2FB7305A9E04F00F9A00240391D
:102990001F00146B0C0A0054000080522100001428
:1029A000E03640B9E1C30291E0B300B9820580D2BC
:1029B000E03E40B9E0B700B9E0830191F8EB0BA924
:1029C000FFFF0CA9FFDB00B90BA9FF97601240F9CC
:1029D000E3830291E18301910200805211FDFF9790
:1029E00000020035FBA340B9BB02803733000090E2
:1029F00073161B91E203142AE10313AA400000900E
:102A000000180F9117AEFF97621F45D3E10313AA79
:102A10004000009000CC0F9112AEFF97A0028012F0
:102A2000F35341A9F55B42A9F76343A9F96B44A9A4
:102A3000FB7345A9FD7BCEA8C0035FD6000080D202
:102A4000FC63029137A9FF97FB03002A200080D284
:102A50006FA9FF97601240F9817B76B8206860B853
:102A6000BF3F03D520010036D6060091F712009132
:102A7000603240B91F00166B48F9FF5494060011EC
:102A800073E20091C2FFFF17E0031BAA25A9FF977D
:102A90001F0019EBC9FDFF543300009073161B9102
:102AA000E203142AE10313AA40000090007410917D
:102AB000ECADFF97E2A340B9E10313AA40000090F8
:102AC00000201191421C45D3E6ADFF97A00D801266
:102AD000D4FFFF17F70313AA160080D21A0880D27A
:102AE000E4FFFF17FD7BB3A9FD030091F35301A998
:102AF000F40300AA004C80D2005CC0F2F55B02A98E
:102B0000F76303A9F92300F9E04700F9C40600B40C
:102B1000800400D11F0004EA61060054F603012A74
:102B2000537C4093C10180528410C0DAE3B700B9EE
:102B3000639460D3C14E219B820580D2D57E4093A1
:102B4000E3BB00B9FFBF00B9810A018BFF6300F945
:102B5000FFCB00B9203440B9E0A300B9203C40B914
:102B6000E1830291E0A700B9800080D26060C0F2EA
:102B7000E05700F9E00780520000044BE0B300B9D1
:102B8000E04301919CA8FF97000780D2E3430291A4
:102B9000E143019102008052B552009BA01240F91E
:102BA000A0FCFF97F403002A00020035F79340B918
:102BB000B70280373300009073121991E203162A8E
:102BC000E10313AA4000009000180F91A5ADFF97F4
:102BD00040000090E21E45D3E10313AA00CC0F9100
:102BE000A0ADFF97B4028012F55B42A9E003142A5E
:102BF000F35341A9F76343A9F92340F9FD7BCDA81D
:102C0000C0035FD6000080D219989AD2C5A8FF975A
:102C100073F67ED3F70300AAF82302913900A0F2DD
:102C2000200080D2FAA8FF97A01240F9016B73B878
:102C3000206860B8BF3F03D580FD0737E003172A3F
:102C4000B8A8FF971F0019EBC9FEFF54330000908E
:102C500073121991E203162AE10313AA40000090AF
:102C6000007410917FADFF97B40D8012E29340B9CC
:102C7000E10313AA4000009000201191421C45D3AB
:102C800078ADFF97D9FFFF17FD7BBCA9FD0300912D
:102C9000F55B02A9F60300AA15008052F76303A9A9
:102CA00017200191F35301A9C00240391F00156B91
:102CB000EC020054140080520F000014E47A73F800
:102CC000E203132AE103152AE00316AA030080D2C7
:102CD0007306009184FFFF97F403002AA0010034DB
:102CE00040000090E203182AE103152A00CC11915C
:102CF0005CADFF97F55B42A9E003142AF35341A9A9
:102D0000F76343A9FD7BC4A8C0035FD6130080D23C
:102D1000E0825EB8F803132A1F00136B08FDFF540E
:102D2000B5060011F7E20091E0FFFF1701444039BA
:102D300041000036D5FFFF1704FFFF17FD7BBCA93C
:102D4000FD030091F35301A9F30301AAF55B02A966
:102D5000F603002A35800091000080D2F71B00F9AD
:102D600017989AD26FA8FF97F40300AA3700A0F231
:102D7000A00240B9BF3F03D520060036E00314AAE5
:102D800068A8FF971F0017EBA8000054200080D20E
:102D90009FA8FF97068CFF97F6FFFF172100009072
:102DA0004000009021941B91005C19912DADFF977C
:102DB00041A7FF97210000904000009021941B91B3
:102DC00000081A91FAFFFF17BF3F03D5762A00B912
:102DD000602240B900001932602200B9602240B977
:102DE00000001C32602200B9F35341A9F55B42A9EF
:102DF000F71B40F9FD7BC4A8C0035FD6000080D25A
:102E000017989AD247A8FF97F40300AA3700A0F2B8
:102E1000A00240B9BF3F03D580FD3F36E00314AAAE
:102E200040A8FF971F0017EB68FCFF54200080D2DA
:102E300077A8FF97DE8BFF97F6FFFF17BF3F03D5FD
:102E40007F2600B9000080D217989AD2612240B93B
:102E50003700A0F221000032612200B931A8FF97AB
:102E6000F40300AAA00240B9BF3F03D580FC273677
:102E7000E00314AA2BA8FF971F0017EB08F9FF54D3
:102E8000200080D262A8FF97C98BFF97F6FFFF173B
:102E9000FD7BBDA9FD030091F35301A913500091DF
:102EA000000080D2F51300F915989AD21DA8FF975B
:102EB000F40300AA3500A0F2600240B9BF3F03D579
:102EC00020010837E00314AA16A8FF971F0015EB8E
:102ED00048010054200080D24DA8FF97B48BFF9783
:102EE000F6FFFF1700008052F35341A9F51340F994
:102EF000FD7BC3A8C0035FD6E20313AA21000090A4
:102F00004000009021BC1E9100AC1A91D5ACFF97F7
:102F1000A00D8012F5FFFF17FD7BBDA9FD030091F9
:102F2000F35301A9F30300AAF55B02A9000040399D
:102F3000C00000357F060039F35341A9F55B42A973
:102F4000FD7BC3A8C0035FD63600805214008052B8
:102F500076060039600240391F00146BEDFEFF5405
:102F600075D2348BA00A40F9CAFFFF978001003464
:102F7000BF620039E203142A7F0600392100009065
:102F800040000090212C1E91F35341A900701B9129
:102F9000F55B42A9FD7BC3A8B2ACFF1794060011F4
:102FA000B6620039ECFFFF17FD7BBBA9FD03009162
:102FB000F35301A9F30300AAF55B02A9F76303A980
:102FC000F92300F900004039000100357F0600397F
:102FD000F35341A9F55B42A9F76343A9F92340F9EB
:102FE000FD7BC5A8C0035FD6370080521400805215
:102FF00038E0811239A080527706003960024039EA
:103000001F00146B6DFEFF5475D2348B7600805216
:10301000BF620039A10A40F9201040B90000180A27
:103020000000192A201000B9A00A40F999FFFF9763
:1030300020020034D6060071E1FEFF54A062403940
:10304000C00100377F060039E203142A010000F0B6
:10305000200000F0F35341A921581D91F55B42A9CE
:10306000001C1C91F76343A9F92340F9FD7BC5A817
:103070007CACFF17B762003994060011E0FFFF1720
:10308000FD7BBCA9FD030091F55B02A9F503032AB2
:10309000231C70D39F0000B9F35301A9F30300AAC6
:1030A000403C0012F40304AAE10313AA0000032A1F
:1030B000F71B00F922FFFF9795000034E10313AAE4
:1030C000E003152A1EFFFF97000080D217989AD2BE
:1030D00094A7FF9776C20091F50300AA3700A0F2EB
:1030E000C00240B9BF3F03D580020036E00315AAF5
:1030F0008CA7FF971F0017EB68010054200080D2B7
:10310000C3A7FF972A8BFF97F6FFFF17010000F078
:10311000200000F02168199100B41C9151ACFF9778
:1031200065A6FF97010000F0200000F021681991CA
:1031300000501D91FAFFFF17007D80D2B4A7FF97C2
:10314000BF3F03D57F3600B917989AD23700A0F257
:10315000603240B900000032603200B9000080D215
:1031600070A7FF97F50300AAC00240B9BF3F03D57F
:1031700020012037E00315AA6AA7FF971F0017EB6D
:1031800068FCFF54200080D2A1A7FF97088BFF970F
:10319000F6FFFF17613A40B9BF3F03D5603240B92F
:1031A000BF3F03D5603240B9021280520000022AAC
:1031B000603200B9810200B900008052F35341A986
:1031C000F55B42A9F71B40F9FD7BC4A8C0035FD69D
:1031D000FD7BBBA9FD030091F35301A9F40300AAF1
:1031E00013008052F71B00F917989AD23700A0F20B
:1031F000F55B02A9800240391F00136B6C0000547C
:10320000000080521100001496D2338BE423019108
:10321000030880526260805281008052C00A40F9E7
:1032200098FFFF97E04B40B9A0018037E203132AD3
:10323000010000F0200000F021F01F9100FC1D9122
:1032400008ACFF97A0028012F35341A9F55B42A995
:10325000F71B40F9FD7BC5A8C0035FD6000080D2F4
:1032600030A7FF97F503002A200080D268A7FF97B8
:10327000C00A40F9E4230191030080528260805229
:10328000810080527FFFFF97E04B40B9600080369D
:1032900073060011D8FFFF17E00315AA21A7FF97B7
:1032A0001F0017EB29FEFF54E203132A010000F070
:1032B000200000F021F01F9100CC1E91E9ABFF9798
:1032C000A00D8012E1FFFF17FD7BBCA9FD0300915B
:1032D000F35301A9F40301AAE2E30091F55B02A90B
:1032E000F50300AA010040F9000D8052A0BBFF9732
:1032F000F303002A80010035E01F40F9010040F986
:10330000363440F9800200F9C20240F9620100B48B
:10331000E10315AAE00314AA40003FD6800100345F
:10332000F303002AF55B42A9E003132AF35341A9F2
:10333000FD7BC4A8C0035FD6A00A40B91F0400717A
:1033400001010054A00E40B9800600F9C10640F901
:10335000A1FEFFB4E00314AA20003FD6F1FFFF173F
:10336000B3028012F0FFFF17FD7BB9A9E403012A25
:1033700003008052FD030091F30B00F9F30302AA4E
:10338000E5830091210000F0220000F021D01F9180
:10339000429C1F919CBCFF977F0200F98000003582
:1033A000E10313AAE0830091C8FFFF97F30B40F9F4
:1033B000FD7BC7A8C0035FD6010040F9210040F99A
:1033C000213440F9210840F9610000B4F00301AA5A
:1033D00000021FD600008052C0035FD6010040F9F2
:1033E000210040F9213440F9210C40F9610000B47A
:1033F000F00301AA00021FD600008052C0035FD66E
:10340000FD7BBEA9FD030091F35301A9F40300AABB
:1034100013008052800A40B91F00136BA8000054AB
:1034200000008052F35341A9FD7BC2A8C0035FD6C0
:10343000810240F9607E7B932000008BE8FFFF97BC
:1034400020FFFF3773060011F3FFFF17010040F95B
:10345000210040F9213440F9211040F9610000B405
:10346000F00301AA00021FD600008052C0035FD6FD
:10347000FD7BBEA9FD030091F35301A9F40300AA4B
:1034800013008052800A40B91F00136BA80000543B
:1034900000008052F35341A9FD7BC2A8C0035FD650
:1034A000810240F9607E7B932000008BE8FFFF974C
:1034B00020FFFF3773060011F3FFFF17FD7BBDA947
:1034C000FD030091F35301A9F403012AF30300AAB9
:1034D000F51300F915008052BF02146B6B00005405
:1034E000000080520C000014600240F9800000B51A
:1034F000B506001173820091F8FFFF17E00313AACD
:10350000B7FFFF9780000035E00313AAABFFFF97DA
:1035100000FFFF34F35341A9F51340F9FD7BC3A825
:10352000C0035FD6FD7BBCA903008052220000F0DF
:10353000FD030091F35301A9429C1F91F40301AADA
:10354000F55B02A9F71B00F9F70300AA3F0800B9D1
:10355000210000F021D01F9145BCFF97F303002A02
:103560001F0000712D020054007C7B9301009052DB
:1035700057A5FF97800200F9400300B4150080D2E0
:10358000820240F9E103152AE00317AA4214158BC1
:1035900076FFFF976001F836F303002A810A40B9ED
:1035A000800240F9C6FFFF97F55B42A9E003132AAA
:1035B000F35341A9F71B40F9FD7BC4A8C0035FD6B4
:1035C000800A40B9B506009100040011800A00B9D4
:1035D0007F02156B6CFDFF5413008052F3FFFF1741
:1035E00073018012F1FFFF17004840F9CEFFFF176B
:1035F000FD7BBEA9000280D2FD030091F35301A917
:10360000F40301AA0100905231A5FF97600100B4B4
:10361000F30300AAE10300AAE00314AAC2FFFF9784
:1036200040000034137C4093E00313AAF35341A9F4
:10363000FD7BC2A8C0035FD673018092FBFFFF171A
:10364000FD7BBFA9FD030091EAFFFF971F0440B176
:1036500049000054000080D2FD7BC1A8C0035FD6A2
:10366000014840F9F7FFFF17FD7BBEA9FD0300915C
:10367000F30B00F9F30300AA000040F9BFB6FF976F
:10368000630640F901048052020040F9200080D214
:10369000610CC11A0020C31A21741E53217C40936F
:1036A000446861B80000042A406821B800008052D4
:1036B000F30B40F9FD7BC2A8C0035FD6FD7BBFA919
:1036C000FD030091ADB6FF9700008052FD7BC1A8BD
:1036D000C0035FD6FD7BBDA9FD030091F35301A993
:1036E000F30300AAF51300F9000040F9A3B6FF9711
:1036F000620640F901048052040040F943100012B0
:10370000410CC11A220080D24220C39AF503022A3A
:1037100021741E53217C4093856861B8A200220A5F
:10372000826821B8130040F9000080D27302018B37
:10373000FCA5FF97F40300AA600240B9BF3F03D580
:10374000BF02006A20010054E00314AAF5A5FF9708
:103750001FD007F148010054200080D22CA6FF970B
:103760009389FF97F5FFFF1700008052F35341A99B
:10377000F51340F9FD7BC3A8C0035FD6A00D8012EE
:10378000FBFFFF17FD7BBDA9FD030091F35301A9CA
:10379000F30300AAF51300F978B6FF97F40300AA23
:1037A000E00313AA18B7FF97F50300AA604A40F98F
:1037B00002028052210000F021EC1F912DBBFF97E7
:1037C000A042208B800200F900008052F35341A9EF
:1037D000F51340F9FD7BC3A8C0035FD6FD7BBEA9EE
:1037E000220000B0210000B0FD030091034840F921
:1037F000E4630091424C1F91212C1F9173B7FF97F6
:1038000000008052FD7BC2A8C0035FD6FD7BBFA92C
:10381000FD03009159B6FF97000040F9010040B93F
:10382000BF3F03D581000036BF3F03D5C10E805294
:10383000010C00B900008052FD7BC1A8C0035FD617
:10384000FD7BBDA9FD030091F35301A9F40300AA78
:103850004AB6FF97F30300AAE00314AAECFFFF9710
:10386000BF3F03D5600240F9210000F0E2B30091B0
:1038700021D01F911F0000B9804A40F90EBBFF976D
:10388000600100B473420091E00313AADDFEFF97CC
:10389000E02F00B960000035E00313AAF5FEFF97A2
:1038A000F35341A9FD7BC3A8C0035FD6000080523B
:1038B000FCFFFF17FD7BBBA9FD030091F35301A99A
:1038C000F40300AA2DB6FF97F30300AAE00314AA9D
:1038D000D0B6FF97600200F9A00000B5A0028012E8
:1038E000F35341A9FD7BC5A8C0035FD6E2A30091B5
:1038F000E00314AA01008052FBAFFF97E02700B954
:1039000000FFFF35E0A3009158B0FF97E02700B912
:1039100080FEFF35E0A300910DB0FF97017D80D2BE
:103920000008C19A600A00B9A0FDFF34804A40F93E
:10393000210000F0E293009121D01F91DEBAFF97A1
:10394000800000B5E00314AABEFFFF97E5FFFF1754
:1039500073420091E00314AAE10313AA23FFFF9727
:10396000E02700B9E0FBFF35E00313AAC1FEFF9793
:10397000E02700B980FEFF34DAFFFF17FD7BBDA909
:10398000FD030091F35301A9F40300AAF51300F914
:10399000F50301AAF9B5FF97F30300AAE00314AAFF
:1039A000A8FFFF9701048052620A40B9600240F903
:1039B000427C151B420400714310C05AE201805240
:1039C0002100034B21109F1A2140007121509F1AA2
:1039D0003F3C007121D0821A2110010BBF3F03D55B
:1039E000010400B9600240F9BF3F03D521008052B5
:1039F000010000B9E00314AAF35341A9F51340F9FB
:103A0000FD7BC3A882FFFF17FD7BBCA9420180524A
:103A1000210000F0FD030091F35301A9F30300AA74
:103A200021DC2091F55B02A9F71B00F9004840F961
:103A300090BAFF97F603002A604A40F902F48152D7
:103A4000210000F0210C21918ABAFF978100805259
:103A5000150CC11A210000F0604A40F92140219163
:103A6000B57E409338BBFF97C0020037604A40F9EB
:103A7000210000F037008052218C219132BBFF974A
:103A8000E00313AAC0B5FF97F40300AA1784003916
:103A9000000080D2930200F9960A00B9950A00F955
:103AA00020A5FF97800E00F900008052F35341A932
:103AB000F55B42A9F71B40F9FD7BC4A8C0035FD6A4
:103AC00017008052EFFFFF17FD7BBBA9FD0300919C
:103AD000F35301A9F55B02A9F76303A9030040F9B9
:103AE000633440F9630040F9030600B4F40300AA0C
:103AF000F60301AA60003FD6F503002AA0040035B2
:103B0000E00314AAA0B5FF97F30300AA020280D233
:103B1000E0030191010080529DA4FF9778A20091DB
:103B20006082403960000036E00318AA7088FF9771
:103B3000620A40F9177D80D2830640F9E00318AA93
:103B4000427C179B01000090213032917A88FF97C8
:103B5000630A40F9010280D2E0030191220000F0E3
:103B600042D021916EA9FF972000805260820039D7
:103B7000C40AD79A220000D0810640F9200000F044
:103B8000E30301914224089100002291B5A9FF9717
:103B9000F35341A9E003152AF55B42A9F76343A952
:103BA000FD7BC5A8C0035FD6B5048012F9FFFF17DF
:103BB000FD7BBCA980118052FD030091E1E30091DF
:103BC000F35301A9F51300F9DAB7FF978001003527
:103BD000E01F40F9340000F094D62291157D805208
:103BE000130840F9736201D1E11F40F9626201914B
:103BF000214000915F0001EBC1000054F35341A943
:103C000000008052F51340F9FD7BC4A8C0035FD6C5
:103C1000E00313AA16B5FF9700010035E00313AACD
:103C200059B5FF9701844039E1000037610640F93A
:103C3000E00314AA8BA9FF97732E40F9736201D198
:103C4000EAFFFF17010840B9020080D2E00313AA7F
:103C5000217C151B9DFFFF9700FFFF34610640F993
:103C6000200000F000342391F3FFFF17010040F91A
:103C7000213440F9210840F9610000B4F00301AAA1
:103C800000021FD6A0048012C0035FD601A000D19D
:103C900000805DF8028840B98200003621804039FA
:103CA00041000036F2FFFF17C0035FD6030040F962
:103CB000633440F9630C40F9630000B4F00303AAD5
:103CC00000021FD6FD7BBFA9E20301AA210080D21A
:103CD000FD0300917DFFFF974000F83776A3FF9723
:103CE000FD7BC1A8C0035FD6040000F084242291AC
:103CF000030080D202686338620000343F0003EBA7
:103D000041000054C0035FD6457C40938568653808
:103D10006500003642800011421C00120268233800
:103D200063040091F4FFFF17E403002AE00690D03B
:103D3000001C41F9E00000B500008012C0035FD60E
:103D400000008012F35341A9FD7BC2A8C0035FD6D7
:103D5000FD7BBEA9E30302AAFD030091F35301A971
:103D6000F403012AF303012AE10690D0E20314AA26
:103D700021EC40F92140248BF3ACFF979F0200EB2C
:103D800001FEFF54E003132AEFFFFF17FD7BBDA9DF
:103D9000FD030091F35301A9F51300F93F040071ED
:103DA00029010054020840B9F40300AA5F800071A1
:103DB000400300545F400071A00800543FBC3F71B5
:103DC00029010054200000F000C4239125A9FF9789
:103DD00000008052F35341A9F51340F9FD7BC3A8BD
:103DE000C0035FD65F30007141FFFF54003040795F
:103DF000007C021B620080520008C21A0E000014F0
:103E0000800240F9005873B8F3FFFF17800240F9B1
:103E100000587378F0FFFF17E05F1C323F00006B23
:103E200022FDFF5480324079C2008052007C021B88
:103E3000007C02133508C01AB386001B802240B9EB
:103E40001F00156B00020054C3008052820E40B95F
:103E5000A07E031B0400030B4100004B9F00026B7C
:103E600084224079820240F92180831A3F00036B4B
:103E70008000000B2190831AACFFFF97A0FAFF3758
:103E8000952200B9800A40B91F40007100FCFF5420
:103E90001F80007160FBFF541F300071A1F9FF54B7
:103EA0006106130B820240F9217C015320040011AA
:103EB00041686138406860382020000B53000036AC
:103EC000007C0453002C0012C3FFFF17E0FD9F523B
:103ED0003F00006B88F7FF5480324079C200805267
:103EE000007C021B007C0113D3FFFF17FD7BBBA9E5
:103EF000FD030091F35301A9F40303AAF55B02A9A2
:103F0000F50300AAF60302AAF76303A9F92300F94F
:103F10008103003417344079001C40B9F702011BBB
:103F2000A4324079DF1640F26005005484FC009111
:103F3000F303009184E47A928438019184347C9272
:103F4000FF6324CBF8FF009118E77A92A032407902
:103F50001F0014EBA90100547F020091B40500B5C5
:103F600000008052BF030091F35341A9F55B42A9C1
:103F7000F76343A9F92340F9FD7BC5A8C0035FD6C9
:103F8000171440B9E7FFFF17F9060011E20318AA5A
:103F9000E003172A2100805264FFFF971F0400717D
:103FA000800000547F02009100008012EEFFFF1796
:103FB000A2324079E00316AAE10318AAF703192AEE
:103FC0008DA3FF97A0324079D602008B940200CBDC
:103FD000DFFFFF179F0014EB28FCFF54930AC49ADD
:103FE000E20316AAE003172AE103132A4FFFFF9703
:103FF0001F00136BA1FDFF54A1324079F702000BA3
:10400000207C001BD602008B940200CBD4FFFF174C
:10401000A0324079F30300912100805200FC00910E
:1040200000E47A920038019100347C92FF6320CB47
:10403000E003172AF5FF0091B5E67A92E20315AA8C
:104040003AFFFF971F040071E1FAFF54E20314AA3C
:10405000E10315AAE00316AA67A3FF977F02009168
:10406000C0FFFF17FD7BBCA9FD030091F35301A91D
:10407000F30300AAE00690B0F55B02A9001C41F929
:10408000F71B00F9000100B514008012F55B42A98E
:10409000E003142AF35341A9F71B40F9FD7BC4A8A0
:1040A000C0035FD6F60301AAF70302AA011040F984
:1040B000000880D221FC009121E47A928086FF974B
:1040C000F50300AA20FEFFB4E20300AA21008052FB
:1040D0000000805215FFFF97A000F83614008012F0
:1040E000E00315AA2884FF97E9FFFF17E10315AA4B
:1040F000E00313AA020880D23FA3FF97651E407910
:10410000602E403974324039642E40791420142ACC
:1041100065FEFF346242403922FEFF34605640396A
:10412000011E80521FDC03710490417A81FDFF540F
:1041300080020851003C00121F00387108FDFF5436
:10414000E303142A600400D11F0003EA81FCFF543A
:10415000603640396636403920FCFFB4010400D196
:104160003F0000EAC1FBFF5464000035602640B9FF
:1041700060FBFF3461464039947E0553604A403904
:10418000940600512020002A9402006A81FAFF540C
:1041900044010035612640B901010034A1020191BA
:1041A00000048052E00200B9420380D2E00316AA64
:1041B00011A3FF97CBFFFF17003C7BD34214041BD6
:1041C000619200910008C39A635240394200000B8B
:1041D000604E40390320032A43000035632240B972
:1041E0006300024B80018052020280526308C61AAB
:1041F0007FD43F710030821AEBFFFF17FD7BB7A918
:1042000022200091FD030091F35301A9F40300AAB9
:10421000F30301AAE0430191E1C30091F51300F912
:1042200091FFFF9700050035660A40B9F503002AA3
:10423000E00690B000600791DF800071210100541A
:10424000E17740B9610E00B9E17340B9612E00B960
:1042500041010035010440F9612E00B90700001446
:10426000E1CF4079610E00B9E13340F9219C58D388
:10427000612E00B9A1FEFF34E1BF4079E3834139EB
:10428000620E40B9633200B961220079E4774139A6
:104290006304021B631600B9E52F40F96436007908
:1042A000A29C58D362320079E10302AA020840F9C5
:1042B0003F0002EB40010054200000D0002C24916C
:1042C000E8A7FF97B5008012F35341A9E003152A30
:1042D000F51340F9FD7BC9A8C0035FD6A4000035E3
:1042E000200000D000D82491DEA7FF97F6FFFF172B
:1042F000807C011B1F404071E9000054E103002A4B
:104300002200A052200000D000402591D5A7FF97A1
:10431000EDFFFF1784781F53DF80007121030054E5
:10432000E07F40B96300044B631E00B9602A00B906
:1043300000008012602200B9C00080527F4A00391C
:10434000217C001B000880D221FC001121347A92CC
:10435000DB85FF97600200F960FBFFB4930200F970
:10436000602A40B980020129602A40B9807E022972
:10437000200080D2800E00F99F1200F9D3FFFF17B2
:10438000E23340F900008052425C48D342E87BD3DC
:104390004208C19A622600B94200044B4200030B56
:1043A000621E00B9E2FFFF17FD7BBDA9FD0300916E
:1043B000F35301A9F51300F9F50690B0021040F986
:1043C00042FC009142E47A9242000191FF6322CBC9
:1043D000A01E01F9F3FF0091020C80D273E67A92DD
:1043E000E00690B00060079183A2FF97E20313AA52
:1043F00021008052000080524CFEFF971F04007184
:1044000020010054BF1E01F914008012BF03009167
:10441000E003142AF35341A9F51340F9FD7BC3A827
:10442000C0035FD660FA0791420080D2210000D01D
:1044300021E82591A3A2FF97F403002A40FEFF354F
:104440002100009060DA0091216C1091620080D20E
:104450009CA2FF97C0FDFF3421000090604A0191AB
:10446000217C1091A20080D296A2FF9700FDFF341C
:10447000E5FFFF17FD7BB8A9E20690B0FD030091B0
:104480005F1C01F9E2830091F35301A9F30300AA31
:10449000F403012A77A8FF97400200345401003446
:1044A000620640B9E103142A200000D000F42591EF
:1044B0006CA7FF9700008012F35341A9FD7BC8A8A9
:1044C000C0035FD6600E40F9FF0302A9601240F9F5
:1044D000E01B00F9FFE30039FF630139FF7B00B9FE
:1044E000E1830091E00313AAB0FFFF97F3FFFF17EA
:1044F000FD7BBDA9FD030091F35301A9F30300AABD
:10450000F55B02A9001440B9E0000034150080D228
:10451000F35341A9E00315AAF55B42A9FD7BC3A8AB
:10452000C0035FD6630240F9F60301AA621240B9E4
:10453000601A40B974344079827E021BA0040034B2
:10454000600840B91F80007140040054601440B9F5
:10455000632440B94000000B6200024B9F02026BD3
:104560009492821A75020691E103142AE20315AAB5
:10457000EEFDFF97C0FCFF37600240F90030407944
:10458000007C141BC00200B9601A40B9611240B926
:10459000610E00B940020034620240F9400840B99F
:1045A0001F800071C001005421040011611200B984
:1045B00040344079007C011B412440B91F00016B4D
:1045C00083FAFF5420008052601600B9D1FFFF1714
:1045D000601C40B94000000BE3FFFF17600240F988
:1045E000EBFDFF97601200B91F040071C9FEFF5474
:1045F000610240F9210840B93F800071C0000054B9
:104600003F40007102FE815201FE9F522100821A3A
:10461000EBFFFF17E15F1C32E9FFFF17FD7BBDA930
:10462000FD030091F30B00F9F30300AA011C40B94C
:1046300041020035E1B30091AEFFFF97800000B565
:104640007F1200F9000080D209000014E12F40B968
:10465000217C055321040051611E00B9601200F94C
:10466000601240F901004039E1FEFF34F30B40F9DC
:10467000FD7BC3A8C0035FD6001040F921040051A0
:10468000611E00B900800091F5FFFF17FD7BBAA9FC
:10469000FD030091F35301A9F30300AAF55B02A9FE
:1046A000F76303A9F92300F91FA400F9E00313AA93
:1046B000DBFFFF97F40300AA200100B50000805241
:1046C0007F1A00F9F35341A9F55B42A9F76343A9A7
:1046D000F92340F9FD7BC6A8C0035FD6601E40B930
:1046E000610E40B960060529601240F9601A00F9B0
:1046F000820240395F940371A0FDFF54812E40393E
:1047000081041836210C00123F3C007101FDFF545A
:10471000E2FC373615004039F40300AA1934403959
:10472000F6430191B57A191277E20091020080D226
:10473000B5060051BF060031A1080054800240397F
:104740001F9403710418457A20FBFF5462C2228B28
:10475000010080D2000080525FE00039027C0153EA
:10476000401C002A826A6138210400910000020B7B
:10477000001C00123F2C00F121FFFF543F03006B8F
:1047800061F9FF5454F9FFB460E2009160A600F9AA
:1047900076E20491E10314AAF50316AAE00316AA2F
:1047A000020180D294A1FF977F020539A10240390E
:1047B000E01B80523F00006AE1090054803240391A
:1047C00080001836A102164BE00316AA47FDFF979A
:1047D00081224039E01B80523F00006A6002005491
:1047E000F70315AAC005805281220091620080D291
:1047F000E0160038E00317AA7FA1FF978032403906
:1048000080002036E00317AA610080D237FDFF97B1
:10481000BF120039F50317AAA1024039E01B8052EC
:104820003F00006AC1060054BF02003960E244390B
:104830001F940371810600547FE2043960A640F999
:10484000C00600B4200080529FFFFF17830600912E
:10485000000080D201F87FD3616861380168363882
:1048600081020034000400911F1400F141FFFF5445
:10487000813A009123004039C3CA2038A301003493
:1048800000040011210800911F2C007141FFFF540A
:1048900081724039E16F0139C1000034807A4039BA
:1048A000E07301391F000071E0079F1A003000110A
:1048B0005800000B1FFF0371ACEFFF54147C4093B2
:1048C000E10317AAE0C2208B66A1FF97E20314AAB6
:1048D000E10316AAE00317AA47A1FF97E00313AA72
:1048E0004FFFFF97F40300AA20EEFFB4027F40932E
:1048F00090FFFF17B5060091ADFFFF17B5060091B9
:10490000C6FFFF171F140071A1F9FF544003801266
:1049100060E20439CAFFFF1776A600F9CAFFFF1745
:10492000FD7BBBA9FD030091F35301A9F30300AA8A
:10493000F55B02A9F50301AAF76303A9F703022AAD
:10494000F96B04A91AE00491990B8052F40315AA9B
:1049500080024039800000341FBC00710410597A75
:1049600080010054E00314AAD6A0FF97000500B50B
:104970005701083720008012F35341A9F55B42A983
:10498000F76343A9F96B44A9FD7BC5A8C0035FD6B3
:1049900094060091EFFFFF1700008052F7FFFF170A
:1049A000B5060091A0024039800000341FBC0071A0
:1049B0000410597A61FFFF54601A40B900050034B1
:1049C000A20214CB5F0400F161020054210000D068
:1049D00021842691E00314AAA3A0FF9700040035C8
:1049E000600240F9012840B961860129002840B9D8
:1049F000600A00B97F1600B97F1E00B97F1200F966
:104A0000A002403940FAFF35DAFFFF17F50314AA78
:104A1000E5FFFF175F0800F121020054210000D0DC
:104A200021802691ECFFFF17010080522C0000141A
:104A3000402840B960820129402840B9600A00B985
:104A4000200080522B000014A002403940F9FF35AD
:104A500057FA073760028012C8FFFF17B80214CB5D
:104A6000E00313AA0AFFFF9760F8FF3460A640F93D
:104A700094A0FF971F0300EB61A640F90023809AE2
:104A8000167C4092E00314AAE20316AA47A0FF97FF
:104A90002001003460A640F91F001AEB20FEFF54ED
:104AA000E20316AAE1031AAAE00314AA3FA0FF97A3
:104AB00080FDFF35611240F9202C403960FC27361B
:104AC000620240F920344079430840B97F80007188
:104AD000C1FAFF5421284079213C10530000010BFA
:104AE000600A00B960FAFF34608201290000805238
:104AF0007F8202297F1E00B97F1200F994FFFF1701
:104B0000FD7BB5A9FD030091F76303A9F80301AA92
:104B1000013080D2F70302AA2100A0F2F35301A9C9
:104B2000F30300AA000880D2F55B02A9F96B04A97F
:104B3000FA0303AAF90304AAFB7305A9E083FF970C
:104B4000801800B4FC0300AAE1E30191ACFDFF97DB
:104B5000F503002AC0050035E10313AAE0031CAAEF
:104B6000220080526FFFFF97F503002AC004003532
:104B7000811340F9E28340B9F62741792028407932
:104B80005F800071341C40B933344079003C1053CD
:104B90003F0300F9E123417900009F1AFF0214EB63
:104BA0002A0300545F0300F18D000054FA021A8BAF
:104BB0009F021AEB94D29A9AD67E011B7302000BC5
:104BC0001BFE9F52FA0316AAFF021AEB4A03005477
:104BD000DA021ACB5403148BF7021AAB800A005482
:104BE000DF0214EB000880D2DAD2949A41FF0091E0
:104BF00021E47A92B283FF97FB0300AA800400B5F8
:104C000015008012E03F40F95F81FF97E0031CAA86
:104C10005D81FF97F35341A9E003152AF55B42A993
:104C2000F76343A9F96B44A9FB7345A9FD7BCBA8A6
:104C3000C0035FD6E103132AE0E3019154FCFF9720
:104C4000F303002A1F04007102FE8152A8000054E1
:104C5000200000D0008C269182A5FF97E9FFFF1766
:104C6000E08340B91F800071E00000541F400071D4
:104C70006003821A7F02006BC2FEFF545A03168B38
:104C8000D2FFFF17E05F1C32FBFFFF17E20300AA11
:104C9000E3031AAAE103132AE0E3019194FCFF97CE
:104CA000E0000034200000D000D826916DA5FF97C9
:104CB000E0031BAA3481FF97D2FFFF1794021ACB9F
:104CC0005A0317CBE2031AAA6103178BE00318AA51
:104CD00049A0FF97E0031BAA2B81FF97200340F90F
:104CE00000001A8B200300F9F4F8FFB4E103132A43
:104CF000E0E3019118031A8B25FCFF97F303002AC8
:104D00001F04007169FAFF54E08340B91F800071ED
:104D1000C00200541F40007101FE815200FE9F52EC
:104D20000000811A7F02006B42F9FF54FB0316AAB0
:104D3000F703132A1AFE81527F0314EBAB010054D0
:104D4000837E4093E20318AAE103132AE0E3019172
:104D500067FCFF97A0020035200340F90000148B88
:104D6000200300F9A8FFFF17E05F1C32EEFFFF17DA
:104D7000E103172AE0E3019105FCFF9701040051CC
:104D8000FF02016B80010054637F4093E20318AA85
:104D9000E103132AE0E30191E33700F954FCFF97A4
:104DA000E33740F960020034200000D000D826919B
:104DB000AAFFFF171F040071C9F4FF54E18340B933
:104DC0003F800071200100543F40007101FE9F525E
:104DD00021009A1A1F00016BC2F3FF547B03168B4C
:104DE000F703002AD5FFFF17E15F1C32FAFFFF1718
:104DF000200340F9E103172A94021BCB18031B8BF5
:104E00000000038B200300F9E0E30191E0FBFF9732
:104E1000F303002A1F040071C9F1FF54E08340B975
:104E20001F800071200100541F40007100FE9F523E
:104E300000009A1A7F02006BC2F0FF54FB0316AA0F
:104E4000E003132AE7FFFF17E05F1C32FAFFFF17AA
:104E50007501801270FFFF17829CE2FF00000000C6
:104E60000000000000000000939CE2FF0000000032
:104E70000000000000000000A89CE2FF000000000D
:104E80000000000000000000BA9CE2FF00000000EB
:104E90000000000000000000D09CE2FF00000000C5
:104EA0000000000000000000000000000000000002
:104EB0000000000000000000796DE2FF000000002B
:104EC00000000000000000008A6DE2FF000000000A
:104ED00000000000000000000000000000000000D2
:104EE000000000000000000028BAE1FF0000000000
:104EF00008BAE1FF00000000E4E7E0FF0000000066
:104F0000D0E8E0FF0000000064E8E0FF00000000DF
:104F10000000000000000000000000000000000091
:104F20007E9AE2FF00000000F05CE2FF000000005B
:104F30008C9AE2FF0000000000000000000000006A
:104F40008199E2FF00000000000000000000000066
:104F50000000000000000000000000000000000051
:104F60000000000000000000A8F7E1FF00000000C2
:104F700018FBE1FF0000000000000000000000003E
:104F80000000000000000000000000000000000021
:104F90000000000000000000000000000000000011
:104FA0000000000000000000000000000000000001
:104FB0000000000000000000604FE2FF0000000061
:104FC00010F9E1FF0000000054F7E1FF00000000CD
:104FD00000000000000000000000000000000000D1
:104FE00000000000000000008786E2FF00000000D3
:104FF00000000000000000000000000000000000B1
:1050000000000000000000000000000000000000A0
:105010000000000000000000000000000000000090
:1050200088FEE0FF0000000000000000000000001B
:105030000000000000000000000000000000000070
:1050400000000000000000005386E2FF00000000A6
:105050000000000000000000000000000000000050
:105060000000000000000000000000000000000040
:105070000000000000000000000000000000000030
:10508000E8FDE0FF0000000000000000000000005C
:105090000000000000000000D8FDE0FF000000005C
:1050A000D8FDE0FF0000000000000000000000004C
:1050B00000000000000000000000000000000000F0
:1050C000E0FDE0FF00000000000000000000000024
:1050D00000000000000000000000000000000000D0
:1050E000000000000000000045A6E2FF00000000F4
:1050F0004CA6E2FF0000000038A6E2FF000000001E
:1051000043A6E2FF000000004AA6E2FF0000000004
:1051100051A6E2FF00000000F2A1E2FF0000000043
:105120003D96E2FF000000007051E2FF0000000029
:105130005696E2FF00000000B851E2FF00000000B8
:105140007996E2FF000000000052E2FF000000003C
:10515000000000000000000000000000000000004F
:105160005CC7E1FF0000000084C7E1FF0000000011
:10517000000000000100000002000000000000002C
:105180008851E2FF00000000A051E2FF0000000093
:10519000010000000000000078D5E1FF00000000E1
:1051A0000002000000000000F85CE2FF00000000C8
:1051B00002000000000000000000000003000000EA
:1051C0000800000000000000D051E2FF00000000D5
:1051D000E851E2FF000000000100000000000000B4
:1051E00078D5E1FF0000000000040000000000008E
:1051F000005DE2FF0000000003000000000000006E
:10520000010500000300000008000000000000008D
:105210001852E2FF000000003052E2FF00000000E0
:10522000010000000000000078D5E1FF0000000050
:1052300000040000000000000C5DE2FF0000000020
:1052400002000000000000002BA8E2FF00000000A8
:10525000000000000000000000000000000000004E
:1052600000000000000000007C39E2FF00000000A8
:105270004038E2FF000000000C38E2FF00000000B0
:10528000000000000000000000000000000000001E
:1052900000000000000000000451E1FF00000000D9
:1052A000D049E1FF00000000000000000000000005
:1052B00000000000000000000000000000000000EE
:1052C00000000000000000000000000000000000DE
:1052D00000000000000000000000000000000000CE
:1052E0000000000000000000ABA4E2FF000000008E
:1052F0000100000000000000C0A4E2FF0000000068
:105300000200000000000000DFA4E2FF0000000037
:105310000300000000000000F4A4E2FF0000000011
:10532000080000000000000013A5E2FF00000000DC
:1053300009000000000000003DA5E2FF00000000A1
:105340000A000000000000006FA5E2FF000000005E
:105350000B00000000000000A1A5E2FF000000001B
:105360000C00000000000000D2A5E2FF00000000D9
:105370000D0000000000000003A6E2FF0000000096
:105380000885E2FF00000000D47CE2FF000000007E
:10539000C67CE2FF00000000BA7CE2FF00000000D3
:1053A0000000000000000000E681E2FF00000000B5
:1053B000F781E2FF000000000682E2FF000000002B
:1053C0001682E2FF000000002882E2FF00000000D9
:1053D0003882E2FF000000004B82E2FF0000000084
:1053E0005C82E2FF000000006E82E2FF000000002D
:1053F0007F82E2FF000000009282E2FF00000000D6
:10540000A782E2FF00000000B982E2FF0000000076
:10541000CA82E2FF00000000DC82E2FF0000000020
:10542000ED82E2FF000000000083E2FF00000000C8
:105430001383E2FF00000000EB86E2FF00000000A3
:105440000000000000000000F686E2FF00000000FF
:10545000000000000000000000000000000000004C
:105460000000000000000000A8BAE1FF00000000FA
:1054700084BAE1FF000000005D85E2FF000000004B
:10548000000000000000000000000000000000001C
:10549000000000000000000000000000000000000C
:1054A000B0BBE1FF000000000000000000000000B1
:1054B00070BEE1FF00000000E830E1FF00000000E6
:1054C00000000000000000000000000000000000DC
:1054D0006446E1FF00000000000000000000000042
:1054E000D413E2FF000000009E85E2FF00000000F0
:1054F00000000000000000000000000000000000AC
:105500000000000000000000B497E2FF000000006F
:105510000000000000000000BC97E2FF0000000057
:105520000000000000000000C597E2FF000000003E
:105530000100000000000000D997E2FF0000000019
:105540000000000000000000ED97E2FF00000000F6
:105550000000000000000000FE97E2FF00000000D5
:10556000000000000000000000000000000000003B
:1055700000000000000000000CEFE1FF0000000050
:1055800044EDE1FF00000000E8EDE1FF0000000055
:10559000000000000000000080EDE1FF00000000BE
:1055A00000000000000000000000000000000000FB
:1055B00048EEE1FF00000000D4EBE1FF0000000036
:1055C00000000000000000000000000000000000DB
:1055D00020A1070000000000000000000000000003
:1055E00000C2EB0B00000000204E0000801A0600F5
:1055F00050C30000A8610000A0860100204E0000FA
:10560000204E0000A0860100204E0000204E000029
:1056100050C300000000000070110100204E000087
:10562000409C000040420F001027000040420F0045
:10563000A0860100409C00003075000000000000C2
:10564000400D0300400D03000000000050C30000A7
:10565000409C000000000000004429353A00000092
:10566000400D0300A086010030750000C0D4010089
:1056700050C30000A08601000000000000000000F0
:10568000000000000000000020A107000000000052
:10569000000000000000000000C2EB0B0000000052
:1056A00010270000801A0600A861000010270000E3
:1056B000C8AF0000204E00001027000050C30000BB
:1056C0001027000010270000A8610000983A000091
:1056D000B888000010270000204E000040420F0054
:1056E0000000000040420F0050C300003075000071
:1056F000983A0000983A0000A0860100A0860100B8
:1057000000000000A8610000204E00000000000022
:105710000065CD1D00000000A0860100C8AF00009C
:10572000983A000080380100A8610000A0860100BE
:105730000000000000000000000000000000000069
:1057400020A1070000000000000000000000000091
:1057500000C2EB0B0000000010270000801A0600BA
:10576000983A00001027000030750000204E00001D
:105770001027000050C30000102700001027000071
:10578000983A0000983A0000A861000088130000D1
:10579000983A000040420F000000000040420F0015
:1057A000B8880000A8610000983A0000983A00000C
:1057B000A0860100A08601000000000068420000F1
:1057C000204E0000000000000065CD1D000000001C
:1057D000A0860100B8880000983A000080380100D7
:1057E00068420000A08601000000000000000000E8
:1057F000000000000000000020A1070000000000E1
:10580000000000000000000000C2EB0B00000000E0
:1058100088130000801A06001027000010270000DF
:10582000A8610000204E00008813000050C3000053
:10583000881300001027000010270000983A00008D
:10584000A8610000881300001027000040420F00EC
:105850000000000040420F0030750000204E0000A4
:1058600010270000983A0000A0860100A0860100E1
:1058700000000000983A0000204E000000000000E8
:105880000065CD1D00000000A086010030750000FD
:105890001027000080380100983A0000A08601001F
:1058A00000000000000000000000000000000000F8
:1058B00020A1070000000000000000000000000020
:1058C00000C2EB0B0000000088130000801A0600E5
:1058D0001027000010270000A8610000204E0000E3
:1058E00088130000307500008813000010270000A6
:1058F00010270000983A0000204E00008813000096
:105900001027000040420F000000000040420F003E
:10591000A8610000204E000010270000983A000007
:10592000A0860100A086010088130000E02E000080
:10593000204E0000000000000065CD1D00000000AA
:10594000A0860100A8610000102700008038010037
:10595000E02E0000A0860100000000000000000012
:10596000000000000000000020A10700000000006F
:10597000000000000000000000C2EB0B000000006F
:1059800088130000801A060010270000102700006E
:10599000A8610000204E0000881300003075000050
:1059A000881300001027000010270000983A00001C
:1059B000983A000088130000581B000040420F0076
:1059C0000000000040420F00204E0000803E00001A
:1059D000581B0000983A0000A0860100A086010034
:1059E0008813000010270000204E00000000000077
:1059F0000065CD1D00000000A0860100204E0000C3
:105A0000581B00008038010010270000A08601000C
:105A1000D086E2FF0000000000000000000000004F
:105A2000F8BEE1FF00000000BCBEE1FF0000000086
:105A3000A586E2FF0000000000000000000000005A
:105A40000000000000000000000000000000000056
:105A50007887E2FF00000000000000000000000066
:105A60000000000000000000000000000000000036
:105A7000D389E2FF000000000000000000000000E9
:105A80000000000000000000000000000000000016
:105A90009C6BE2FF0000000000000000000000001E
:105AA00000000000000000000000000000000000F6
:105AB00000000000000000000000000000000000E6
:105AC00000000000000000006836E2FF0000000057
:105AD000D436E2FF000000000000000000000000DB
:105AE000E096E2FF0000000000000000000000005F
:105AF00000000000000000000000000000000000A6
:105B0000E0E0E1FF0000000098E0E1FF000000009D
:105B1000C8E1E1FF00000000B4E1E1FF0000000087
:105B2000B813E0FF000000000014E0FF00000000D8
:105B300074C0E1FF0000000054C0E1FF000000005D
:105B400000000000000000006C75E2FF0000000093
:105B5000E379E2FF000000001900000000000000EF
:105B6000EE79E2FF00000000037AE2FF000000008F
:105B70000500000000000000187AE2FF00000000AD
:105B80001E7AE2FF0000000002000000000000009A
:105B9000247AE2FF000000002B7AE2FF0000000000
:105BA0001600000000000000327AE2FF0000000052
:105BB000367AE2FF0000000017000000000000003D
:105BC0003F7AE2FF00000000457AE2FF000000009B
:105BD00012000000000000004C7AE2FF000000000C
:105BE000527AE2FF000000001A00000000000000EE
:105BF000FF77E2FF00000000587AE2FF000000009B
:105C00001100000000000000B373E2FF000000007C
:105C1000767AE2FF000000000E00000000000000A5
:105C20007D7AE2FF00000000857AE2FF00000000BC
:105C300010000000000000008D7AE2FF000000006C
:105C4000917AE2FF000000001B000000000000004D
:105C5000957AE2FF000000009D7AE2FF000000005C
:105C60001C00000000000000AC7AE2FF0000000011
:105C7000B07AE2FF000000001D00000000000000FC
:105C8000BD7AE2FF00000000C17AE2FF00000000E0
:105C9000FFFFFFFF000000000992E2FF000000008C
:105CA0000992E2FF00000000EFBEADDEEFBEADDE08
:105CB000EFBEADDEEFBEADDEEFBEADDE333535356A
:105CC0003535353535353535353535353535353584
:105CD000353535353535350035070A0D10101013BB
:105CE00016191B1D1F21302725232D2A0A0000000D
:105CF0000000000001000000080000000F0000008C
:105D0000080000001000000018000000080000005B
:105D10001000000088000000000000008C0000005F
:105D200090000000940000000000000098000000B7
:105D300000000000880000008C00000090000000BF
:105D400094000000980000009C000000A0000000EB
:105D5000A400000000000040010000000600000058
:105D600000000020010000000500000000000040CD
:105D70000000000002000000000000200000000001
:105D80000100000000000010000000000000000002
:105D900010270000A086010040420F008096980066
:105DA00000000000000000000000000000000000F3
:105DB00040787D0180BA8C0180F0FA0200751903E9
:105DC0000075190340787D0180F0FA0200E1F505C5
:105DD00080F0FA0200D4650C00C2EB0B00C2EB0BA2
:105DE00000C2EB0BB3000000010000000100000046
:105DF000E6000000010000000100000003000000B8
:105E00004A0000007F000000070000004A00000078
:105E10007F0000000400000000000060030000009C
:105E20000000007001000000000000700000000091
:105E30000000007000000440000104400002044023
:105E40000003044000040440010404400005044031
:105E50000000054000010540020000000000003085
:105E6000000000000000003000007F000F007800FC
:105E700022007F007F007F007F007F003700370017
:105E800037007F007F007C007F007F002A007F00BA
:105E90007800780020BB150000000300000001001E
:105EA00020000001000000004100000020BA1600A0
:105EB000000003000000010040000001000000009D
:105EC0004000000020BB160000000300000001009D
:105ED00040000001000000004000000020BA170050
:105EE000000003000000010080000001000000002D
:105EF0004100000020BB170000000300000001006B
:105F000080000001000000004100000020BB1800DC
:105F1000000003000000010000010001000000007B
:105F20004100000020BA180000000300000001003A
:105F300000010001000000004100000020BA19101B
:105F40004400060000000100000200010000000003
:105F5000E108000020BA1900000003000000010061
:105F60000002000100000000E100000020BB191049
:105F700044000600000001000002000100000000D3
:105F8000C108000020BB1900000003000000010050
:105F90000002000100000000C100000020BB18004A
:105FA00000000300000001000001000100000000EB
:105FB000C100000020BB20104400060000000100CA
:105FC0000004000100000000E108000020BB2000E8
:105FD00000000300000001000004000100000000B8
:105FE000C100000020BA201044000600000001009B
:105FF0000004000100000000C108000020BA2000D9
:106000000000030000000100000400010000000087
:10601000C100000020BA21000000030000000100C0
:106020000008000100000000C110000020BB21009A
:106030000000030000000100000800010000000053
:10604000C110000021BA2000000003000000010080
:106050000008000100000000C110000020BB21105A
:1060600044000600000001000008000100000000DC
:10607000C118000020BB2200000003000000010046
:106080000010000100000000C110000020BA220032
:1060900000000300000001000010000100000000EB
:1060A000C11800002C5B1B1041000600000002001C
:1060B0000004000100000000801801002C5B1C009F
:1060C00000000300000002000008000100000000C2
:1060D000801801000102154D0000050000000100BC
:1060E0004000000100000000600000000102164DA9
:1060F0000000050000000100800000010000000019
:10610000600000000102194D00800600000004003C
:106110008000000100000000604000000102194DF5
:1061200001800600000001000002000100000000E4
:10613000604000000102204D0080060000000400C5
:106140000001000100000000604000000102174D46
:106150000181060000000100800000010000000035
:10616000604000000120184D018106000000010080
:106170000001000100000000604000000102194D14
:106180000181060000000100000200010000000083
:10619000604000000102204D008106000000040064
:1061A0000001000100000000604000000102204DDD
:1061B00000000500000004000001000100000000D4
:1061C000604000000102204D0100050000000100B8
:1061D0000004000100000000604000000102204FA8
:1061E00000000500000004000001000100000000A4
:1061F000604000000102214D000005000000040085
:1062000000020001000000006000000001201803EF
:106210000000050000000400400000010000000034
:10622000000000000120180301000500000001002B
:106230000001000100000000000000000120184DD6
:1062400001800600000001000001000100000000C4
:10625000604000000120184D00000500000004000F
:106260004000000100000000604000000120184DC7
:106270000100050000000100000100010000000015
:106280006040000001021300000003000000010054
:1062900010000001000000000000000001021400D6
:1062A00000000300000001002000000100000000C9
:1062B00000000000010215000000030000000100C2
:1062C0004000000100000000000000000102160074
:1062D0000000030000000100800000010000000039
:1062E0000000000001401500000003000000010054
:1062F00020000001000000006100000001401700C4
:106300000000030000000100800000010000000008
:106310000100000001401400000003000000010023
:1063200010000001000000002100000001601700C3
:1063300000000300000001008000000100000000D8
:106340006108000001601800000003000000010067
:106350000001000100000000610800000160190058
:106360000000030000000100000200010000000026
:1063700061080000342A1A0F039006000000040090
:10638000000100010000000060480000342A1B0FDB
:10639000039006000000040000020001000000005D
:1063A00060480000342A1C0F009006000000040022
:1063B000000400010000000060180000342B1A0FD8
:1063C000039006000000040000010001000000002E
:1063D00060480000342B1B0F0390060000000400EF
:1063E000000200010000000060480000342B1C0F78
:1063F00000900600000004000004000100000000FE
:1064000060180000342B190F0890060000000200ED
:1064100000010001000000004008000020201100E1
:1064200000000300008000000400000100000000E4
:106430000000000020201200000003000000010006
:1064400004000001000000000000000020201300F4
:10645000000003000000010008000001000000002F
:1064600000000000202014000000030000000100D4
:1064700010000001000000000000000020201500B6
:1064800000000300000001002000000100000000E7
:1064900000000000202016000000030000000100A2
:1064A0004000000100000000000000002020170054
:1064B0000000030000000100800000010000000057
:1064C000000000002020180000000300000004006D
:1064D00040000001000000000000000020801500C6
:1064E0000000030000000100200000010000000087
:1064F00001000000207115000000030000000100F1
:106500002000000100000000610000002071170061
:1065100000000300000001008000000100000000F6
:10652000000000000000000000000000000000006B
:106530000000000000000000000000000000260134
:10654000D0FFD0FFD0FFD0FF2B01D0FFD0FFD0FF76
:10655000D0FFFA0043014E00D0FFD0FF3400D0FF3F
:106560002C01D0FFD0FF2301000000000100F4FD4A
:106570000200F4FDF4FDF4FD030000010203040534
:10658000060708090A0B0C0D0E0F03020100050493
:10659000070608090A0B0C0D0E0F030B1B6664742B
:1065A0005F66697875705F6D656D6F72795F626146
:1065B0006E6B730073706C5F6E6F64655F746F5F9A
:1065C000626F6F745F6465766963650073706C5F9A
:1065D00072656769737465725F6661745F6465761E
:1065E000696365006669745F66696E645F636F6E98
:1065F0006669675F6E6F646500736F63667067617D
:106600005F64747265675F70726F626500736F6359
:10661000667067615F64776D63695F636C6B7365F8
:106620006C006E616E645F7472616E736665725F3A
:106630006F6F620064656E616C695F64745F707235
:106640006F626500626973745F6D656D5F696E6925
:10665000745F62795F61646472007569625F6D6125
:10666000696C626F785F726561645F726571756590
:10667000737400626F6172645F626F6F745F6F72D8
:10668000646572006C6F61645F73696D706C655FE7
:106690006669740073706C5F6C6F61645F696D61D3
:1066A00067655F666174006164645F6D74645F64F4
:1066B0006576696365006E616E645F7363616E5FCA
:1066C0007461696C006F75745F6F665F62616E64A0
:1066D0005F626973745F6D656D5F696E69745F7326
:1066E00074617274007569625F6D61696C626F7864
:1066F0005F77726974655F72657175657374006E3A
:10670000616E645F66696C6C5F6F6F62006E616E74
:10671000645F6465746563740073706C5F6C6F6153
:10672000645F73696D706C655F666974006664743C
:106730005F7265636F72645F6C6F616461626C65E8
:10674000006563635F696E746572727570745F7300
:106750007461747573007569625F747269675F6DE7
:10676000656D5F63616C006E616E645F6D61786919
:106770006D697A655F656363006563635F656E611C
:10678000626C655F737461747573007569625F69CB
:106790006E69745F6D656D5F63616C006765745FE2
:1067A0006D656D5F77696474685F696E666F0075AB
:1067B00069625F63616C5F737461747573006664B2
:1067C000745F66696E645F6F725F6164645F737546
:1067D000626E6F6465006E616E645F6D61746368A4
:1067E0005F6563635F726571006765745F6D656D9A
:1067F0005F746563686E6F6C6F6779007569625F5F
:10680000626973745F6D656D5F696E69745F7374DF
:1068100061727400696E69745F6D656D5F63616C50
:10682000006E616E645F636865636B5F6563635F81
:106830006361707300696F3936625F63616C5F73A7
:106840007461747573006E616E645F776169740062
:1068500069735F6D61696C626F785F737065635FA8
:10686000636F6D70617469626C65006E616E645F08
:1068700073656C6563745F6368697000696F39364E
:10688000625F6D625F726571000808080808080899
:1068900008082828282828080808080808080808D8
:1068A000080808080808080808A0101010101010A0
:1068B000101010101010101010040404040404042C
:1068C00004040410101010101010414141414141C6
:1068D00001010101010101010101010101010101A8
:1068E00001010101101010101010424242424242B8
:1068F0000202020202020202020202020202020278
:106900000202020210101010080000000000000037
:106910000000000000000000000000000000000077
:10692000000000000000000000A010101010101067
:106930001010101010101010101010101010101057
:1069400010101010101010101001010101010101B0
:106950000101010101010101010101010101010127
:106960001001010101010101020202020202020200
:1069700002020202020202020202020202020202F7
:106980001002020202020202023031323334353682
:106990003738394142434445463031323334353655
:1069A00037383961626364656600000A0C0D0F14A4
:1069B000191E23282D32373C465000555603590CDA
:1069C0000F5A5A0F0C5903565500653033663C690F
:1069D0006A3F3F6A693C66333065663330653F6ABB
:1069E000693C3C696A3F65303366035655005A0F6F
:1069F0000C59590C0F5A00555603693C3F6A3065D3
:106A00006633336665306A3F3C690C595A0F55004E
:106A10000356560300550F5A590C0F5A590C56037A
:106A20000055550003560C595A0F6A3F3C693366AE
:106A3000653030656633693C3F6A6A3F3C6933665E
:106A4000653030656633693C3F6A0F5A590C56030E
:106A50000055550003560C595A0F0C595A0F550042
:106A60000356560300550F5A590C693C3F6A30656E
:106A70006633336665306A3F3C69035655005A0FEA
:106A80000C59590C0F5A00555603663330653F6A4E
:106A9000693C3C696A3F65303366653033663C6902
:106AA0006A3F3F6A693C6633306500555603590CAE
:106AB0000F5A5A0F0C59035655003021300906055C
:106AC0002B0E03021A0500041480000000000000D1
:106AD00000000000000000000000000000000000B6
:106AE00000000000000000000000000000000000A6
:106AF0000000000000000000000000000000000096
:106B00000000000000000000003031300D06096078
:106B10008648016503040201050004204661696C92
:106B200020746F2072656164204A54414720557378
:106B30006572636F64652E2044656661756C7420B0
:106B4000426F61726420494420746F20300A004211
:106B50006F617264204944206973206E6F742069EC
:106B60006E2072616E6765203020746F203235357B
:106B70000A00626F6172645F257500515350493A93
:106B8000205265666572656E636520636C6F636B2A
:106B9000206174202564206B487A0A00616C74724D
:106BA0002C7273742D6D677200277379736D677221
:106BB0002720616C696173206E6F7420666F756E3B
:106BC0006420696E2064657669636520747265650A
:106BD0000A00416C746572612073797374656D206D
:106BE0006D616E6167657220696E697420666169A6
:106BF0006C65643A2025640A004D50552020202001
:106C000020202025313064206B487A0A004C342043
:106C10004D61696E0920202020253864206B487A58
:106C20000A004C342073797320667265652025381C
:106C300064206B487A0A004C34204D5020202020DC
:106C4000202020253864206B487A0A004C342053D9
:106C50005020202020202020253864206B487A0AEC
:106C60000053444D4D43202020202020202538640F
:106C7000206B487A0A005761726D20005B66726F64
:106C80006D2053444D5D2000436F6C640057617468
:106C90006368646F67004D505500526573657420DA
:106CA00073746174653A20257325730028547269E2
:106CB00067676572656420627920257320256429E1
:106CC0000A002573206465765F726561645F6164A4
:106CD00064722829206661696C65640A0025732046
:106CE0004661696C656420746F207265616420730D
:106CF000797374656D206D616E6167657220617472
:106D0000206C6F7765722070726976696C65676553
:106D100020616E6420776974686F757420424C330B
:106D2000310A002573204661696C656420746F2008
:106D3000777269746520746F2073797374656D2040
:106D40006D616E61676572206174206C6F7765722A
:106D50002070726976696C65676520616E64207762
:106D60006974686F757420424C33310A00616C7429
:106D7000725F7379736D677200616C74722C7379D2
:106D8000732D6D67722D73313000616C74722C73CA
:106D900079732D6D677200736F63667067612D7311
:106DA000797374656D2D6D67722D66697265776193
:106DB0006C6C0053797374656D206D616E616765ED
:106DC00072206669726577616C6C20636F6E6669AC
:106DD0006775726174696F6E206661696C65643A8B
:106DE0002025640A00736F63667067612D6C3369D8
:106DF0006E746572636F6E6E6563742D666972651D
:106E000077616C6C004C3320696E746572636F6ED1
:106E10006E656374206669726577616C6C20636F60
:106E20006E66696775726174696F6E206661696C00
:106E300065643A2025640A002F63686F73656E00ED
:106E400025733A202F63686F73656E206E6F742010
:106E5000666F756E642C207573696E672064656655
:106E600061756C740A0025733A206C696D69742031
:106E7000256420746F2073706C5F626F6F745F6C39
:106E80006973742065786365656465640A00646588
:106E9000766963655F747970650025733A20756E55
:106EA0006B6E6F776E206465766963655F74797069
:106EB000652025730A00752D626F6F742C73706CDA
:106EC0002D626F6F742D6F726465720025733A20A6
:106ED00073706C2D626F6F742D6F726465722069B0
:106EE0006E76616C69642C207573696E67206465C9
:106EF0006661756C740A0025733A206E6F207661A6
:106F00006C696420656C656D656E742073706C2DA2
:106F1000626F6F742D6F72646572206C6973740A8E
:106F200000736F63667067612D736D6D752D73658A
:106F3000637572652D636F6E6669670048505320F4
:106F4000534D4D5520736563757265207365747478
:106F5000696E677320696E6974206661696C656427
:106F60003A2025640A006664745F726F6F743A2079
:106F700025730A0053504C3A206664745F7368723C
:106F8000696E6B5F746F5F6D696E696D756D20659D
:106F90007272202D2025640A0053504C3A206172F1
:106FA00063685F66697875705F6664742065727285
:106FB000202D2025640A00547279696E6720746F51
:106FC00020626F6F742066726F6D2025730A004512
:106FD00072726F723A2025640A0053504C3A205561
:106FE0006E737570706F7274656420426F6F742079
:106FF000446576696365210A0053504C3A20666106
:10700000696C656420746F20626F6F742066726FA4
:107010006D20616C6C20626F6F74206465766963AB
:1070200065730A000A552D426F6F742053504C202F
:10703000323032362E303120284D617220323720E6
:1070400032303236202D2030333A31333A3032204C
:107050002B30303030290A0063616E6E6F74206609
:10706000696E6420696D616765206E6F64652027B5
:107070002573273A2025640A0043616E2774206C2B
:107080006F61642025733A204E6F206C6F6164201D
:107090006164647265737320616E64206E6F206238
:1070A00075666665720A0025733A20536B69702015
:1070B0006C6F616420272573273A20696D616765CD
:1070C0002073697A652069732030210A0043616E5C
:1070D0006E6F742067657420696D616765206461F7
:1070E00074612F73697A650A0023232043686563FE
:1070F0006B696E6720686173682865732920666F05
:107100007220496D616765202573202E2E2E200088
:107110004F4B0A0066647400436F756C64206E6F99
:1071200074206765742046495420627566666572EE
:10713000206F6620256C752062797465730A0009DA
:10714000636865636B20434F4E4649475F53504C1D
:107150005F5359535F4D414C4C4F435F53495A4520
:107160000A00232320436865636B696E67206861AA
:1071700073682865732920666F7220636F6E666975
:1071800067202573202E2E2E20002F696D616765E4
:1071900073006C6F616461626C65730025733A20E3
:1071A00063616E2774206C6F616420696D6167652F
:1071B000206C6F616461626C657320696E646578D0
:1071C0002025642028726574203D202564290A004A
:1071D0006F730061726368004E414E440073706CBF
:1071E0003A20756E737570706F72746564206D6D82
:1071F0006320626F6F74206465766963652E0A0090
:1072000073706C3A20636F756C64206E6F742069C4
:107210006E697469616C697A65206D6D632E206595
:1072200072726F723A2025640A0073706C3A2063A0
:107230006F756C64206E6F742066696E64206D6D6E
:1072400063206465766963652025642E206572720B
:107250006F723A2025640A0073706C3A206D6D637A
:1072600020696E6974206661696C65642077697451
:1072700068206572726F723A2025640A0073706C20
:107280003A206D6D6320706172746974696F6E204D
:10729000737769746368206661696C65640A00735A
:1072A000706C3A206D6D633A2077726F6E67206262
:1072B0006F6F74206D6F64650A00752D626F6F7457
:1072C0002E697462004D4D43325F32004D4D4332A2
:1072D000004D4D4331002F6669742D696D616765FE
:1072E000730025733A206661742072656769737450
:1072F000657220657272202D2025640A0025733A7C
:10730000206572726F722072656164696E672069B0
:107310006D6167652025732C20657272202D2025F4
:10732000640A005350492070726F6265206661697B
:107330006C65642E0A00752D626F6F742C73706C0F
:107340002D7061796C6F61642D6F66667365740072
:107350005350490052414D0061726368697465631E
:107360007475726500636F6D7072657373696F6EAB
:10737000006F7065726174696E67207379737465EC
:107380006D00696D616765207479706500627A6966
:10739000703200677A6970006C7A6D61006C7A6F88
:1073A000006C7A34007A737464006E6F6E650061ED
:1073B0006E7900752D626F6F7400552D426F6F747A
:1073C0002070686173650053504C2050686173658C
:1073D00000756E636F6D7072657373656400627AB9
:1073E00069703220636F6D707265737365640067D6
:1073F0007A697020636F6D70726573736564006C79
:107400007A6D6120636F6D70726573736564006C73
:107410007A6F20636F6D70726573736564006C7A48
:107420003420636F6D70726573736564007A737472
:107430006420636F6D707265737365640061697356
:10744000696D61676500446176696E6369204149D1
:107450005320696D6167650066696C657379737443
:10746000656D0046696C6573797374656D20496D4F
:1074700061676500666C61745F647400466C61747A
:10748000204465766963652054726565006770699C
:107490006D616765005449204B657973746F6E6543
:1074A0002053504C20496D616765006B65726E65B5
:1074B0006C004B65726E656C20496D616765006B91
:1074C00065726E656C5F6E6F6C6F6164004B6572A8
:1074D0006E656C20496D61676520286E6F206C6F4A
:1074E0006164696E6720646F6E6529006B776269FD
:1074F0006D616765004B69726B776F6F6420426FD7
:107500006F7420496D61676500696D78696D6167A9
:107510006500467265657363616C6520692E4D5820
:1075200020426F6F7420496D61676500696D78381E
:10753000696D616765004E585020692E4D5838209E
:10754000426F6F7420496D61676500696D78386DB1
:10755000696D616765004E585020692E4D58384D51
:1075600020426F6F7420496D61676500696E7661B6
:107570006C696400496E76616C696420496D61676D
:1075800065006D756C7469004D756C74692D466984
:107590006C6520496D616765006F6D6170696D6133
:1075A0006765005449204F4D41502053504C20579F
:1075B0006974682047502043480070626C696D61AF
:1075C000676500467265657363616C652050424C67
:1075D00020426F6F7420496D6167650072616D6450
:1075E00069736B0052414D4469736B20496D61674B
:1075F000650073637269707400536372697074001C
:10760000736F6366706761696D61676500416C7473
:1076100065726120536F43465047412043562F41C6
:1076200056207072656C6F6164657200736F63667B
:10763000706761696D6167655F763100416C746583
:10764000726120536F4346504741204131302070D2
:1076500072656C6F61646572007374616E64616CF5
:107660006F6E65005374616E64616C6F6E6520505F
:10767000726F6772616D0075626C696D616765003C
:10768000446176696E63692055424C20696D61677B
:1076900065006D7873696D61676500467265657335
:1076A00063616C65204D585320426F6F7420496DA3
:1076B0006167650061746D656C696D616765004146
:1076C000544D454C20524F4D2D426F6F7420496DE3
:1076D000616765007838365F736574757000783857
:1076E000362073657475702E62696E006C7063333A
:1076F000327878696D616765004C50433332585871
:1077000020426F6F7420496D61676500726B696D0F
:1077100061676500526F636B6368697020426F6FC9
:107720007420496D61676500726B736400526F630A
:107730006B6368697020534420426F6F7420496DF9
:1077400061676500726B73706900526F636B636889
:1077500069702053504920426F6F7420496D6167F2
:107760006500767962726964696D61676500567952
:107770006272696420426F6F7420496D61676500B1
:107780007A796E71696D6167650058696C696E78A8
:10779000205A796E7120426F6F7420496D61676560
:1077A000007A796E716D70696D6167650058696CFA
:1077B000696E78205A796E714D5020426F6F742037
:1077C000496D616765007A796E716D7062696600F6
:1077D00058696C696E78205A796E714D5020426FED
:1077E0006F7420496D6167652028626966290066AB
:1077F000706761004650474120496D6167650074BC
:1078000065650054727573746564204578656375A9
:1078100074696F6E20456E7669726F6E6D656E74F9
:1078200020496D616765006669726D776172655F99
:10783000697674004669726D776172652077697444
:10784000682048414276342049565400706D6D637B
:1078500000544920506F776572204D616E616765F5
:107860006D656E74204D6963726F2D436F6E747217
:107870006F6C6C6572204669726D7761726500731A
:10788000746D3332696D6167650053544D6963727D
:107890006F656C656374726F6E6963732053544DCA
:1078A000333220496D616765006D746B5F696D618E
:1078B0006765004D6564696154656B20426F6F7444
:1078C000524F4D206C6F616461626C6520496D613F
:1078D000676500636F70726F00436F70726F6365EE
:1078E00073736F7220496D6167650073756E786997
:1078F0005F65676F6E00416C6C77696E6E657220B4
:1079000065474F4E20426F6F7420496D6167650077
:1079100073756E78695F746F633000416C6C776962
:107920006E6E657220544F433020426F6F74204951
:107930006D616765006664745F6C6567616379009B
:107940006C656761637920496D616765207769744B
:107950006820466C617420446576696365205472C2
:107960006565200073706B67696D616765005265BE
:107970006E657361732053504B4720496D61676595
:1079800000736673706C005374617246697665208B
:1079900053504C20496D616765007466612D626CBF
:1079A00033310054464120424C333120496D6167E8
:1079B000650073746D3332696D61676576320053AB
:1079C000544D6963726F656C656374726F6E696341
:1079D000732053544D333220496D61676520563210
:1079E0002E3000496E76616C6964204F53006172DD
:1079F0006D2D747275737465642D6669726D77612F
:107A000072650041524D205472757374656420464E
:107A100069726D77617265006C696E7578004C698A
:107A20006E7578006E6574627364004E65744253BF
:107A300044006F736500456E6561204F53450070CB
:107A40006C616E3900506C616E2039007274656D26
:107A500073005254454D530054727573746564201D
:107A6000457865637574696F6E20456E7669726FCF
:107A70006E6D656E7400552D426F6F740076787769
:107A80006F726B73005678576F726B7300716E78FC
:107A900000514E58006F70656E7362690052495311
:107AA000432D56204F70656E53424900656669004C
:107AB000454649204669726D7761726500656C665E
:107AC00000454C4620496D61676500496E76616CE2
:107AD0006964204152434800616C70686100416CE8
:107AE0007068610061726D0041524D00496E7465AD
:107AF0006C207838360069613634004941363400EC
:107B00006D36386B004D36384B006D6963726F62AD
:107B10006C617A65004D6963726F426C617A6500D1
:107B20006D697073004D495053006D697073363440
:107B3000004D49505320363420426974006E696FFD
:107B40007332004E494F5320494900706F77657278
:107B5000706300506F7765725043007070630073FC
:107B60003339300049424D2053333930005375705A
:107B70006572480073706172630053504152430054
:107B8000737061726336340053504152432036346F
:107B90002042697400626C61636B66696E00426CBE
:107BA00061636B66696E00617672333200415652D2
:107BB0003332006E64733332004E44533332006FFD
:107BC00072316B004F70656E524953432031303033
:107BD000300073616E64626F780053616E64626F2F
:107BE000780061726D36340041417263683634004A
:107BF000414D44207838365F3634007874656E73B2
:107C000061005874656E7361007269736376005227
:107C10004953432D560025733A2025733A20257386
:107C20000A0025733A206E756D2062616E6B7320B9
:107C30002564206578636565647320686172646398
:107C40006F646564206C696D69742025642E205210
:107C500065636F6D70696C65207769746820686909
:107C600067686572204D454D4F52595F42414E4BFA
:107C7000535F4D41583F0A005741524E494E473AD3
:107C800020636F756C64206E6F742073657420259B
:107C9000732025732E0A00656E74727900556E7319
:107CA0007570706F727465642025732061646472EE
:107CB0006573732073697A650A00646174612D6F5E
:107CC000666673657400646174612D706F736974A6
:107CD000696F6E00646174612D73697A6500556E19
:107CE00061626C6520746F207665726966792072B6
:107CF00065717569726564207369676E6174757208
:107D0000650043616E27742067657420686173683D
:107D100020616C676F2070726F7065727479007586
:107D2000626F6F742D69676E6F7265002D736B697A
:107D300070706564200043616E277420676574204D
:107D4000686173682076616C75652070726F70650C
:107D500072747900556E737570706F7274656420FB
:107D60006861736820616C676F726974686D004246
:107D7000616420686173682076616C7565206C654C
:107D80006E0042616420686173682076616C75657D
:107D9000002B20002D2000436F7272757074656493
:107DA000206F72207472756E6361746564207472E2
:107DB000656500206572726F72210A257320666FF7
:107DC0007220272573272068617368206E6F6465B1
:107DD00020696E202725732720696D616765206EF5
:107DE0006F64650A0073686131007368613235360B
:107DF00000706B63732D312E3500546F74616C20ED
:107E000073697A6520746F6F206C617267650070AA
:107E1000616464696E67006B65792D6E616D652DB7
:107E200068696E740025733A257300556E6B6E6F2A
:107E3000776E207369676E617475726520616C6717
:107E40006F726974686D006861736865642D6E6F28
:107E50006465730043616E277420676574206861F0
:107E6000736865642D6E6F6465732070726F7065E2
:107E7000727479006861736865642D6E6F646573F0
:107E80002070726F7065727479206D7573742062E2
:107E900065206E756C6C2D7465726D696E617465AC
:107EA00064004E756D626572206F6620686173684C
:107EB0006564206E6F6465732065786365656473BF
:107EC000206D6178696D756D002F636F6E666967EF
:107ED00075726174696F6E730053656C6563746568
:107EE0006420636F6E666967206E6F7420696E2010
:107EF000686173686564206E6F64657300466169CC
:107F00006C656420746F206861736820636F6E66AF
:107F1000696775726174696F6E004E6F2064617479
:107F20006120746F206861736800546F6F206D6109
:107F30006E79206861736820726567696F6E73007F
:107F40006861736865642D737472696E6773005637
:107F50006572696669636174696F6E206661696CD8
:107F60006564004E6F6465206E616D6520636F6EA1
:107F70007461696E73204000726571756972656421
:107F8000004661696C656420746F2076657269666D
:107F900079207265717569726564207369676E61B5
:107FA0007475726520272573270A00436F6E666912
:107FB0006775726174696F6E206E6F646520272526
:107FC000732720636F6E7461696E73202740270AE0
:107FD0000072657175697265642D6D6F646500630B
:107FE0006F6E66004E6F20277369676E61747572DD
:107FF0006527207375626E6F646520666F756E64A9
:1080000000206572726F72210A257320666F7220DC
:10801000272573272068617368206E6F6465206967
:108020006E202725732720636F6E666967206E6F49
:1080300064650A004661696C656420746F2076652A
:10804000726966792027616E7927206F66207468CF
:1080500065207265717569726564207369676E6108
:10806000747572652873290A0064656661756C749D
:10807000006465736372697074696F6E0025733A8A
:10808000204D697373696E6720464454206465739C
:108090006372697074696F6E20696E204454420A7D
:1080A00000616C6C6F632073706163652065786834
:1080B0006175737465642070747220256C78206C0F
:1080C000696D69742025780A006379636C6963209F
:1080D00066756E6374696F6E20257320746F6F6BA5
:1080E00020746F6F206C6F6E673A20256C6C64751E
:1080F000732076732025647573206D61780A0063A0
:1081000072633332007273612C6E756D2D62697407
:1081100073007273612C6E302D696E7665727365B3
:10812000007273612C6578706F6E656E7400727387
:10813000612C6D6F64756C7573007273612C722D98
:1081400073717561726564005253413A2043616EE8
:1081500027742066696E64204D6F64756C617220AF
:1081600045787020696D706C656D656E74617469B9
:108170006F6E0A006B65792D257300727361343060
:1081800039360072736133303732007273613230C6
:108190003438006C696E75782C7068616E646C653B
:1081A000002F616C696173657300636F6D7061743A
:1081B00069626C65003C76616C6964206F66667309
:1081C00065742F6C656E6774683E003C6E6F206549
:1081D00072726F723E003C756E6B6E6F776E2065CB
:1081E00072726F723E004644545F4552525F4E4F6A
:1081F00054464F554E44004644545F4552525F45E5
:108200005849535453004644545F4552525F4E4FB1
:108210005350414345004644545F4552525F4241EA
:10822000444F4646534554004644545F4552525FBE
:1082300042414450415448004644545F4552525FC5
:108240004241445048414E444C45004644545F45E9
:1082500052525F4241445354415445004644545F96
:108260004552525F5452554E434154454400464492
:10827000545F4552525F4241444D41474943004695
:1082800044545F4552525F42414456455253494F10
:108290004E004644545F4552525F4241445354524B
:1082A000554354555245004644545F4552525F422F
:1082B00041444C41594F5554004644545F45525235
:1082C0005F494E5445524E414C004644545F45521E
:1082D000525F4241444E43454C4C53004644545F28
:1082E0004552525F42414456414C55450046445424
:1082F0005F4552525F4241444F5645524C415900EE
:108300004644545F4552525F4E4F5048414E444C94
:108310004553004644545F4552525F424144464CE7
:108320004147530023616464726573732D63656C08
:108330006C73002373697A652D63656C6C730073CD
:108340007461747573006F6B6179004D6973736943
:108350006E67204454420A002F6D656D6F7279007C
:108360002F72657365727665642D6D656D6F7279B8
:108370000072616E6765730025734025782C25783F
:10838000002573402578006E6F2D6D6170006D6162
:108390007463682D6D61736B006D617463682D7615
:1083A000616C7565006175746F2D73697A65002362
:1083B0002323204552524F522023232320506C6503
:1083C0006173652052455345542074686520626F7F
:1083D000617264202323230A00253032580025309F
:1083E0003278003C4E554C4C3E0057686F6C65200F
:1083F0004469736B0068640075736264006D6D633B
:1084000073640078780025732563256400626C6BC3
:108410005F706172746974696F6E00464154004602
:1084200041543332002A2A204E6573746564204417
:108430004F5320706172746974696F6E7320646544
:108440007465637465642C2073746F7070696E67F3
:10845000202A2A0A002A2A2043616E277420726586
:10846000616420706172746974696F6E20746162F6
:108470006C65206F6E2025643A256C75202A2A0AC7
:1084800000626164204D425220736563746F7220F4
:108490007369676E61747572652030782530327843
:1084A000253032780A00444F530025733A25640082
:1084B00025732E25730073637369007573620073EF
:1084C00061746100686F7374006E766D65006E761E
:1084D0006D786970006566696C6F616465720076BD
:1084E000697274696F007076626C6F636B00626CA6
:1084F0006B6D617000726B6D746400756269007001
:10850000726566657463682D64617461007072657C
:1085100066657463682D696E7374720061726D2C88
:108520007368617265642D6F766572726964650047
:1085300061726D2C7461672D6C6174656E63790076
:1085400061726D2C646174612D6C6174656E637908
:1085500000706C3331305F63616368650061726D18
:108560002C706C3331302D63616368650043435573
:108570003A204469726563746F727920696E697418
:1085800069616C697A6174696F6E206661696C6596
:1085900064210A006E636F72655F636375006172C8
:1085A00074657269732C6E636F72652D63637500F9
:1085B00023636C6F636B2D63656C6C7300636C6F0E
:1085C000636B2D6E616D65730043616E6E6F742019
:1085D000656E61626C6520706172656E74202573D2
:1085E0000A0061737369676E65642D636C6F636BFA
:1085F0002D706172656E74730061737369676E6567
:10860000642D636C6F636B730061737369676E6570
:10861000642D636C6F636B2D726174657300636CA2
:108620006B00636C6F636B2D6672657175656E634D
:10863000790066697865645F726174655F726177FD
:108640005F636C6F636B0066697865645F636C6F12
:10865000636B0066697865642D636C6F636B0063A0
:108660006C6F636B2D64697600636C6F636B2D6D4B
:10867000756C740066697865645F666163746F72B7
:108680005F636C6F636B0066697865642D66616318
:10869000746F722D636C6F636B00636C6B2D61671D
:1086A000696C657800696E74656C2C6167696C65CE
:1086B000782D636C6B6D6772002F636C6F636B73E7
:1086C000002F6669726D7761726500726F6F74005A
:1086D000726F6F745F647269766572006E6F70009E
:1086E00073696D706C655F6275730073696D706C32
:1086F000652D6275730073696D706C652D6D6664B0
:10870000007265672D6E616D6573002F636F6E6615
:108710006967006D69736300696E74656C2C6F66C0
:10872000667365742D73657474696E677300257361
:108730003A204F766572666C6F77206173206F66A2
:1087400066736574203078256C6C78206F722072A7
:10875000656700207772697465206973206D6F7298
:1087600065207468616E20626C6F636B2073697A38
:108770006520307825780A00696E74656C2C736FFB
:1087800063667067612D647472656700446F20775B
:1087900061726D207265736574206E6F772E2E2E58
:1087A0000A004D61696C626F783A2049737375698C
:1087B0006E67206D61696C626F7820636D64205212
:1087C00045424F4F545F4850530A00736F636670C1
:1087D00067615F7379737265736574004D4D433AD9
:1087E00020626C6F636B206E756D626572203078ED
:1087F000256C782065786365656473206D617828E1
:108800003078256C78290A006D6D63206661696C8B
:1088100020746F2073656E642073746F7020636DB5
:10882000640A004361726420646964206E6F74207E
:10883000726573706F6E6420746F20766F6C7461F4
:1088400067652073656C65637421203A2025640A8E
:10885000004D4D433A206E6F206361726420707248
:108860006573656E740A00756E61626C6520746F65
:108870002073656C6563742061206D6F64650A0008
:108880004E6F206578745F63736420666F756E64E5
:10889000210A0053656C65637420485334303020DE
:1088A0006661696C65642025640A0053656C6563C4
:1088B000742048533430304553206661696C6564D8
:1088C0002025640A00756E61626C6520746F2073E8
:1088D000656C6563742061206D6F64653A20256462
:1088E0000A004D616E202530367820536E722025A7
:1088F000303478253034780025632563256325637B
:10890000256325630025642E2564004D4D432044D6
:108910006576696365202564206E6F7420666F75C7
:108920006E640A006D6D635F626C6B006369750055
:1089300025733A204661696C656420746F20646910
:108940007361626C652053444D4D4320636C6F63CB
:108950006B0A0025733A204661696C656420746F68
:1089600020656E61626C652053444D4D4320636CFD
:108970006F636B0A0044574D4D433A2043616E27A5
:108980007420676574204649464F2064657074689A
:108990000A0064727673656C00736D706C73656C3D
:1089A000006669666F2D6D6F64650044574D4D43D9
:1089B0003A204D4D4320636C6F636B206973207ABE
:1089C00065726F2100736F63667067615F64776DB6
:1089D0006D6300616C74722C736F63667067612DD8
:1089E00064772D6D7368630052656D6F76696E678D
:1089F000204D5444206465766963652023256420F6
:108A00002825732920776974682075736520636F42
:108A1000756E742025640A002F647269766572731E
:108A20002F6D74642F6D7464636F72652E630042E2
:108A300055472061742025733A25642F2573282912
:108A4000210A00425547210025733A20756E6C6F4C
:108A5000636B206661696C65642C2077726974654C
:108A600073206D6179206E6F7420776F726B0A00CE
:108A70004572726F72207768656E2064656C6574EC
:108A8000696E6720706172746974696F6E20222547
:108A9000732220282564290A004D5444006E616E1B
:108AA00064256400546F73686962610053616D737B
:108AB000756E670046756A69747375004E617469F6
:108AC0006F6E616C0052656E657361730053542064
:108AD0004D6963726F0048796E6978004D69637201
:108AE0006F6E00414D442F5370616E73696F6E005D
:108AF0004D6163726F6E697800456F6E0053616EF1
:108B00004469736B00496E74656C0041544F0055A5
:108B10006E6B6E6F776E00544335384E5647305348
:108B2000334520314720332E335620382D62697467
:108B300000544335384E5647325330462034472090
:108B4000332E335620382D62697400544335384E25
:108B500056473253304820344720332E335620387E
:108B60002D62697400544335384E564733533046AE
:108B700020384720332E335620382D626974005434
:108B80004335384E56473544322033324720332E52
:108B9000335620382D62697400544335384E564799
:108BA0003644322036344720332E335620382D6257
:108BB0006974005344544E5147414D412036344767
:108BC00020332E335620382D626974005344544E9E
:108BD0005247414D412036344720332E33562038FA
:108BE0002D62697400483237554247385432425436
:108BF000522D42432033324720332E335620382D16
:108C000062697400483237554347385432415452F0
:108C10002D42432036344720332E335620382D62E0
:108C20006974004832375143473854324535522D24
:108C30004243462036344720332E335620382D62A7
:108C40006974004E414E4420344D6942203556200F
:108C5000382D626974004E414E4420344D694220E3
:108C6000332C335620382D626974004E414E442017
:108C7000384D694220332C335620382D62697400F8
:108C80004E414E442031364D694220312C38562019
:108C9000382D626974004E414E442031364D694290
:108CA00020332C335620382D626974004E414E44D7
:108CB0002031364D694220312C38562031362D6214
:108CC0006974004E414E442031364D694220332CA8
:108CD00033562031362D626974004E414E442033A4
:108CE000324D694220312C385620382D626974008B
:108CF0004E414E442033324D694220332C335620AE
:108D0000382D626974004E414E442033324D694221
:108D100020312C38562031362D626974004E414E78
:108D2000442033324D694220332C33562031362DC6
:108D3000626974004E414E442036344D6942203100
:108D40002C385620382D626974004E414E4420362E
:108D5000344D694220332C335620382D626974001B
:108D60004E414E442036344D694220312C38562035
:108D700031362D626974004E414E442036344D69BF
:108D80004220332C33562031362D626974004E4117
:108D90004E44203132384D694220312C385620382B
:108DA0002D626974004E414E44203132384D694283
:108DB00020332C335620382D626974004E414E44C6
:108DC000203132384D694220312C38562031362D31
:108DD000626974004E414E44203132384D69422060
:108DE000332C33562031362D626974004E414E4487
:108DF000203235364D694220332C335620382D62CF
:108E00006974004E414E44203235364D694220315E
:108E10002C385620382D626974004E414E44203261
:108E200035364D694220312C38562031362D626955
:108E300074004E414E44203235364D694220332C69
:108E400033562031362D626974004E414E44203530
:108E500031324D694220312C385620382D626974E8
:108E6000004E414E44203531324D694220332C337F
:108E70005620382D626974004E414E4420353132FF
:108E80004D694220312C38562031362D62697400EC
:108E90004E414E44203531324D694220332C3356F9
:108EA0002031362D626974004E414E4420314769AD
:108EB0004220312C385620382D626974004E414EC4
:108EC00044203147694220332C335620382D6269C3
:108ED00074004E414E44203147694220312C3856AF
:108EE0002031362D626974004E414E44203147696D
:108EF0004220332C33562031362D626974004E41A6
:108F00004E44203247694220312C385620382D6299
:108F10006974004E414E44203247694220332C335D
:108F20005620382D626974004E414E442032476904
:108F30004220312C38562031362D626974004E4162
:108F40004E44203247694220332C33562031362D8F
:108F5000626974004E414E44203447694220312CEE
:108F6000385620382D626974004E414E44203447F3
:108F7000694220332C335620382D626974004E41EB
:108F80004E44203447694220312C38562031362D4A
:108F9000626974004E414E44203447694220332CAC
:108FA00033562031362D626974004E414E442038CC
:108FB00047694220312C385620382D626974004EA2
:108FC000414E44203847694220332C335620382DF7
:108FD000626974004E414E44203847694220312C6A
:108FE00038562031362D626974004E414E44203887
:108FF00047694220332C33562031362D6269740084
:109000004E414E4420313647694220312C3856209B
:10901000382D626974004E414E4420313647694212
:1090200020332C335620382D626974004E414E4453
:1090300020313647694220312C38562031362D6296
:109040006974004E414E4420313647694220332C2A
:1090500033562031362D626974004E414E44203320
:109060003247694220312C385620382D626974000D
:109070004E414E4420333247694220332C33562030
:10908000382D626974004E414E44203332476942A4
:1090900020312C38562031362D626974004E414EF5
:1090A0004420333247694220332C33562031362D49
:1090B000626974004E414E44203634476942203183
:1090C0002C385620382D626974004E414E442036AB
:1090D0003447694220332C335620382D626974009E
:1090E0004E414E4420363447694220312C385620B8
:1090F00031362D626974004E414E44203634476942
:109100004220332C33562031362D6269740041746D
:1091100074656D707420746F2072656164206E6F69
:109120006E20706167652D616C69676E656420648F
:109130006174610A00417474656D707420746F20ED
:1091400072656164206F7574736964652074686505
:1091500020666C61736820617265610A0053697AE8
:1091600065206F662072656164206578636565645B
:109170007320706172746974696F6E206F722064FD
:109180006576696365206C696D69740A004E414EAD
:109190004420726561642066726F6D206F6666732D
:1091A000657420256C6C78206661696C6564202587
:1091B000640A00536B697070696E67206261642095
:1091C000626C6F636B2030782530386C6C780A00E5
:1091D0002F647269766572732F6D74642F6E616E81
:1091E000642F7261772F6E616E645F626173652EAA
:1091F00063005741524E494E472061742025733A0F
:1092000025642F25732829210A004661696C65644D
:1092100020746F20636F6E66696775726520646184
:10922000746120696E7465726661636520746F2075
:109230005344522074696D696E67206D6F646520B8
:10924000300A004F4E46490045505053004A4544AD
:10925000454300436F756C64206E6F742066696EC1
:10926000642076616C6964204A45444543207061FE
:1092700072616D6574657220706167653B20616223
:109280006F7274696E670A00436F756C64206E6F4D
:10929000742066696E642076616C6964204F4E4666
:1092A0004920706172616D657465722070616765D7
:1092B0003B2061626F7274696E670A006E616E6452
:1092C0002D6275732D7769647468006E616E642D0C
:1092D00069732D626F6F742D6D656469756D006EB5
:1092E000616E642D6F6E2D666C6173682D626274A1
:1092F000006E616E642D6563632D6D6F6465007330
:109300006F66740068770068775F73796E64726F58
:109310006D650068775F6F6F625F66697273740076
:10932000736F66745F626368006E616E642D65635F
:10933000632D616C676F0068616D6D696E67006EAB
:10934000616E642D6563632D737472656E677468F6
:10935000006E616E642D6563632D737465702D738B
:10936000697A65006D7573742073657420626F741B
:109370006820737472656E67746820616E64207310
:109380007465702073697A6520696E2044540A0000
:109390006E616E642D6563632D6D6178696D697AA8
:1093A00065004543432028737465702C20737472E4
:1093B000656E67746829203D202825642C2025646B
:1093C0002920646F6573206E6F742066697420694C
:1093D0006E204F4F42004543432028737465702C24
:1093E00020737472656E67746829203D2028256497
:1093F0002C20256429206E6F7420737570706F7235
:10940000746564206F6E207468697320636F6E7476
:10941000726F6C6C657200496E76616C6964204590
:1094200043432070616765206163636573736F7286
:10943000732073657475700A004D5833304C463193
:109440004731384143004D5833304C46324731386C
:109450004143004D5833304C463447313841430086
:1094600077726974650072656164002573202573E5
:109470003A206661696C656420746F20706572665D
:109480006F726D204F545020494F3A2025690A00D1
:1094900075646576696365202A2900284E554C4C11
:1094A0000025732025733A206661696C6564207419
:1094B0006F206C65617665204F5450206D6F646538
:1094C0002061667465722025730A00496E76616CAE
:1094D0006964204F4F422073697A652076616C750C
:1094E0006500436F756C64206E6F7420676574202F
:1094F00045434320696E666F0025732025733A202B
:1095000074696D656F7574207768696C6520776123
:109510006974696E6720666F722069727120307895
:1095200025780A0025732025733A204661696C6509
:109530006420746F207365747570204543432073F5
:10954000657474696E67732E0A0025732025733A5B
:1095500020756E737570706F72746564206E756DB2
:10956000626572206F662064657669636573202585
:10957000640A0025732025733A204661696C65648E
:1095800020746F207265676973746572204D54444E
:109590003A2025640A0064656E616C695F726567D4
:1095A000002F647269766572732F6D74642F6E611B
:1095B0006E642F7261772F64656E616C695F64748D
:1095C0002E63006E616E645F64617461006E616E33
:1095D000645F78006563630025732025733A207209
:1095E00065736574206E6F7420636F6D706C657445
:1095F00065642E0A004661696C656420746F206999
:109600006E697469616C697A652044656E616C6924
:10961000204E414E4420636F6E74726F6C6C6572A5
:109620002E20286572726F72202564290A006465F5
:109630006E616C692D6E616E642D647400616C7472
:10964000722C736F63667067612D64656E616C69FF
:109650002D6E616E6400736F63696F6E6578742C34
:10966000756E6970686965722D64656E616C692DCF
:109670006E616E642D76356100736F63696F6E6520
:1096800078742C756E6970686965722D64656E6199
:109690006C692D6E616E642D763562007370695F42
:1096A000666C6173684025643A2564006A65646588
:1096B000635F7370695F6E6F72007370695F666C71
:1096C0006173680053463A204661696C6564207492
:1096D0006F2073657420757020736C6176650A0065
:1096E0006A656465632C7370692D6E6F72007370A8
:1096F000692D666C6173680025732025733A2066B6
:109700006C617368206F7065726174696F6E20742C
:10971000696D6564206F75740A00656E61626C69BD
:109720006E67207265736574206861636B3B206DA2
:109730006179206E6F74207265636F766572206642
:10974000726F6D20756E65787065637465642072E4
:1097500065626F6F74730A007374646F75742D7033
:1097600061746800636F6E736F6C65004E6F207379
:10977000657269616C2064726976657220666F75C6
:109780006E64007265672D6F66667365740072653E
:10979000672D7368696674007265672D696F2D7730
:1097A00069647468006E7331363535305F73657285
:1097B00069616C006E733136353530006E73313649
:1097C0003535306100696E67656E69632C6A7A347D
:1097D0003738302D75617274006E76696469612C5A
:1097E000746567726132302D7561727400736E70CA
:1097F000732C64772D6170622D7561727400696ECF
:1098000074656C2C787363616C652D75617274007E
:1098100025732025733A2043616E6E6F7420736543
:109820007420737065656420286572723D25642913
:109830000A0025732025733A2043616E6E6F7420F1
:10984000736574206D6F646520286572723D2564B0
:10985000290A007370692D6D61782D6672657175C6
:10986000656E63790025732025733A20496E766111
:109870006C696420637320256420286572723D251D
:1098800064290A00496E76616C69642062757320F0
:10989000256420286572723D2564290A00257320FD
:1098A00025733A20496E76616C696420636869703B
:1098B0002073656C6563742025643A2564202865EF
:1098C00072723D2564290A007370692D63706F6C94
:1098D000007370692D63706861007370692D637324
:1098E0002D68696768007370692D33776972650048
:1098F0007370692D68616C662D6475706C65780095
:109900007370692D74782D6275732D77696474682E
:10991000007370692D72782D6275732D7769647488
:1099200068007370695F67656E657269635F647212
:1099300076007370695F67656E6572696300534690
:109940003A2043616C6962726174696F6E2066616E
:10995000696C6564202872656164290A0053463A7F
:109960002043616C6962726174696F6E206661691F
:109970006C656420286C6F772072616E6765290AB8
:1099800000616D642C76657273616C322D6F73703B
:10999000690063646E732C69732D6465636F64651D
:1099A000642D63730063646E732C6669666F2D6447
:1099B000657074680063646E732C6669666F2D77DA
:1099C000696474680063646E732C74726967676598
:1099D000722D616464726573730063646E732C69C5
:1099E000732D646D61004572726F723A20737562F7
:1099F0006E6F646520776974682053504920666CE7
:109A000061736820636F6E666967206D697373693F
:109A10006E67210A00706167652D73697A6500625F
:109A20006C6F636B2D73697A650063646E732C745D
:109A30007368736C2D6E730063646E732C7473643F
:109A400032642D6E730063646E732C746368736884
:109A50002D6E730063646E732C74736C63682D6E6B
:109A6000730063646E732C726561642D64656C6150
:109A70007900636164656E63655F73706900636438
:109A80006E732C717370692D6E6F720074692C6126
:109A90006D3635342D6F73706900515350493A203B
:109AA00051535049206973207374696C6C2062753E
:109AB000737920616674657220706F6C6C20666FBC
:109AC0007220256C75206D732E0A00515350493A4F
:109AD00020666C61736820636F6D6D616E642065D4
:109AE0007865637574696F6E2074696D656F7574E0
:109AF0000A00496E646972656374207772697465DF
:109B00002074696D6564206F757420282569290AA1
:109B100000496E64697265637420726561642063D4
:109B20006C65617220636F6D706C6574696F6E2017
:109B30006572726F7220282569290A00496E64696E
:109B400072656374207265616420636F6D706C650B
:109B500074696F6E206572726F7220282569290AF8
:109B600000496E6469726563742077726974652058
:109B7000636C65617220636F6D706C6574696F6E84
:109B8000206572726F7220282569290A00496E6467
:109B9000697265637420777269746520636F6D7094
:109BA0006C6574696F6E206572726F72202825690A
:109BB000290A007273615F6D6F645F657870006D74
:109BC0006F645F6578705F73770025732025733A43
:109BD0002043616E27742067657420726573657415
:109BE0003A2025640A00534452414D20696E69743D
:109BF000206661696C65642E0A00496E76616C6945
:109C0000642073697A653A204D656D6F72792073AF
:109C1000697A6520726571756972656420746F2058
:109C20006265206D756C7469706C650A006F6620E2
:109C300036342D42697420776F7264210A004D65B5
:109C40006D6F72792074657374696E6720666169DF
:109C50006C6564210A004444523A20534452414DF9
:109C60002073697A6520636865636B206661696C3F
:109C70006564210A00616C74725F7364725F63745F
:109C80006C00616C74722C7364722D63746C2D7330
:109C9000313000696E74656C2C7364722D63746C62
:109CA0002D6167696C657800696E74656C2C7364EE
:109CB000722D63746C2D6E357800696E74656C2C32
:109CC0007364722D63746C2D6167696C65783500FF
:109CD000696E74656C2C7364722D63746C2D61678E
:109CE000696C6578376D004444520048424D004429
:109CF00044523A204661696C656420746F20706F2D
:109D000070756C617465204444522068616E646FA4
:109D100066660A0025733A20534452414D20696E0D
:109D2000697420696E2070726F6772657373202E7C
:109D30002E2E0A0025733A204661696C65642074F2
:109D40006F20636F6E666967757265206D756C74E0
:109D5000696368616E6E656C2F696E7465726C659F
:109D60006176696E67206D6F64650A004444523AFB
:109D70002043616C6962726174696F6E20737563F0
:109D8000636573730A004444523A204661696C6506
:109D90006420746F20676574204444522074797085
:109DA000650A004444523A204661696C6564207437
:109DB0006F20676574204444522073697A650A00F5
:109DC00048424D3A2052652D63616C69627261743C
:109DD000696F6E20696E2070726F67726573732E83
:109DE0002E2E0A0048424D3A205265747279206343
:109DF000616C6962726174696F6E206661696C651D
:109E0000642026206E6F742061626C6520746F2060
:109E100072652D63616C6962726174650A00484203
:109E20004D3A2043616C6962726174696F6E207390
:109E30007563636573730A0025733A204661696C24
:109E4000656420746F206465636F6465206D656D63
:109E50006F7279206E6F64650A004444523A20465E
:109E600061696C656420746F206765742044445296
:109E700020454343207374617475730A0025733A57
:109E8000205761726E696E673A204452414D2073CB
:109E9000697A652066726F6D2064657669636520F6
:109EA000747265652028256C6C64204D6942290A0E
:109EB00000206D69736D6174636820776974682030
:109EC00068617264776172652028256C6C64204D2E
:109ED0006942292E0A0025733A204572726F723A40
:109EE000204452414D2073697A652066726F6D205F
:109EF000646576696365207472656520697320679F
:109F00007265617465720A00207468616E20686110
:109F10007264776172652073697A652E0A00257311
:109F20003A20256C6C64204D69420A004444523A40
:109F300020454343206572726F72207265636F76AD
:109F40006572207374617274206E6F770A004444E6
:109F5000523A204661696C656420746F207472699E
:109F600067676572207761746368646F67207265E4
:109F70007365740A0025733A204661696C65642034
:109F8000746F2066756C6C7920696E697469616C98
:109F9000697A6520444452206D656D6F72790A00BC
:109FA00048424D3A204661696C656420746F2066B2
:109FB000756C6C7920696E697469616C697A652069
:109FC00048424D206D656D6F72790A0025733A2005
:109FD00073697A6520636865636B20737563636575
:109FE00073730A0025733A206669726577616C6C39
:109FF00020696E697420737563636573730A002545
:10A000007320696E697420737563636573730A00E6
:10A0100025733A204E4F43504C4C206973206E6F8D
:10A0200074206C6F636B65640A0025733A20434D9E
:10A03000445F524553504F4E5345204552524F5264
:10A040003A0A0025733A205354415455535F47450B
:10A050004E4552414C5F4552524F523A203078257E
:10A060006C780A0025733A205354415455535F438A
:10A070004D445F524553504F4E53455F4552524FEA
:10A08000523A203078256C780A0025733A20496EC0
:10A0900076616C696420726573706F6E736520649D
:10A0A0006174610A0025733A2054696D656F757497
:10A0B000206F662077616974696E6720444452207E
:10A0C0006D61696C626F7820726561647920746F6C
:10A0D0002062652066756E6374696F6E6564210A1F
:10A0E0000025733A20494F53534D206D61696C62CE
:10A0F0006F782076657273696F6E3A2025640A0066
:10A100004444523A204661696C656420746F20674C
:10A11000657420636F6D70617469626C65206D6138
:10A12000696C626F782076657273696F6E0A0025BC
:10A13000733A20534452414D2063616C69627261ED
:10A1400074696F6E20666F7220494F3936422069FC
:10A150006E7374616E6365203078256C6C78207442
:10A16000696D656F7574210A0025733A20696F73F4
:10A17000736D20494F39364220636B67656E615FAE
:10A180006C6F636B206973206E6F74206C6F636BF0
:10A1900065640A0025733A20496E697469616C2010
:10A1A0004444522063616C6962726174696F6E200D
:10A1B000494F3936425F2564206661696C656420C9
:10A1C00025640A0025733A20496E697469616C2020
:10A1D0004444522063616C6962726174696F6E20DD
:10A1E000494F3936425F2564207375636365656442
:10A1F0000A00554E4B4E4F574E0025733A204D697D
:10A20000736D6174636820444452207479706520D2
:10A210006F6E20494F3936425F25640A0025733A34
:10A22000204661696C656420746F206765742076D0
:10A23000616C6964206D656D6F72792073697A65F0
:10A240000A0025733A204D69736D61746368204478
:10A2500044522045434320737461747573206F6EBC
:10A2600020494F3936425F25640A00446F75626C9D
:10A27000652D626974206572726F720053696E6732
:10A280006C652D626974206572726F720025733A75
:10A2900020454343206572726F72206E756D626552
:10A2A00072206465746563746564206F6E20494F25
:10A2B0003936425F25643A2025640A00454343202D
:10A2C0004572726F72204F766572666C6F772046AA
:10A2D0006C6167733A0A002025733A204444522087
:10A2E000454343204572726F722044657465637400
:10A2F0006564206F6E20494F3936425F2564206EB9
:10A30000756D6265723A25640A00202D20657272AF
:10A310006F7220696E666F2061646472657373206A
:10A320003A3078256C6C780A00202D206572726FA7
:10A330007220697020747970653A2025640A0020C3
:10A340002D206572726F7220696E7374616E636521
:10A350002069643A2025640A00202D206572726FFE
:10A360007220736F757263652069643A2025640AF0
:10A3700000202D206572726F7220747970653A200A
:10A3800025730A00202D206572726F72206164644B
:10A39000726573733A203078253031366C6C780AE8
:10A3A000000A25733A2045434320646F75626C654B
:10A3B0002D626974206572726F72206465746563C2
:10A3C000746564210A0025733A204661696C6564EE
:10A3D00020746F20696E697469616C697A65206D9B
:10A3E000656D6F7279206F6E20494F3936425F2557
:10A3F000640A0025733A20424953545F4D454D5F2E
:10A40000494E49545F5354415254204572726F7201
:10A4100020636F6465203078256C780A0025733AD4
:10A420002054696D656F757420696E697469616C1B
:10A43000697A65206D656D6F7279206F6E20494F66
:10A440003936425F25640A0025733A204249535445
:10A450005F4D454D5F494E49545F535441545553E8
:10A46000204572726F7220636F6465203078256CAE
:10A47000780A004572726F723A204D656D6F72797D
:10A4800020696E6974206661696C6564206174205E
:10A49000496E7374616E63652025642C20496E7467
:10A4A0006572666163652025640A00202D2053696A
:10A4B0006E676C652D626974206572726F720A0036
:10A4C000202D204D756C7469706C652073696E6702
:10A4D0006C652D626974206572726F72730A002058
:10A4E0002D20446F75626C652D62697420657272EF
:10A4F0006F720A00202D204D756C7469706C652098
:10A50000646F75626C652D626974206572726F721A
:10A51000730A00202D2053696E676C652D62697483
:10A52000206572726F7220647572696E6720454390
:10A530004320736372756262696E670A00202D2082
:10A540005772697465206C696E6B204543432073B4
:10A55000696E676C652D626974206572726F722016
:10A56000284C5044445235206F6E6C79290A0020E3
:10A570002D205772697465206C696E6B20454343CA
:10A5800020646F75626C652D626974206572726FEC
:10A590007220284C5044445235206F6E6C79290A41
:10A5A00000202D2052656164206C696E6B2045434C
:10A5B000432073696E676C652D62697420657272E1
:10A5C0006F7220284C5044445235206F6E6C7929AC
:10A5D0000A00202D2052656164206C696E6B204555
:10A5E000434320646F75626C652D626974206572E7
:10A5F000726F7220284C5044445235206F6E6C7933
:10A60000290A00202D20524D572072656164206C6C
:10A61000696E6B2045434320646F75626C652D62E3
:10A620006974206572726F7220284C504444523510
:10A63000206F6E6C79290A00444452355F524449B8
:10A640004D4D004C5044445234004C50444452351B
:10A650000051445249560025733A2054494D454F04
:10A660005554212121204D425752414444525F56B6
:10A67000414C4944206973206E6F74207A65726F73
:10A680000A0025733A2054494D454F555421212144
:10A69000204D425752444154415F454E4420697316
:10A6A000206E6F74207A65726F0A0025733A204815
:10A6B000424D2063616C6962726174696F6E2055EE
:10A6C000494220696E7374616E6365203078256C31
:10A6D0006C782074696D656F75740A0025733A2073
:10A6E000496E697469616C2048424D2063616C69F0
:10A6F00062726174696F6E205549425F25642066FD
:10A7000061696C65640A0025733A2048424D2072E5
:10A71000652D63616C6962726174696F6E20554961
:10A72000425F2564206661696C65640A0025733A9E
:10A730002054494D454F5554212121204D4252442A
:10A74000444154415F56414C4944206973207A6525
:10A75000726F0A0025733A2054494D454F555421D4
:10A760002121204D425244414444525F56414C49BC
:10A7700044206973206E6F74207A65726F0A002519
:10A78000733A204661696C656420746F20696E6954
:10A790007469616C697A65206D656D6F7279206F7F
:10A7A0006E2055494220696E7374616E6365202581
:10A7B000640A0025733A2054696D656F75742069C9
:10A7C0006E697469616C697A696E67206D656D6F19
:10A7D0007279206F6E2055494220696E7374616EE4
:10A7E00063652025640A002372657365742D6365B3
:10A7F0006C6C730072657365747300616C74722C99
:10A800006D6F647273742D6F666673657400736F19
:10A8100063667067612D7265736574006465736942
:10A82000676E776172655F77647400736E70732C06
:10A8300064772D7764740074696D656F75742D731A
:10A8400065630068775F6D617267696E5F6D730045
:10A85000752D626F6F742C6E6F6175746F73746198
:10A86000727400752D626F6F742C6175746F7374E0
:10A8700061727400657665727920256C646D730071
:10A880005744543A20202053746172746564202523
:10A8900073207769746825732073657276696369BC
:10A8A0006E6720257320282564732074696D656F99
:10A8B0007574290A005744543A2020204E6F7420A2
:10A8C0007374617274696E672025730A005744546B
:10A8D0003A2020204661696C656420746F2073748F
:10A8E0006172742025730A007761746368646F670E
:10A8F00000496E76616C69642046415420656E742F
:10A9000072793A2025233038780A00464154207362
:10A910006563746F722073697A65206D69736D6108
:10A92000746368202866733D25752C206465763D28
:10A93000256C75290A0046415420636C7573746553
:10A94000722073697A65206E6F74207365740A00D3
:10A9500046415420636C75737465722073697A651F
:10A9600020746F6F20626967202863733D25752C02
:10A97000206D61783D2575290A0055AA0050617245
:10A98000746974696F6E20256420696E76616C69E4
:10A9900064206F6E206465766963652025640A0013
:10A9A0002E2E00496E76616C696420464154206504
:10A9B0006E7472790A004572726F722072656164FA
:10A9C000696E6720636C75737465720A0003130BFC
:10A9D0000C3B3CBBBC6B6CEBEC00000000000000CF
:10A9E0000000000000000000000000000000000067
:10A9F0000000000000000000010000000000000056
:10AA00000000000000000000000000000000000046
:10AA10000000000000000000000000000000000036
:10AA20000000000000000000000000000000000026
:10AA30000000000000000000000000000000000016
:10AA40000000000000000000000000000000000006
:10AA500000000000000000000000000000000000F6
:10AA600000000000000000000000000000000000E6
:10AA70000000000000000000E57DE2FF0000000093
:10AA8000140000000F000000BA6AE2FF000000009E
:10AA9000946BE0FF00000000EA7DE2FF0000000090
:10AAA0002000000013000000096BE2FF000000001E
:10AAB000946BE0FF00000000FFFFFFFFFFFFFFFFC0
:10AAC0000000020000000000000000000000000084
:10AAD0000000000000000000C8AAE2FF0000000023
:10AAE000C8AAE2FF00000000D8AAE2FF00000000B0
:10AAF000D8AAE2FF00000000E8AAE2FF0000000080
:10AB0000E8AAE2FF00000000F8AAE2FF000000004F
:10AB1000F8AAE2FF0000000008ABE2FF000000001E
:10AB200008ABE2FF0000000018ABE2FF00000000ED
:10AB300018ABE2FF0000000028ABE2FF00000000BD
:10AB400028ABE2FF0000000038ABE2FF000000008D
:10AB500038ABE2FF0000000048ABE2FF000000005D
:10AB600048ABE2FF0000000058ABE2FF000000002D
:10AB700058ABE2FF0000000068ABE2FF00000000FD
:10AB800068ABE2FF0000000078ABE2FF00000000CD
:10AB900078ABE2FF0000000088ABE2FF000000009D
:10ABA00088ABE2FF0000000098ABE2FF000000006D
:10ABB00098ABE2FF00000000A8ABE2FF000000003D
:10ABC000A8ABE2FF00000000B8ABE2FF000000000D
:10ABD000B8ABE2FF00000000C8ABE2FF00000000DD
:10ABE000C8ABE2FF00000000D8ABE2FF00000000AD
:10ABF000D8ABE2FF00000000E8ABE2FF000000007D
:10AC0000E8ABE2FF00000000F8ABE2FF000000004C
:10AC1000F8ABE2FF0000000008ACE2FF000000001B
:10AC200008ACE2FF0000000018ACE2FF00000000EA
:10AC300018ACE2FF0000000028ACE2FF00000000BA
:10AC400028ACE2FF0000000038ACE2FF000000008A
:10AC500038ACE2FF0000000048ACE2FF000000005A
:10AC600048ACE2FF0000000058ACE2FF000000002A
:10AC700058ACE2FF0000000068ACE2FF00000000FA
:10AC800068ACE2FF0000000078ACE2FF00000000CA
:10AC900078ACE2FF0000000088ACE2FF000000009A
:10ACA00088ACE2FF0000000098ACE2FF000000006A
:10ACB00098ACE2FF00000000A8ACE2FF000000003A
:10ACC000A8ACE2FF00000000B8ACE2FF000000000A
:10ACD000B8ACE2FF00000000C8ACE2FF00000000DA
:10ACE000C8ACE2FF00000000D8ACE2FF00000000AA
:10ACF000D8ACE2FF00000000E8ACE2FF000000007A
:10AD0000E8ACE2FF00000000F8ACE2FF0000000049
:10AD1000F8ACE2FF0000000008ADE2FF0000000018
:10AD200008ADE2FF0000000018ADE2FF00000000E7
:10AD300018ADE2FF0000000028ADE2FF00000000B7
:10AD400028ADE2FF0000000038ADE2FF0000000087
:10AD500038ADE2FF0000000048ADE2FF0000000057
:10AD600048ADE2FF0000000058ADE2FF0000000027
:10AD700058ADE2FF0000000068ADE2FF00000000F7
:10AD800068ADE2FF0000000078ADE2FF00000000C7
:10AD900078ADE2FF0000000088ADE2FF0000000097
:10ADA00088ADE2FF0000000098ADE2FF0000000067
:10ADB00098ADE2FF00000000A8ADE2FF0000000037
:10ADC000A8ADE2FF00000000B8ADE2FF0000000007
:10ADD000B8ADE2FF00000000C8ADE2FF00000000D7
:10ADE000C8ADE2FF00000000D8ADE2FF00000000A7
:10ADF000D8ADE2FF00000000E8ADE2FF0000000077
:10AE0000E8ADE2FF00000000F8ADE2FF0000000046
:10AE1000F8ADE2FF0000000008AEE2FF0000000015
:10AE200008AEE2FF0000000018AEE2FF00000000E4
:10AE300018AEE2FF0000000028AEE2FF00000000B4
:10AE400028AEE2FF0000000038AEE2FF0000000084
:10AE500038AEE2FF0000000048AEE2FF0000000054
:10AE600048AEE2FF0000000058AEE2FF0000000024
:10AE700058AEE2FF0000000068AEE2FF00000000F4
:10AE800068AEE2FF0000000078AEE2FF00000000C4
:10AE900078AEE2FF0000000088AEE2FF0000000094
:10AEA00088AEE2FF0000000098AEE2FF0000000064
:10AEB00098AEE2FF00000000A8AEE2FF0000000034
:10AEC000A8AEE2FF00000000B8AEE2FF0000000004
:10AED000B8AEE2FF00000000C8AEE2FF00000000D4
:10AEE000C8AEE2FF00000000D8AEE2FF00000000A4
:10AEF000D8AEE2FF00000000E8AEE2FF0000000074
:10AF0000E8AEE2FF00000000F8AEE2FF0000000043
:10AF1000F8AEE2FF0000000008AFE2FF0000000012
:10AF200008AFE2FF0000000018AFE2FF00000000E1
:10AF300018AFE2FF0000000028AFE2FF00000000B1
:10AF400028AFE2FF0000000038AFE2FF0000000081
:10AF500038AFE2FF0000000048AFE2FF0000000051
:10AF600048AFE2FF0000000058AFE2FF0000000021
:10AF700058AFE2FF0000000068AFE2FF00000000F1
:10AF800068AFE2FF0000000078AFE2FF00000000C1
:10AF900078AFE2FF0000000088AFE2FF0000000091
:10AFA00088AFE2FF0000000098AFE2FF0000000061
:10AFB00098AFE2FF00000000A8AFE2FF0000000031
:10AFC000A8AFE2FF00000000B8AFE2FF0000000001
:10AFD000B8AFE2FF00000000C8AFE2FF00000000D1
:10AFE000C8AFE2FF00000000D8AFE2FF00000000A1
:10AFF000D8AFE2FF00000000E8AFE2FF0000000071
:10B00000E8AFE2FF00000000F8AFE2FF0000000040
:10B01000F8AFE2FF0000000008B0E2FF000000000F
:10B0200008B0E2FF0000000018B0E2FF00000000DE
:10B0300018B0E2FF0000000028B0E2FF00000000AE
:10B0400028B0E2FF0000000038B0E2FF000000007E
:10B0500038B0E2FF0000000048B0E2FF000000004E
:10B0600048B0E2FF0000000058B0E2FF000000001E
:10B0700058B0E2FF0000000068B0E2FF00000000EE
:10B0800068B0E2FF0000000078B0E2FF00000000BE
:10B0900078B0E2FF0000000088B0E2FF000000008E
:10B0A00088B0E2FF0000000098B0E2FF000000005E
:10B0B00098B0E2FF00000000A8B0E2FF000000002E
:10B0C000A8B0E2FF00000000B8B0E2FF00000000FE
:10B0D000B8B0E2FF00000000C8B0E2FF00000000CE
:10B0E000C8B0E2FF00000000D8B0E2FF000000009E
:10B0F000D8B0E2FF00000000E8B0E2FF000000006E
:10B10000E8B0E2FF00000000F8B0E2FF000000003D
:10B11000F8B0E2FF0000000008B1E2FF000000000C
:10B1200008B1E2FF0000000018B1E2FF00000000DB
:10B1300018B1E2FF0000000028B1E2FF00000000AB
:10B1400028B1E2FF0000000038B1E2FF000000007B
:10B1500038B1E2FF0000000048B1E2FF000000004B
:10B1600048B1E2FF0000000058B1E2FF000000001B
:10B1700058B1E2FF0000000068B1E2FF00000000EB
:10B1800068B1E2FF0000000078B1E2FF00000000BB
:10B1900078B1E2FF0000000088B1E2FF000000008B
:10B1A00088B1E2FF0000000098B1E2FF000000005B
:10B1B00098B1E2FF00000000A8B1E2FF000000002B
:10B1C000A8B1E2FF00000000B8B1E2FF00000000FB
:10B1D000B8B1E2FF00000000C8B1E2FF00000000CB
:10B1E000C8B1E2FF00000000D8B1E2FF000000009B
:10B1F000D8B1E2FF00000000E8B1E2FF000000006B
:10B20000E8B1E2FF00000000F8B1E2FF000000003A
:10B21000F8B1E2FF0000000008B2E2FF0000000009
:10B2200008B2E2FF0000000018B2E2FF00000000D8
:10B2300018B2E2FF0000000028B2E2FF00000000A8
:10B2400028B2E2FF0000000038B2E2FF0000000078
:10B2500038B2E2FF0000000048B2E2FF0000000048
:10B2600048B2E2FF0000000058B2E2FF0000000018
:10B2700058B2E2FF0000000068B2E2FF00000000E8
:10B2800068B2E2FF0000000078B2E2FF00000000B8
:10B2900078B2E2FF0000000088B2E2FF0000000088
:10B2A00088B2E2FF0000000098B2E2FF0000000058
:10B2B00098B2E2FF00000000A8B2E2FF0000000028
:10B2C000A8B2E2FF00000000B8B2E2FF00000000F8
:10B2D000B8B2E2FF00000000E57DE2FF00000000E0
:10B2E0001400000000000000E884E0FF00000000FF
:10B2F00000000100000000004860E0FF00000000C6
:10B300002460E0FF00000000DC5FE0FF00000000C0
:10B31000EA7DE2FF000000002000000000000000C5
:10B320006485E0FF00000000000001000000000054
:10B33000A85FE0FF00000000845FE0FF0000000065
:10B340003C5FE0FF00000000FF80E2FF0000000023
:10B35000040000000000000070CAE0FF00000000D0
:10B3600000000100000000000C5FE0FF0000000092
:10B37000D85EE0FF00000000A05EE0FF00000000DB
:10B38000800000000000000000000000000000003D
:10B3900000000000000000000000000000000000AD
:10B3A000000000000000000000000000000000009D
:10B3B000000000000000000000000000000000008D
:10B3C000000000000000000000000000000000007D
:10B3D00000000000000000009009E1FF00000000F4
:10B3E000000000000000000000000000000000005D
:10B3F0001401E1FF00000000B000E1FF00000000C8
:10B40000F02AE1FF00000000000000000000000042
:10B410000000000000000000FFFFFFFF0000000030
:10B420009800000000000000A48AE2FF0000000075
:10B43000305BE2FF00000000EC00000000000000B4
:10B44000AC8AE2FF00000000205AE2FF000000008A
:10B450000400000000000000B48AE2FF00000000C9
:10B4600000000000000000008F000000000000004D
:10B47000BC8AE2FF000000000000000000000000A5
:10B480000700000000000000C58AE2FF0000000085
:10B49000000000000000000020000000000000008C
:10B4A000CD8AE2FF00000000000000000000000064
:10B4B000AD00000000000000D68AE2FF000000009E
:10B4C0006854E2FF000000002C00000000000000B3
:10B4D000DC8AE2FF00000000A854E2FF0000000048
:10B4E0000100000000000000E38AE2FF000000000D
:10B4F000E84EE2FF00000000C20000000000000073
:10B50000F08AE2FF000000009854E2FF0000000013
:10B510009200000000000000F98AE2FF0000000035
:10B5200000000000000000004500000000000000D6
:10B53000FD8AE2FF000000000000000000000000A3
:10B540008900000000000000058BE2FF0000000001
:10B5500000000000000000009B0000000000000050
:10B560000B8BE2FF00000000000000000000000064
:10B5700000000000000000000F8BE2FF0000000050
:10B580000000000000000000178BE2FF0000000038
:10B5900098D190157614010000080000800000008A
:10B5A000000002000000000008004000010000024E
:10B5B0000200000000000000318BE2FF00000000EC
:10B5C00098DC9026761501080010000000020000AB
:10B5D00000000400000000000800E0000400000279
:10B5E00000000000000000004B8BE2FF00000000A4
:10B5F00098DC90267616080000100000000200007B
:10B600000000040000000000080000010800000223
:10B610000000000000000000658BE2FF0000000059
:10B6200098D3902676150208001000000004000050
:10B6300000000400000000000800E8000400000210
:10B6400000000000000000007F8BE2FF000000000F
:10B6500098D79432765609000020000000100000B0
:10B660000000100000000000080080022800000414
:10B670000000000000000000998BE2FF00000000C5
:10B6800098DE9482765604200020000000200000FE
:10B6900000002000000000000800800228000004D4
:10B6A0000000000000000000B38BE2FF000000007B
:10B6B00045DE949376570000004000000020000013
:10B6C0000000400000000000060000052800000403
:10B6D0000000000000000000CC8BE2FF0000000032
:10B6E00045DE9493765000000040000000200000EA
:10B6F00000004000000000000600000528000004D3
:10B700000000000000000000E58BE2FF00000000E8
:10B71000ADD794DA74C300000020000000100000D0
:10B720000000200000200000060080022800000425
:10B730000000000000000000048CE2FF0000000098
:10B74000ADDE94DA74C40000002000000020000088
:10B7500000002000002000000600800228000004F5
:10B760000400000000000000238CE2FF0000000045
:10B77000ADDE14A7424A0000004000000020000097
:10B780000000400000200000060080063800000491
:10B790000100000000000000438CE2FF00000000F8
:10B7A000006B000000000000000200000400000028
:10B7B0000020000000010000000000000000000068
:10B7C0000000000000000000568CE2FF00000000B6
:10B7D00000E3000000000000000200000400000080
:10B7E0000020000000010000000000000000000038
:10B7F0000000000000000000568CE2FF0000000086
:10B8000000E500000000000000020000040000004D
:10B810000020000000010000000000000000000007
:10B8200000000000000000006B8CE2FF0000000040
:10B8300000D6000000000000000200000800000028
:10B8400000200000000100000000000000000000D7
:10B8500000000000000000006B8CE2FF0000000010
:10B8600000E60000000000000002000008000000E8
:10B8700000200000000100000000000000000000A7
:10B880000000000000000000808CE2FF00000000CB
:10B890000033000000000000000200001000000063
:10B8A0000040000000010000000000000000000057
:10B8B0000000000000000000968CE2FF0000000085
:10B8C00000730000000000000002000010000000F3
:10B8D0000040000000010000000000000000000027
:10B8E0000000000000000000AC8CE2FF000000003F
:10B8F00000430000000000000002000010000000F3
:10B9000000400000020100000000000000000000F4
:10B910000000000000000000C38CE2FF00000000F7
:10B9200000530000000000000002000010000000B2
:10B9300000400000020100000000000000000000C4
:10B940000000000000000000DA8CE2FF00000000B0
:10B950000035000000000000000200002000000090
:10B960000040000000010000000000000000000096
:10B970000000000000000000F08CE2FF000000006A
:10B980000075000000000000000200002000000020
:10B990000040000000010000000000000000000066
:10B9A0000000000000000000068DE2FF0000000023
:10B9B0000045000000000000000200002000000020
:10B9C0000040000002010000000000000000000034
:10B9D00000000000000000001D8DE2FF00000000DC
:10B9E00000550000000000000002000020000000E0
:10B9F0000040000002010000000000000000000004
:10BA00000000000000000000348DE2FF0000000094
:10BA100000360000000000000002000040000000AE
:10BA200000400000000100000000000000000000D5
:10BA300000000000000000004A8DE2FF000000004E
:10BA4000007600000000000000020000400000003E
:10BA500000400000000100000000000000000000A5
:10BA60000000000000000000608DE2FF0000000008
:10BA7000004600000000000000020000400000003E
:10BA80000040000002010000000000000000000073
:10BA90000000000000000000778DE2FF00000000C1
:10BAA00000560000000000000002000040000000FE
:10BAB0000040000002010000000000000000000043
:10BAC00000000000000000008E8DE2FF000000007A
:10BAD000007800000000000000020000800000006C
:10BAE0000040000000010000000000000000000015
:10BAF00000000000000000008E8DE2FF000000004A
:10BB0000003900000000000000020000800000007A
:10BB100000400000000100000000000000000000E4
:10BB20000000000000000000A58DE2FF0000000002
:10BB3000007900000000000000020000800000000A
:10BB400000400000000100000000000000000000B4
:10BB50000000000000000000BC8DE2FF00000000BB
:10BB600000720000000000000002000080000000E1
:10BB70000040000002010000000000000000000082
:10BB80000000000000000000BC8DE2FF000000008B
:10BB900000490000000000000002000080000000DA
:10BBA0000040000002010000000000000000000052
:10BBB0000000000000000000D48DE2FF0000000043
:10BBC000007400000000000000020000800000007F
:10BBD0000040000002010000000000000000000022
:10BBE0000000000000000000D48DE2FF0000000013
:10BBF000005900000000000000020000800000006A
:10BC000000400000020100000000000000000000F1
:10BC10000000000000000000EC8DE2FF00000000CA
:10BC200000710000000000000002000000010000A0
:10BC300000400000000100000000000000000000C3
:10BC40000000000000000000348DE2FF0000000052
:10BC500000A2000000000000000000004000000002
:10BC600000000000000000000000000000000000D4
:10BC70000000000000000000348DE2FF0000000022
:10BC800000A00000000000000000000040000000D4
:10BC900000000000000000000000000000000000A4
:10BCA00000000000000000004A8DE2FF00000000DC
:10BCB00000F2000000000000000000004000000052
:10BCC0000000000000000000000000000000000074
:10BCD00000000000000000004A8DE2FF00000000AC
:10BCE00000D0000000000000000000004000000044
:10BCF0000000000000000000000000000000000044
:10BD000000000000000000004A8DE2FF000000007B
:10BD100000F00000000000000000000040000000F3
:10BD20000000000000000000000000000000000013
:10BD30000000000000000000608DE2FF0000000035
:10BD400000B2000000000000000000004000000001
:10BD500000000000020000000000000000000000E1
:10BD60000000000000000000608DE2FF0000000005
:10BD700000B00000000000000000000040000000D3
:10BD800000000000020000000000000000000000B1
:10BD90000000000000000000778DE2FF00000000BE
:10BDA00000C2000000000000000000004000000091
:10BDB0000000000002000000000000000000000081
:10BDC0000000000000000000778DE2FF000000008E
:10BDD00000C0000000000000000000004000000063
:10BDE0000000000002000000000000000000000051
:10BDF00000000000000000008E8DE2FF0000000047
:10BE000000A1000000000000000000008000000011
:10BE10000000000000000000000000000000000022
:10BE20000000000000000000A58DE2FF00000000FF
:10BE300000F1000000000000000000008000000091
:10BE400000000000000000000000000000000000F2
:10BE50000000000000000000A58DE2FF00000000CF
:10BE600000D1000000000000000000008000000081
:10BE700000000000000000000000000000000000C2
:10BE80000000000000000000BC8DE2FF0000000088
:10BE900000B1000000000000000000008000000071
:10BEA0000000000002000000000000000000000090
:10BEB0000000000000000000D48DE2FF0000000040
:10BEC00000C1000000000000000000008000000031
:10BED0000000000002000000000000000000000060
:10BEE0000000000000000000BC8DE2FF0000000028
:10BEF00000AD000000000000000000008000000015
:10BF0000000000000200000000000000000000002F
:10BF10000000000000000000038EE2FF00000000AF
:10BF200000AA000000000000000000000001000066
:10BF30000000000000000000000000000000000001
:10BF40000000000000000000EC8DE2FF0000000097
:10BF500000DA000000000000000000000001000006
:10BF600000000000000000000000000000000000D1
:10BF700000000000000000001A8EE2FF0000000038
:10BF800000BA0000000000000000000000010000F6
:10BF9000000000000200000000000000000000009F
:10BFA0000000000000000000328EE2FF00000000F0
:10BFB00000CA0000000000000000000000010000B6
:10BFC000000000000200000000000000000000006F
:10BFD00000000000000000004A8EE2FF00000000A8
:10BFE00000AC0000000000000000000000020000A3
:10BFF0000000000000000000000000000000000041
:10C000000000000000000000618EE2FF0000000060
:10C0100000DC000000000000000000000002000042
:10C020000000000000000000000000000000000010
:10C030000000000000000000788EE2FF0000000019
:10C0400000BC000000000000000000000002000032
:10C0500000000000020000000000000000000000DE
:10C060000000000000000000908EE2FF00000000D1
:10C0700000CC0000000000000000000000020000F2
:10C0800000000000020000000000000000000000AE
:10C090000000000000000000A88EE2FF0000000089
:10C0A00000A30000000000000000000000040000E9
:10C0B0000000000000000000000000000000000080
:10C0C0000000000000000000BD8EE2FF0000000044
:10C0D00000D3000000000000000000000004000089
:10C0E0000000000000000000000000000000000050
:10C0F0000000000000000000D28EE2FF00000000FF
:10C1000000B3000000000000000000000004000078
:10C11000000000000200000000000000000000001D
:10C120000000000000000000E88EE2FF00000000B8
:10C1300000C3000000000000000000000004000038
:10C1400000000000020000000000000000000000ED
:10C150000000000000000000FE8EE2FF0000000072
:10C1600000A5000000000000000000000008000022
:10C1700000000000000000000000000000000000BF
:10C180000000000000000000138FE2FF000000002C
:10C1900000D50000000000000000000000080000C2
:10C1A000000000000000000000000000000000008F
:10C1B0000000000000000000288FE2FF00000000E7
:10C1C00000B50000000000000000000000080000B2
:10C1D000000000000200000000000000000000005D
:10C1E00000000000000000003E8FE2FF00000000A1
:10C1F00000C5000000000000000000000008000072
:10C20000000000000200000000000000000000002C
:10C210000000000000000000548FE2FF000000005A
:10C2200000A7000000000000000000000010000057
:10C2300000000000000000000000000000000000FE
:10C240000000000000000000698FE2FF0000000015
:10C2500000D70000000000000000000000100000F7
:10C2600000000000000000000000000000000000CE
:10C2700000000000000000007E8FE2FF00000000D0
:10C2800000B70000000000000000000000100000E7
:10C29000000000000200000000000000000000009C
:10C2A0000000000000000000948FE2FF000000008A
:10C2B00000C70000000000000000000000100000A7
:10C2C000000000000200000000000000000000006C
:10C2D0000000000000000000AA8FE2FF0000000044
:10C2E00000AE000000000000000000000020000080
:10C2F000000000000000000000000000000000003E
:10C300000000000000000000BF8FE2FF00000000FE
:10C3100000DE00000000000000000000002000001F
:10C32000000000000000000000000000000000000D
:10C330000000000000000000D48FE2FF00000000B9
:10C3400000BE00000000000000000000002000000F
:10C3500000000000020000000000000000000000DB
:10C360000000000000000000EA8FE2FF0000000073
:10C3700000CE0000000000000000000000200000CF
:10C3800000000000020000000000000000000000AB
:10C3900000000000000000000090E2FF000000002C
:10C3A000001A000000000000000000000040000033
:10C3B000000000000000000000000000000000007D
:10C3C00000000000000000001690E2FF00000000E6
:10C3D000003A0000000000000000000000400000E3
:10C3E000000000000000000000000000000000004D
:10C3F00000000000000000002C90E2FF00000000A0
:10C40000002A0000000000000000000000400000C2
:10C41000000000000200000000000000000000001A
:10C4200000000000000000004390E2FF0000000058
:10C43000004A000000000000000000000040000072
:10C4400000000000020000000000000000000000EA
:10C4500000000000000000005A90E2FF0000000011
:10C46000001C000000000000000000000080000030
:10C4700000000000000000000000000000000000BC
:10C4800000000000000000007090E2FF00000000CB
:10C49000003C0000000000000000000000800000E0
:10C4A000000000000000000000000000000000008C
:10C4B00000000000000000008690E2FF0000000085
:10C4C000002C0000000000000000000000800000C0
:10C4D000000000000200000000000000000000005A
:10C4E00000000000000000009D90E2FF000000003E
:10C4F000004C000000000000000000000080000070
:10C500000000000002000000000000000000000029
:10C510000000000000000000B490E2FF00000000F6
:10C52000001E0000000000000000000000000100EC
:10C5300000000000000000000000000000000000FB
:10C540000000000000000000CA90E2FF00000000B0
:10C55000003E00000000000000000000000001009C
:10C5600000000000000000000000000000000000CB
:10C570000000000000000000E090E2FF000000006A
:10C58000002E00000000000000000000000001007C
:10C590000000000002000000000000000000000099
:10C5A0000000000000000000F790E2FF0000000023
:10C5B000004E00000000000000000000000001002C
:10C5C0000000000002000000000000000000000069
:10C5D000000000000000000000000000000000005B
:10C5E000000000000000000000000000000000004B
:10C5F000000000000000000000000000000000003B
:10C6000000000000000000003000000050000000AA
:10C6100051000000520000005300000054000000D0
:10C6200055000000560000005700000058000000B0
:10C63000590000005A0000005B0000005C00000090
:10C640005D0000005E0000005F0000006000000070
:10C650006100000062000000630000006400000050
:10C660006500000066000000670000006800000030
:10C67000690000006A0000006B0000006C00000010
:10C680006D0000006E0000006F00000070000000F0
:10C6900071000000720000007300000074000000D0
:10C6A00075000000760000007700000078000000B0
:10C6B000790000007A0000007B0000007C00000090
:10C6C0007D0000007E0000007F00000000000000F0
:10C6D000000000000000000000000000000000005A
:10C6E000000000000000000000000000000000004A
:10C6F000000000000000000000000000000000003A
:10C700000000000000000000000000000000000029
:10C710000000000000000000000000000000000019
:10C720000000000000000000000000000000000009
:10C7300000000000000000000000000000000000F9
:10C7400000000000000000000000000000000000E9
:10C7500000000000000000000000000000000000D9
:10C7600000000000000000000000000000000000C9
:10C7700000000000000000000000000000000000B9
:10C7800000000000000000000000000000000000A9
:10C790000000000000000000000000000000000099
:10C7A0000000000000000000000000000000000089
:10C7B0000000000000000000000000000000000079
:10C7C0000000000000000000000000000000000069
:10C7D0000000000000000000000000000000000059
:10C7E0000000000000000000000000000000000049
:10C7F0000000000000000000000000000000000039
:10C800000000000000000000000000000000000028
:10C810000000000000000000000000000000000018
:10C820000000000000000000000000000000000008
:10C8300000000000000000000000000000000000F8
:10C8400000000000000000000000000000000000E8
:10C8500000000000000000000000000000000000D8
:10C8600000000000000000000000000000000000C8
:10C8700000000000000000000000000000000000B8
:10C8800000000000000000000000000000000000A8
:10C890000000000000000000000000000000000098
:10C8A0000000000000000000000000000000000088
:10C8B0000000000000000000000000000000000078
:10C8C0000000000000000000000000000000000068
:10C8D0000000000000000000000000000000000058
:10C8E0000000000000000000000000000000000048
:10C8F0000000000000000000000000000000000038
:10C900000000000000000000000000000000000027
:10C910000000000000000000000000000000000017
:10C920000000000000000000000000000000000007
:10C9300000000000000000000000000000000000F7
:10C9400000000000000000000000000000000000E7
:10C9500000000000000000000000000000000000D7
:10C9600000000000000000000000000000000000C7
:10C9700000000000000000000000000000000000B7
:10C9800000000000000000000000000000000000A7
:10C990000000000000000000000000000000000097
:10C9A0000000000000000000000000000000000087
:10C9B0000000000000000000000000000000000077
:10C9C0000000000000000000000000000000000067
:10C9D0000000000000000000000000000000000057
:10C9E0000000000000000000000000000000000047
:10C9F0000000000000000000000000000000000037
:10CA00000000000000000000000000000000000026
:10CA10000000000000000000000000000000000016
:10CA20000000000000000000000000000000000006
:10CA300000000000000000000000000000000000F6
:10CA400000000000000000000000000000000000E6
:10CA500000000000000000000000000000000000D6
:10CA600000000000000000000000000000000000C6
:10CA700000000000000000000000000000000000B6
:10CA800000000000000000000000000000000000A6
:10CA90000000000000000000000000000000000096
:10CAA0000000000000000000000000000000000086
:10CAB0000000000000000000000000000000000076
:10CAC0000000000000000000000000000000000066
:10CAD0000000000000000000000000000000000056
:10CAE0000000000000000000000000000000000046
:10CAF0000000000000000000000000000000000036
:10CB00000000000000000000000000000000000025
:10CB10000000000000000000000000000000000015
:10CB20000000000000000000000000000000000005
:10CB300000000000000000000000000000000000F5
:10CB400000000000000000000000000000000000E5
:10CB500000000000000000000000000000000000D5
:10CB600000000000000000000000000000000000C5
:10CB700000000000000000000000000000000000B5
:10CB800000000000000000000000000000000000A5
:10CB90000000000000000000000000000000000095
:10CBA0000000000000000000000000000000000085
:10CBB0000000000000000000000000000000000075
:10CBC0000000000000000000000000000000000065
:10CBD0000000000000000000000000000000000055
:10CBE0000000000000000000000000000000000045
:10CBF0000000000000000000000000000000000035
:10CC00000000000000000000000000000000000024
:10CC10000000000000000000000000000000000014
:10CC20000000000000000000000000000000000004
:10CC300000000000000000000000000000000000F4
:10CC400000000000000000000000000000000000E4
:10CC500000000000000000000000000000000000D4
:10CC600000000000000000000000000000000000C4
:10CC700000000000000000000000000000000000B4
:10CC800000000000000000000000000000000000A4
:10CC90000000000000000000000000000000000094
:10CCA0000000000000000000000000000000000084
:10CCB0000000000000000000000000000000000074
:10CCC0000000000000000000000000000000000064
:10CCD0000000000000000000000000000000000054
:10CCE0000000000000000000000000000000000044
:10CCF0000000000000000000000000000000000034
:10CD00000000000000000000000000000000000023
:10CD10000000000000000000000000000000000013
:10CD20000000000000000000000000000000000003
:10CD300000000000000000000000000000000000F3
:10CD400000000000000000000000000000000000E3
:10CD500000000000000000000000000000000000D3
:10CD600000000000000000000000000000000000C3
:10CD700000000000000000000000000000000000B3
:10CD800000000000000000000000000000000000A3
:10CD90000000000000000000000000000000000093
:10CDA0000000000000000000000000000000000083
:10CDB0000000000000000000000000000000000073
:10CDC0000000000000000000000000000000000063
:10CDD0000000000000000000000000000000000053
:10CDE0000000000000000000000000000000000043
:10CDF0000000000000000000000000000000000033
:10CE00000000000000000000000000000000000022
:10CE10000000000000000000000000000000000012
:10CE20000000000000000000000000000000000002
:10CE300000000000000000000000000000000000F2
:10CE400000000000000000000000000000000000E2
:10CE500000000000000000000000000000000000D2
:10CE600000000000000000000000000000000000C2
:10CE700000000000000000000000000000000000B2
:10CE800000000000000000000000000000000000A2
:10CE90000000000000000000000000000000000092
:10CEA0000000000000000000000000000000000082
:10CEB0000000000000000000000000000000000072
:10CEC0000000000000000000000000000000000062
:10CED0000000000000000000000000000000000052
:10CEE0000000000000000000000000000000000042
:10CEF0000000000000000000000000000000000032
:10CF00000000000000000000000000000000000021
:10CF10000000000000000000000000000000000011
:10CF20000000000000000000000000000000000001
:10CF300000000000000000000000000000000000F1
:10CF400000000000000000000000000000000000E1
:10CF500000000000000000000000000000000000D1
:10CF600000000000000000000000000000000000C1
:10CF700000000000000000000000000000000000B1
:10CF800000000000000000000000000000000000A1
:10CF90000000000000000000000000000000000091
:10CFA0000000000000000000000000000000000081
:10CFB0000000000000000000000000000000000071
:10CFC0000000000000000000000000000000000061
:10CFD0000000000000000000000000000000000051
:10CFE0000000000000000000000000000000000041
:10CFF0000000000000000000000000000000000031
:10D000000000000000000000000000000000000020
:10D010000000000000000000000000000000000010
:10D020000000000000000000000000000000000000
:10D0300000000000000000000000000000000000F0
:10D0400000000000000000000000000000000000E0
:10D0500000000000000000000000000000000000D0
:10D0600000000000000000000000000000000000C0
:10D0700000000000000000000000000000000000B0
:10D0800000000000000000000000000000000000A0
:10D090000000000000000000000000000000000090
:10D0A0000000000000000000000000000000000080
:10D0B000020000004E000000000000000000000020
:10D0C0000000000000000000000000000000000060
:10D0D0000000000000000000000000000000000050
:10D0E0000000000000000000000000000000000040
:10D0F0000000000000000000000000000000000030
:10D10000000000000000000000000000000000001F
:10D11000000000000000000000000000000000000F
:10D1200000000000000000000000000000000000FF
:10D1300000000000000000000000000000000000EF
:10D1400000000000000000000000000000000000DF
:10D1500000000000000000000000000000000000CF
:10D1600000000000000000000000000000000000BF
:10D1700000000000000000000000000000000000AF
:10D18000000000000000000000000000000000009F
:10D19000000000000000000000000000000000008F
:10D1A000000000000000000000000000000000007F
:10D1B0001800000028000000290000002A000000DC
:10D1C0002B0000002C0000002D0000002E000000AD
:10D1D0002F0000003000000031000000320000008D
:10D1E000330000003400000035000000360000006D
:10D1F0003700000038000000390000003A0000004D
:10D200003B0000003C0000003D0000003E0000002C
:10D210003F000000000000000000000000000000CF
:10D2200000000000000000000000000000000000FE
:10D2300000000000000000000000000000000000EE
:10D2400000000000000000000000000000000000DE
:10D2500000000000000000000000000000000000CE
:10D2600000000000000000000000000000000000BE
:10D2700000000000000000000000000000000000AE
:10D28000000000000000000000000000000000009E
:10D29000000000000000000000000000000000008E
:10D2A000000000000000000000000000000000007E
:10D2B000000000000000000000000000000000006E
:10D2C000000000000000000000000000000000005E
:10D2D000000000000000000000000000000000004E
:10D2E000000000000000000000000000000000003E
:10D2F000000000000000000000000000000000002E
:10D30000000000000000000000000000000000001D
:10D31000000000000000000000000000000000000D
:10D3200000000000000000000000000000000000FD
:10D3300000000000000000000000000000000000ED
:10D3400000000000000000000000000000000000DD
:10D3500000000000000000000000000000000000CD
:10D3600000000000000000000000000000000000BD
:10D3700000000000000000000000000000000000AD
:10D38000000000000000000000000000000000009D
:10D39000000000000000000000000000000000008D
:10D3A000000000000000000000000000000000007D
:10D3B000000000000000000000000000000000006D
:10D3C000000000000000000000000000000000005D
:10D3D000000000000000000000000000000000004D
:10D3E000000000000000000000000000000000003D
:10D3F000000000000000000000000000000000002D
:10D40000000000000000000000000000000000001C
:10D41000000000000000000000000000000000000C
:10D4200000000000000000000000000000000000FC
:10D4300000000000000000000000000000000000EC
:10D4400000000000000000000000000000000000DC
:10D4500000000000000000000000000000000000CC
:10D4600000000000000000000000000000000000BC
:10D4700000000000000000000000000000000000AC
:10D48000000000000000000000000000000000009C
:10D49000000000000000000000000000000000008C
:10D4A000000000000000000000000000000000007C
:10D4B000000000000000000000000000000000006C
:10D4C000000000000000000000000000000000005C
:10D4D000000000000000000000000000000000004C
:10D4E000000000000000000000000000000000003C
:10D4F000000000000000000000000000000000002C
:10D50000000000000000000000000000000000001B
:10D51000000000000000000000000000000000000B
:10D5200000000000000000000000000000000000FB
:10D5300000000000000000000000000000000000EB
:10D5400000000000000000000000000000000000DB
:10D5500000000000000000000000000000000000CB
:10D5600000000000000000000000000000000000BB
:10D5700000000000000000000000000000000000AB
:10D58000000000000000000000000000000000009B
:10D59000000000000000000000000000000000008B
:10D5A000000000000000000000000000000000007B
:10D5B000000000000000000000000000000000006B
:10D5C000000000000000000000000000000000005B
:10D5D000000000000000000000000000000000004B
:10D5E000000000000000000000000000000000003B
:10D5F000000000000000000000000000000000002B
:10D60000000000000000000000000000000000001A
:10D61000000000000000000000000000000000000A
:10D6200000000000000000000000000000000000FA
:10D6300000000000000000000000000000000000EA
:10D6400000000000000000000000000000000000DA
:10D6500000000000000000000000000000000000CA
:10D6600000000000000000000000000000000000BA
:10D6700000000000000000000000000000000000AA
:10D68000000000000000000000000000000000009A
:10D69000000000000000000000000000000000008A
:10D6A000000000000000000000000000000000007A
:10D6B000000000000000000000000000000000006A
:10D6C000000000000000000000000000000000005A
:10D6D000000000000000000000000000000000004A
:10D6E000000000000000000000000000000000003A
:10D6F000000000000000000000000000000000002A
:10D700000000000000000000000000000000000019
:10D710000000000000000000000000000000000009
:10D7200000000000000000000000000000000000F9
:10D7300000000000000000000000000000000000E9
:10D7400000000000000000000000000000000000D9
:10D7500000000000000000000000000000000000C9
:10D7600000000000000000000000000000000000B9
:10D7700000000000000000000000000000000000A9
:10D780000000000000000000000000000000000099
:10D790000000000000000000000000000000000089
:10D7A0000000000000000000000000000000000079
:10D7B0000000000000000000000000000000000069
:10D7C0000000000000000000000000000000000059
:10D7D0000000000000000000000000000000000049
:10D7E0000000000000000000000000000000000039
:10D7F0000000000000000000000000000000000029
:10D800000000000000000000000000000000000018
:10D810000000000000000000000000000000000008
:10D8200000000000000000000000000000000000F8
:10D8300000000000000000000000000000000000E8
:10D8400000000000000000000000000000000000D8
:10D8500000000000000000000000000000000000C8
:10D8600000000000000000000000000000000000B8
:10D8700000000000000000000000000000000000A8
:10D880000000000000000000000000000000000098
:10D890000000000000000000000000000000000088
:10D8A0000000000000000000000000000000000078
:10D8B0000000000000000000000000000000000068
:10D8C0000000000000000000000000000000000058
:10D8D0000000000000000000000000000000000048
:10D8E0000000000000000000000000000000000038
:10D8F0000000000000000000000000000000000028
:10D900000000000000000000000000000000000017
:10D910000000000000000000000000000000000007
:10D9200000000000000000000000000000000000F7
:10D9300000000000000000000000000000000000E7
:10D9400000000000000000000000000000000000D7
:10D9500000000000000000000000000000000000C7
:10D9600000000000000000000000000000000000B7
:10D9700000000000000000000000000000000000A7
:10D980000000000000000000000000000000000097
:10D990000000000000000000000000000000000087
:10D9A0000000000000000000000000000000000077
:10D9B0000000000000000000000000000000000067
:10D9C0000000000000000000000000000000000057
:10D9D0000000000000000000000000000000000047
:10D9E0000000000000000000000000000000000037
:10D9F0000000000000000000000000000000000027
:10DA00000000000000000000000000000000000016
:10DA10000000000000000000000000000000000006
:10DA200000000000000000000000000000000000F6
:10DA300000000000000000000000000000000000E6
:10DA400000000000000000000000000000000000D6
:10DA500000000000000000000000000000000000C6
:10DA600000000000000000000000000000000000B6
:10DA700000000000000000000000000000000000A6
:10DA80000000000000000000000000000000000096
:10DA90000000000000000000000000000000000086
:10DAA0000000000000000000000000000000000076
:10DAB0000000000000000000000000000000000066
:10DAC0000000000000000000000000000000000056
:10DAD0000000000000000000000000000000000046
:10DAE0000000000000000000000000000000000036
:10DAF0000000000000000000000000000000000026
:10DB00000000000000000000000000000000000015
:10DB10000000000000000000000000000000000005
:10DB200000000000000000000000000000000000F5
:10DB300000000000000000000000000000000000E5
:10DB400000000000000000000000000000000000D5
:10DB500000000000000000000000000000000000C5
:10DB600000000000000000000000000000000000B5
:10DB700000000000000000000000000000000000A5
:10DB80000000000000000000000000000000000095
:10DB90000000000000000000000000000000000085
:10DBA0000000000000000000000000000000000075
:10DBB0000000000000000000000000000000000065
:10DBC0000000000000000000000000000000000055
:10DBD0000000000000000000000000000000000045
:10DBE0000000000000000000000000000000000035
:10DBF0000000000000000000000000000000000025
:10DC00000000000000000000000000000000000014
:10DC10000000000000000000000000000000000004
:10DC200000000000000000000000000000000000F4
:10DC300000000000000000000000000000000000E4
:10DC400000000000000000000000000000000000D4
:10DC5000000000000000000002000000260000009C
:10DC600000000000000000000000000000000000B4
:10DC700000000000000000000000000000000000A4
:10DC80000000000000000000000000000000000094
:10DC90000000000000000000000000000000000084
:10DCA0000000000000000000000000000000000074
:10DCB0000000000000000000000000000000000064
:10DCC0000000000000000000000000000000000054
:10DCD0000000000000000000000000000000000044
:10DCE0000000000000000000000000000000000034
:10DCF0000000000000000000000000000000000024
:10DD00000000000000000000000000000000000013
:10DD10000000000000000000000000000000000003
:10DD200000000000000000000000000000000000F3
:10DD300000000000000000000000000000000000E3
:10DD400000000000000000000000000000000000D3
:10DD500000000000000000000600000000000000BD
:10DD600001000000020000000300000006000000A7
:10DD7000070000000000000000000000000000009C
:10DD80000000000000000000000000000000000093
:10DD90000000000000000000000000000000000083
:10DDA0000000000000000000000000000000000073
:10DDB0000000000000000000000000000000000063
:10DDC0000000000000000000000000000000000053
:10DDD0000000000000000000000000000000000043
:10DDE0000000000000000000000000000000000033
:10DDF0000000000000000000000000000000000023
:10DE00000000000000000000000000000000000012
:10DE10000000000000000000000000000000000002
:10DE200000000000000000000000000000000000F2
:10DE300000000000000000000000000000000000E2
:10DE400000000000000000000000000000000000D2
:10DE500000000000000000000000000000000000C2
:10DE600000000000000000000000000000000000B2
:10DE700000000000000000000000000000000000A2
:10DE80000000000000000000000000000000000092
:10DE90000000000000000000000000000000000082
:10DEA0000000000000000000000000000000000072
:10DEB0000000000000000000000000000000000062
:10DEC0000000000000000000000000000000000052
:10DED0000000000000000000000000000000000042
:10DEE0000000000000000000000000000000000032
:10DEF0000000000000000000000000000000000022
:10DF00000000000000000000000000000000000011
:10DF10000000000000000000000000000000000001
:10DF200000000000000000000000000000000000F1
:10DF300000000000000000000000000000000000E1
:10DF400000000000000000000000000000000000D1
:10DF500000000000000000000000000000000000C1
:10DF600000000000000000000000000000000000B1
:10DF700000000000000000000000000000000000A1
:10DF80000000000000000000000000000000000091
:10DF90000000000000000000000000000000000081
:10DFA0000000000000000000000000000000000071
:10DFB0000000000000000000000000000000000061
:10DFC0000000000000000000000000000000000051
:10DFD0000000000000000000000000000000000041
:10DFE0000000000000000000000000000000000031
:10DFF0000000000000000000000000000000000021
:10E000000000000000000000000000000000000010
:10E010000000000000000000000000000000000000
:10E0200000000000000000000000000000000000F0
:10E0300000000000000000000000000000000000E0
:10E0400000000000000000000000000000000000D0
:10E0500000000000000000000000000000000000C0
:10E0600000000000000000000000000000000000B0
:10E0700000000000000000000000000000000000A0
:10E080000000000000000000000000000000000090
:10E090000000000000000000000000000000000080
:10E0A0000000000000000000000000000000000070
:10E0B0000000000000000000000000000000000060
:10E0C0000000000000000000000000000000000050
:10E0D0000000000000000000000000000000000040
:10E0E0000000000000000000000000000000000030
:10E0F0000000000000000000000000000000000020
:10E10000000000000000000000000000000000000F
:10E1100000000000000000000000000000000000FF
:10E1200000000000000000000000000000000000EF
:10E1300000000000000000000000000000000000DF
:10E1400000000000000000000000000000000000CF
:10E1500000000000000000000000000000000000BF
:10E1600000000000000000000000000000000000AF
:10E17000000000000000000000000000000000009F
:10E18000000000000000000000000000000000008F
:10E19000000000000000000000000000000000007F
:10E1A000000000000000000000000000000000006F
:10E1B000000000000000000000000000000000005F
:10E1C000000000000000000000000000000000004F
:10E1D000000000000000000000000000000000003F
:10E1E000000000000000000000000000000000002F
:10E1F000000000000000000000000000000000001F
:10E20000000000000000000000000000000000000E
:10E2100000000000000000000000000000000000FE
:10E2200000000000000000000000000000000000EE
:10E2300000000000000000000000000000000000DE
:10E2400000000000000000000000000000000000CE
:10E2500000000000000000000000000000000000BE
:10E2600000000000000000000000000000000000AE
:10E27000000000000000000000000000000000009E
:10E28000000000000000000000000000000000008E
:10E29000000000000000000000000000000000007E
:10E2A000000000000000000000000000000000006E
:10E2B000000000000000000000000000000000005E
:10E2C000000000000000000000000000000000004E
:10E2D000000000000000000000000000000000003E
:10E2E000000000000000000000000000000000002E
:10E2F000000000000000000000000000000000001E
:10E30000000000000000000000000000000000000D
:10E3100000000000000000000000000000000000FD
:10E3200000000000000000000000000000000000ED
:10E3300000000000000000000000000000000000DD
:10E3400000000000000000000000000000000000CD
:10E3500000000000000000000000000000000000BD
:10E3600000000000000000000000000000000000AD
:10E37000000000000000000000000000000000009D
:10E38000000000000000000000000000000000008D
:10E39000000000000000000000000000000000007D
:10E3A000000000000000000000000000000000006D
:10E3B000000000000000000000000000000000005D
:10E3C000000000000000000000000000000000004D
:10E3D000000000000000000000000000000000003D
:10E3E000000000000000000000000000000000002D
:10E3F000000000000000000000000000000000001D
:10E40000000000000000000000000000000000000C
:10E4100000000000000000000000000000000000FC
:10E4200000000000000000000000000000000000EC
:10E4300000000000000000000000000000000000DC
:10E4400000000000000000000000000000000000CC
:10E4500000000000000000000000000000000000BC
:10E4600000000000000000000000000000000000AC
:10E47000000000000000000000000000000000009C
:10E48000000000000000000000000000000000008C
:10E49000000000000000000000000000000000007C
:10E4A000000000000000000000000000000000006C
:10E4B000000000000000000000000000000000005C
:10E4C000000000000000000000000000000000004C
:10E4D000000000000000000000000000000000003C
:10E4E000000000000000000000000000000000002C
:10E4F000000000000000000000000000000000001C
:10E50000000000000000000000000000000000000B
:10E5100000000000000000000000000000000000FB
:10E5200000000000000000000000000000000000EB
:10E5300000000000000000000000000000000000DB
:10E5400000000000000000000000000000000000CB
:10E5500000000000000000000000000000000000BB
:10E5600000000000000000000000000000000000AB
:10E57000000000000000000000000000000000009B
:10E58000000000000000000000000000000000008B
:10E59000000000000000000000000000000000007B
:10E5A000000000000000000000000000000000006B
:10E5B000000000000000000000000000000000005B
:10E5C000000000000000000000000000000000004B
:10E5D000000000000000000000000000000000003B
:10E5E000000000000000000000000000000000002B
:10E5F000000000000000000000000000000000001B
:10E60000000000000000000000000000000000000A
:10E6100000000000000000000000000000000000FA
:10E6200000000000000000000000000000000000EA
:10E6300000000000000000000000000000000000DA
:10E6400000000000000000000000000000000000CA
:10E6500000000000000000000000000000000000BA
:10E6600000000000000000000000000000000000AA
:10E67000000000000000000000000000000000009A
:10E68000000000000000000000000000000000008A
:10E69000000000000000000000000000000000007A
:10E6A000000000000000000000000000000000006A
:10E6B000000000000000000000000000000000005A
:10E6C000000000000000000000000000000000004A
:10E6D000000000000000000000000000000000003A
:10E6E000000000000000000000000000000000002A
:10E6F000000000000000000000000000000000001A
:10E700000000000000000000000000000000000009
:10E7100000000000000000000000000000000000F9
:10E7200000000000000000000000000000000000E9
:10E7300000000000000000000000000000000000D9
:10E7400000000000000000000000000000000000C9
:10E7500000000000000000000000000000000000B9
:10E7600000000000000000000000000000000000A9
:10E770000000000000000000000000000000000099
:10E780000000000000000000000000000000000089
:10E790000000000000000000000000000000000079
:10E7A0000000000000000000000000000000000069
:10E7B0000000000000000000000000000000000059
:10E7C0000000000000000000000000000000000049
:10E7D0000000000000000000000000000000000039
:10E7E0000000000000000000000000000000000029
:10E7F0000000000000000000000000000000000019
:10E8000008000000080000000000000000000000F8
:10E8100000000000000000000000000000000000F8
:10E8200000000000000000000000000000000000E8
:10E8300000000000000000000000000000000000D8
:10E8400000000000000000000000000000000000C8
:10E8500000000000000000000000000000000000B8
:10E8600000000000000000000000000000000000A8
:10E870000000000000000000000000000000000098
:10E880000000000000000000000000000000000088
:10E890000000000000000000000000000000000078
:10E8A0000000000000000000000000000000000068
:10E8B0000000000000000000000000000000000058
:10E8C0000000000000000000000000000000000048
:10E8D0000000000000000000000000000000000038
:10E8E0000000000000000000000000000000000028
:10E8F0000000000000000000000000000000000018
:10E900000300000000000000010000000200000001
:10E9100000000000000000000000000000000000F7
:10E9200000000000000000000000000000000000E7
:10E9300000000000000000000000000000000000D7
:10E9400000000000000000000000000000000000C7
:10E9500000000000000000000000000000000000B7
:10E9600000000000000000000000000000000000A7
:10E970000000000000000000000000000000000097
:10E980000000000000000000000000000000000087
:10E990000000000000000000000000000000000077
:10E9A0000000000000000000000000000000000067
:10E9B0000000000000000000000000000000000057
:10E9C0000000000000000000000000000000000047
:10E9D0000000000000000000000000000000000037
:10E9E0000000000000000000000000000000000027
:10E9F0000000000000000000000000000000000017
:10EA00000000000000000000000000000000000006
:10EA100000000000000000000000000000000000F6
:10EA200000000000000000000000000000000000E6
:10EA300000000000000000000000000000000000D6
:10EA400000000000000000000000000000000000C6
:10EA500000000000000000000000000000000000B6
:10EA600000000000000000000000000000000000A6
:10EA70000000000000000000000000000000000096
:10EA80000000000000000000000000000000000086
:10EA90000000000000000000000000000000000076
:10EAA0000000000000000000000000000000000066
:10EAB0000000000000000000000000000000000056
:10EAC0000000000000000000000000000000000046
:10EAD0000000000000000000000000000000000036
:10EAE0000000000000000000000000000000000026
:10EAF0000000000000000000000000000000000016
:10EB00000000000000000000000000000000000005
:10EB100000000000000000000000000000000000F5
:10EB200000000000000000000000000000000000E5
:10EB300000000000000000000000000000000000D5
:10EB400000000000000000000000000000000000C5
:10EB500000000000000000000000000000000000B5
:10EB600000000000000000000000000000000000A5
:10EB70000000000000000000000000000000000095
:10EB80000000000000000000000000000000000085
:10EB90000000000000000000000000000000000075
:10EBA0000000000000000000000000000000000065
:10EBB0000000000000000000000000000000000055
:10EBC0000000000000000000000000000000000045
:10EBD0000000000000000000000000000000000035
:10EBE0000000000000000000000000000000000025
:10EBF0000000000000000000000000000000000015
:10EC00000000000000000000000000000000000004
:10EC100000000000000000000000000000000000F4
:10EC200000000000000000000000000000000000E4
:10EC300000000000000000000000000000000000D4
:10EC400000000000000000000000000000000000C4
:10EC500000000000000000000000000000000000B4
:10EC600000000000000000000000000000000000A4
:10EC70000000000000000000000000000000000094
:10EC80000000000000000000000000000000000084
:10EC90000000000000000000000000000000000074
:10ECA0000000000000000000000000000000000064
:10ECB0000000000000000000000000000000000054
:10ECC0000000000000000000000000000000000044
:10ECD0000000000000000000000000000000000034
:10ECE0000000000000000000000000000000000024
:10ECF0000000000000000000000000000000000014
:10ED00000000000000000000000000000000000003
:10ED100000000000000000000000000000000000F3
:10ED200000000000000000000000000000000000E3
:10ED300000000000000000000000000000000000D3
:10ED400000000000000000000000000000000000C3
:10ED500000000000000000000000000000000000B3
:10ED600000000000000000000000000000000000A3
:10ED70000000000000000000000000000000000093
:10ED80000000000000000000000000000000000083
:10ED90000000000000000000000000000000000073
:10EDA0000000000000000000000000000000000063
:10EDB0000000000000000000000000000000000053
:10EDC0000000000000000000000000000000000043
:10EDD0000000000000000000000000000000000033
:10EDE0000000000000000000000000000000000023
:10EDF0000000000000000000000000000000000013
:10EE00000000000000000000000000000000000002
:10EE100000000000000000000000000000000000F2
:10EE200000000000000000000000000000000000E2
:10EE300000000000000000000000000000000000D2
:10EE400000000000000000000000000000000000C2
:10EE500000000000000000000000000000000000B2
:10EE600000000000000000000000000000000000A2
:10EE70000000000000000000000000000000000092
:10EE80000000000000000000000000000000000082
:10EE90000000000000000000000000000000000072
:10EEA0000000000000000000000000000000000062
:10EEB0000000000000000000000000000000000052
:10EEC0000000000000000000000000000000000042
:10EED0000000000000000000000000000000000032
:10EEE0000000000000000000000000000000000022
:10EEF0000000000000000000000000000000000012
:10EF00000000000000000000000000000000000001
:10EF100000000000000000000000000000000000F1
:10EF200000000000000000000000000000000000E1
:10EF300000000000000000000000000000000000D1
:10EF400000000000000000000000000000000000C1
:10EF500000000000000000000000000000000000B1
:10EF600000000000000000000000000000000000A1
:10EF70000000000000000000000000000000000091
:10EF80000000000000000000000000000000000081
:10EF90000000000000000000000000000000000071
:10EFA0000000000000000000000000000000000061
:10EFB0000000000000000000000000000000000051
:10EFC0000000000000000000000000000000000041
:10EFD0000000000000000000000000000000000031
:10EFE0000000000000000000000000000000000021
:10EFF0000000000000000000000000000000000011
:10F000000000000000000000000000000000000000
:10F0100000000000000000000000000000000000F0
:10F0200000000000000000000000000000000000E0
:10F0300000000000000000000000000000000000D0
:10F0400000000000000000000000000000000000C0
:10F0500000000000000000000000000000000000B0
:10F0600000000000000000000000000000000000A0
:10F070000000000000000000000000000000000090
:10F080000000000000000000000000000000000080
:10F090000000000000000000000000000000000070
:10F0A0000000000000000000000000000000000060
:10F0B0000000000000000000000000000000000050
:10F0C0000000000000000000000000000000000040
:10F0D0000000000000000000000000000000000030
:10F0E0000000000000000000000000000000000020
:10F0F0000000000000000000000000000000000010
:10F1000000000000000000000000000000000000FF
:10F1100000000000000000000000000000000000EF
:10F1200000000000000000000000000000000000DF
:10F1300000000000000000000000000000000000CF
:10F1400000000000000000000000000000000000BF
:10F1500000000000000000000000000000000000AF
:10F16000000000000000000000000000000000009F
:10F17000000000000000000000000000000000008F
:10F18000000000000000000000000000000000007F
:10F19000000000000000000000000000000000006F
:10F1A000000000000000000000000000000000005F
:10F1B000000000000000000000000000000000004F
:10F1C000000000000000000000000000000000003F
:10F1D000000000000000000000000000000000002F
:10F1E000000000000000000000000000000000001F
:10F1F000000000000000000000000000000000000F
:10F2000000000000000000000000000000000000FE
:10F2100000000000000000000000000000000000EE
:10F2200000000000000000000000000000000000DE
:10F2300000000000000000000000000000000000CE
:10F2400000000000000000000000000000000000BE
:10F2500000000000000000000000000000000000AE
:10F26000000000000000000000000000000000009E
:10F27000000000000000000000000000000000008E
:10F28000000000000000000000000000000000007E
:10F29000000000000000000000000000000000006E
:10F2A000000000000000000000000000000000005E
:10F2B000000000000000000000000000000000004E
:10F2C000000000000000000000000000000000003E
:10F2D000000000000000000000000000000000002E
:10F2E000000000000000000000000000000000001E
:10F2F000000000000000000000000000000000000E
:10F3000000000000000000000000000000000000FD
:10F3100000000000000000000000000000000000ED
:10F3200000000000000000000000000000000000DD
:10F3300000000000000000000000000000000000CD
:10F3400000000000000000000000000000000000BD
:10F3500000000000000000000000000000000000AD
:10F36000000000000000000000000000000000009D
:10F37000000000000000000000000000000000008D
:10F38000000000000000000000000000000000007D
:10F39000000000000000000000000000000000006D
:10F3A0000000000000000000030000000200000058
:10F3B0000600000002000000000000000000000045
:10F3C000000000000000000000000000000000003D
:10F3D000000000000000000000000000000000002D
:10F3E000000000000000000000000000000000001D
:10F3F000000000000000000000000000000000000D
:10F4000000000000000000000000000000000000FC
:10F4100000000000000000000000000000000000EC
:10F4200000000000000000000000000000000000DC
:10F4300000000000000000000000000000000000CC
:10F4400000000000000000000000000000000000BC
:10F4500000000000000000000000000000000000AC
:10F46000000000000000000000000000000000009C
:10F47000000000000000000000000000000000008C
:10F48000000000000000000000000000000000007C
:10F49000000000000000000000000000000000006C
:10F4A0000000000000000000E813E2FF0000000080
:10F4B000000040F800000000000041F800000000DB
:10F4C000000042F800000000000043F800000000C7
:10F4D000000044F800000000000045F800000000B3
:10F4E000000046F800000000000047F8000000009F
:10F4F000000040F800000000000080F8000000005C
:10F5000000000000000000000000000000000000FB
:10F5100000000000000000000000000000000000EB
:10F5200000000000000000000000000000000000DB
:10F5300000000000000000000000000000000000CB
:10F5400000000000000000000000000000000000BB
:10F5500000000000000000000000000000000000AB
:10F56000000000000000000000000000000000009B
:10F57000000000000000000000000000000000008B
:10F58000000000000000000000000000000000007B
:10F59000000000000000000000000000000000006B
:10F5A000000000000000000000000000000000005B
:10F5B000000000000000000000000000000000004B
:10F5C000000000000000000000000000000000003B
:10F5D000000000000000000000000000000000002B
:10F5E000000000000000000000000000000000001B
:10F5F000000000000000000000000000000000000B
:10F6000000000000000000000000000000000000FA
:10F6100000000000000000000000000000000000EA
:10F6200000000000000000000000000000000000DA
:10F6300000000000000000000000000000000000CA
:10F6400000000000000000000000000000000000BA
:10F6500000000000000000000000000000000000AA
:10F66000000000000000000000000000000000009A
:10F67000000000000000000000000000000000008A
:10F68000000000000000000000000000000000007A
:10F69000000000000000000000000000000000006A
:10F6A000000000000000000000000000000000005A
:10F6B000000000000000000000000000000000004A
:10F6C000000000000000000000000000000000003A
:10F6D000000000000000000000000000000000002A
:10F6E000000000000000000000000000000000001A
:10F6F000000000000000000000000000000000000A
:10F7000000000000000000000000000000000000F9
:10F7100000000000000000000000000000000000E9
:10F7200000000000000000000000000000000000D9
:10F7300000000000000000000000000000000000C9
:10F7400000000000000000000000000000000000B9
:10F7500000000000000000000000000000000000A9
:10F760000000000000000000000000000000000099
:10F770000000000000000000000000000000000089
:10F780000000000000000000000000000000000079
:10F790000000000000000000000000000000000069
:10F7A0000000000000000000000000000000000059
:10F7B0000000000000000000000000000000000049
:10F7C0000000000000000000000000000000000039
:10F7D0000000000000000000000000000000000029
:10F7E0000000000000000000000000000000000019
:10F7F0000000000000000000000000000000000009
:10F8000000000000000000000000000000000000F8
:10F8100000000000000000000000000000000000E8
:10F8200000000000000000000000000000000000D8
:10F8300000000000000000000000000000000000C8
:10F8400000000000000000000000000000000000B8
:10F8500000000000000000000000000000000000A8
:10F860000000000000000000000000000000000098
:10F870000000000000000000000000000000000088
:10F880000000000000000000000000000000000078
:10F890000000000000000000000000000000000068
:10F8A0000000000000000000000000000000000058
:10F8B0000000000000000000000000000000000048
:10F8C0000000000000000000000000000000000038
:10F8D0000000000000000000000000000000000028
:10F8E0000000000000000000000000000000000018
:10F8F0000000000000000000000000000000000008
:10F9000000000000000000000000000000000000F7
:10F9100000000000000000000000000000000000E7
:10F9200000000000000000000000000000000000D7
:10F9300000000000000000000000000000000000C7
:10F9400000000000000000000000000000000000B7
:10F9500000000000000000000000000000000000A7
:10F960000000000000000000000000000000000097
:10F970000000000000000000000000000000000087
:10F980000000000000000000000000000000000077
:10F990000000000000000000000000000000000067
:10F9A0000000000000000000000000000000000057
:10F9B0000000000000000000000000000000000047
:10F9C0000000000000000000000000000000000037
:10F9D0000000000000000000000000000000000027
:10F9E0000000000000000000000000000000000017
:10F9F0000000000000000000000000000000000007
:10FA000000000000000000000000000000000000F6
:10FA100000000000000000000000000000000000E6
:10FA200000000000000000000000000000000000D6
:10FA300000000000000000000000000000000000C6
:10FA400000000000000000000000000000000000B6
:10FA500000000000000000000000000000000000A6
:10FA60000000000000000000000000000000000096
:10FA70000000000000000000000000000000000086
:10FA80000000000000000000000000000000000076
:10FA90000000000000000000000000000000000066
:10FAA0000000000000000000000000000000000056
:10FAB0000000000000000000000000000000000046
:10FAC0000000000000000000000000000000000036
:10FAD0000000000000000000000000000000000026
:10FAE0000000000000000000000000000000000016
:10FAF0000000000000000000000000000000000006
:10FB000000000000000000000000000000000000F5
:10FB100000000000000000000000000000000000E5
:10FB200000000000000000000000000000000000D5
:10FB300000000000000000000000000000000000C5
:10FB400000000000000000000000000000000000B5
:10FB500000000000000000000000000000000000A5
:10FB60000000000000000000000000000000000095
:10FB70000000000000000000000000000000000085
:10FB80000000000000000000000000000000000075
:10FB90000000000000000000000000000000000065
:10FBA0000000000000000000000000000000000055
:10FBB0000000000000000000000000000000000045
:10FBC0000000000000000000000000000000000035
:10FBD0000000000000000000000000000000000025
:10FBE0000000000000000000000000000000000015
:10FBF0000000000000000000000000000000000005
:10FC000000000000000000000000000000000000F4
:10FC100000000000000000000000000000000000E4
:10FC200000000000000000000000000000000000D4
:10FC300000000000000000000000000000000000C4
:10FC400000000000000000000000000000000000B4
:10FC500000000000000000000000000000000000A4
:10FC60000000000000000000000000000000000094
:10FC70000000000000000000000000000000000084
:10FC80000000000000000000000000000000000074
:10FC90000000000000000000000000000000000064
:10FCA0000000000000000000000000000000000054
:10FCB0000000000000000000000000000000000044
:10FCC0000000000000000000000000000000000034
:10FCD0000000000000000000000000000000000024
:10FCE0000000000000000000000000000000000014
:10FCF0000000000000000000000000000000000004
:10FD000000000000000000000000000000000000F3
:10FD100000000000000000000000000000000000E3
:10FD200000000000000000000000000000000000D3
:10FD300000000000000000000000000000000000C3
:10FD400000000000000000000000000000000000B3
:10FD500000000000000000000000000000000000A3
:10FD60000000000000000000000000000000000093
:10FD70000000000000000000000000000000000083
:10FD80000000000000000000000000000000000073
:10FD90000000000000000000000000000000000063
:10FDA0000000000000000000000000000000000053
:10FDB0000000000000000000000000000000000043
:10FDC0000000000000000000000000000000000033
:10FDD0000000000000000000000000000000000023
:10FDE0000000000000000000000000000000000013
:10FDF0000000000000000000000000000000000003
:10FE000000000000000000000000000000000000F2
:10FE100000000000000000000000000000000000E2
:10FE200000000000000000000000000000000000D2
:10FE300000000000000000000000000000000000C2
:10FE400000000000000000000000000000000000B2
:10FE500000000000000000000000000000000000A2
:10FE60000000000000000000000000000000000092
:10FE70000000000000000000000000000000000082
:10FE80000000000000000000000000000000000072
:10FE90000000000000000000000000000000000062
:10FEA0000000000000000000000000000000000052
:10FEB0000000000000000000000000000000000042
:10FEC0000000000000000000000000000000000032
:10FED0000000000000000000000000000000000022
:10FEE0000000000000000000000000000000000012
:10FEF0000000000000000000000000000000000002
:10FF000000000000000000000000000000000000F1
:10FF100000000000000000000000000000000000E1
:10FF200000000000000000000000000000000000D1
:10FF300000000000000000000000000000000000C1
:10FF400000000000000000000000000000000000B1
:10FF500000000000000000000000000000000000A1
:10FF60000000000000000000000000000000000091
:10FF70000000000000000000000000000000000081
:10FF80000000000000000000000000000000000071
:10FF90000000000000000000000000000000000061
:10FFA0000000000000000000000000000000000051
:10FFB0000000000000000000000000000000000041
:10FFC0000000000000000000000000000000000031
:10FFD0000000000000000000000000000000000021
:10FFE0000000000000000000000000000000000011
:10FFF0000000000000000000000000000000000001
:02000004FFE318
:1000000000000000000000000000000000000000F0
:1000100000000000000000000000000000000000E0
:1000200000000000000000000000000000000000D0
:1000300000000000000000000000000000000000C0
:1000400000000000000000000000000000000000B0
:1000500000000000000000000000000000000000A0
:100060000000000000000000000000000000000090
:100070000000000000000000000000000000000080
:100080000000000000000000000000000000000070
:100090000000000000000000000000000000000060
:1000A0000000000000000000000000000000000050
:1000B0000000000000000000000000000000000040
:1000C0000000000000000000000000000000000030
:1000D0000000000000000000000000000000000020
:1000E0000000000000000000000000000000000010
:1000F0000000000000000000000000000000000000
:1001000000000000000000000000000000000000EF
:1001100000000000000000000000000000000000DF
:1001200000000000000000000000000000000000CF
:1001300000000000000000000000000000000000BF
:1001400000000000000000000000000000000000AF
:10015000000000000000000000000000000000009F
:10016000000000000000000000000000000000008F
:10017000000000000000000000000000000000007F
:10018000000000000000000000000000000000006F
:10019000000000000000000000000000000000005F
:1001A000000000000000000000000000000000004F
:1001B000000000000000000000000000000000003F
:1001C000000000000000000000000000000000002F
:1001D000000000000000000000000000000000001F
:1001E000000000000000000000000000000000000F
:1001F00000000000000000000000000000000000FF
:1002000000000000000000000000000000000000EE
:1002100000000000000000000000000000000000DE
:1002200000000000000000000000000000000000CE
:1002300000000000000000000000000000000000BE
:1002400000000000000000000000000000000000AE
:10025000000000000000000000000000000000009E
:10026000000000000000000000000000000000008E
:10027000000000000000000000000000000000007E
:10028000000000000000000000000000000000006E
:10029000000000000000000000000000000000005E
:1002A000000000000000000000000000000000004E
:1002B000000000000000000000000000000000003E
:1002C000000000000000000000000000000000002E
:1002D000000000000000000000000000000000001E
:1002E000000000000000000000000000000000000E
:1002F00000000000000000000000000000000000FE
:1003000000000000000000000000000000000000ED
:1003100000000000000000000000000000000000DD
:1003200000000000000000000000000000000000CD
:1003300000000000000000000000000000000000BD
:1003400000000000000000000000000000000000AD
:10035000000000000000000000000000000000009D
:10036000000000000000000000000000000000008D
:10037000000000000000000000000000000000007D
:10038000000000000000000000000000000000006D
:10039000000000000000000000000000000000005D
:1003A000000000000000000000000000000000004D
:1003B000000000000000000000000000000000003D
:1003C000000000000000000000000000000000002D
:1003D000000000000000000000000000000000001D
:1003E000000000000000000000000000000000000D
:1003F00000000000000000000000000000000000FD
:1004000000000000000000000000000000000000EC
:1004100000000000000000000000000000000000DC
:1004200000000000000000000000000000000000CC
:1004300000000000000000000000000000000000BC
:1004400000000000000000000000000000000000AC
:10045000000000000000000000000000000000009C
:10046000000000000000000000000000000000008C
:10047000000000000000000000000000000000007C
:10048000000000000000000000000000000000006C
:10049000000000000000000000000000000000005C
:1004A000000000000000000000000000000000004C
:1004B000000000000000000000000000000000003C
:1004C000000000000000000000000000000000002C
:1004D000000000000000000000000000000000001C
:1004E000000000000000000000000000000000000C
:1004F00000000000000000000000000000000000FC
:1005000000000000000000000000000000000000EB
:1005100000000000000000000000000000000000DB
:1005200000000000000000000000000000000000CB
:1005300000000000000000000000000000000000BB
:1005400000000000000000000000000000000000AB
:10055000000000000000000000000000000000009B
:10056000000000000000000000000000000000008B
:10057000000000000000000000000000000000007B
:10058000000000000000000000000000000000006B
:10059000000000000000000000000000000000005B
:1005A000000000000000000000000000000000004B
:1005B000000000000000000000000000000000003B
:1005C000000000000000000000000000000000002B
:1005D000000000000000000000000000000000001B
:1005E000000000000000000000000000000000000B
:1005F00000000000000000000000000000000000FB
:1006000000000000000000000000000000000000EA
:1006100000000000000000000000000000000000DA
:1006200000000000000000000000000000000000CA
:1006300000000000000000000000000000000000BA
:1006400000000000000000000000000000000000AA
:10065000000000000000000000000000000000009A
:10066000000000000000000000000000000000008A
:10067000000000000000000000000000000000007A
:10068000000000000000000000000000000000006A
:10069000000000000000000000000000000000005A
:1006A000000000000000000000000000000000004A
:1006B000000000000000000000000000000000003A
:1006C000000000000000000000000000000000002A
:1006D000000000000000000000000000000000001A
:1006E000000000000000000000000000000000000A
:1006F00000000000000000000000000000000000FA
:1007000000000000000000000000000000000000E9
:1007100000000000000000000000000000000000D9
:1007200000000000000000000000000000000000C9
:1007300000000000000000000000000000000000B9
:1007400000000000000000000000000000000000A9
:100750000000000000000000000000000000000099
:100760000000000000000000000000000000000089
:100770000000000000000000000000000000000079
:100780000000000000000000000000000000000069
:100790000000000000000000000000000000000059
:1007A0000000000000000000000000000000000049
:1007B0000000000000000000000000000000000039
:1007C0000000000000000000000000000000000029
:1007D0000000000000000000000000000000000019
:1007E0000000000000000000000000000000000009
:1007F00000000000000000000000000000000000F9
:1008000000000000000000000000000000000000E8
:1008100000000000000000000000000000000000D8
:1008200000000000000000000000000000000000C8
:1008300000000000000000000000000000000000B8
:1008400000000000000000000000000000000000A8
:100850000000000000000000000000000000000098
:100860000000000000000000000000000000000088
:100870000000000000000000000000000000000078
:100880000000000000000000000000000000000068
:100890000000000000000000000000000000000058
:1008A0000000000000000000000000000000000048
:1008B0000000000000000000000000000000000038
:1008C0000000000000000000000000000000000028
:1008D0000000000000000000000000000000000018
:1008E0000000000000000000000000000000000008
:1008F00000000000000000000000000000000000F8
:1009000000000000000000000000000000000000E7
:1009100000000000000000000000000000000000D7
:1009200000000000000000000000000000000000C7
:1009300000000000000000000000000000000000B7
:1009400000000000000000000000000000000000A7
:100950000000000000000000000000000000000097
:100960000000000000000000000000000000000087
:100970000000000000000000000000000000000077
:100980000000000000000000000000000000000067
:100990000000000000000000000000000000000057
:1009A0000000000000000000000000000000000047
:1009B0000000000000000000000000000000000037
:1009C0000000000000000000000000000000000027
:1009D0000000000000000000000000000000000017
:1009E0000000000000000000000000000000000007
:1009F00000000000000000000000000000000000F7
:100A000000000000000000000000000000000000E6
:100A100000000000000000000000000000000000D6
:100A200000000000000000000000000000000000C6
:100A300000000000000000000000000000000000B6
:100A400000000000000000000000000000000000A6
:100A50000000000000000000000000000000000096
:100A60000000000000000000000000000000000086
:100A70000000000000000000000000000000000076
:100A80000000000000000000000000000000000066
:100A90000000000000000000000000000000000056
:100AA0000000000000000000000000000000000046
:100AB0000000000000000000000000000000000036
:100AC0000000000000000000000000000000000026
:100AD0000000000000000000000000000000000016
:100AE0000000000000000000000000000000000006
:100AF00000000000000000000000000000000000F6
:100B000000000000000000000000000000000000E5
:100B100000000000000000000000000000000000D5
:100B200000000000000000000000000000000000C5
:100B300000000000000000000000000000000000B5
:100B400000000000000000000000000000000000A5
:100B50000000000000000000000000000000000095
:100B60000000000000000000000000000000000085
:100B70000000000000000000000000000000000075
:100B80000000000000000000000000000000000065
:100B90000000000000000000000000000000000055
:100BA0000000000000000000000000000000000045
:100BB0000000000000000000000000000000000035
:100BC0000000000000000000000000000000000025
:100BD0000000000000000000000000000000000015
:100BE0000000000000000000000000000000000005
:100BF00000000000000000000000000000000000F5
:100C000000000000000000000000000000000000E4
:100C100000000000000000000000000000000000D4
:100C200000000000000000000000000000000000C4
:100C300000000000000000000000000000000000B4
:100C400000000000000000000000000000000000A4
:100C50000000000000000000000000000000000094
:100C60000000000000000000000000000000000084
:100C70000000000000000000000000000000000074
:100C80000000000000000000000000000000000064
:100C90000000000000000000000000000000000054
:100CA0000000000000000000000000000000000044
:100CB0000000000000000000000000000000000034
:100CC0000000000000000000000000000000000024
:100CD0000000000000000000000000000000000014
:100CE0000000000000000000000000000000000004
:100CF00000000000000000000000000000000000F4
:100D000000000000000000000000000000000000E3
:100D100000000000000000000000000000000000D3
:100D200000000000000000000000000000000000C3
:100D300000000000000000000000000000000000B3
:100D400000000000000000000000000000000000A3
:100D50000000000000000000000000000000000093
:100D60000000000000000000000000000000000083
:100D70000000000000000000000000000000000073
:100D80000000000000000000000000000000000063
:100D90000000000000000000000000000000000053
:100DA0000000000000000000000000000000000043
:100DB0000000000000000000000000000000000033
:100DC0000000000000000000000000000000000023
:100DD0000000000000000000000000000000000013
:100DE0000000000000000000000000000000000003
:100DF00000000000000000000000000000000000F3
:100E000000000000000000000000000000000000E2
:100E100000000000000000000000000000000000D2
:100E200000000000000000000000000000000000C2
:100E300000000000000000000000000000000000B2
:100E400000000000000000000000000000000000A2
:100E50000000000000000000000000000000000092
:100E60000000000000000000000000000000000082
:100E70000000000000000000000000000000000072
:100E80000000000000000000000000000000000062
:100E90000000000000000000000000000000000052
:100EA0000000000000000000000000000000000042
:100EB0000000000000000000000000000000000032
:100EC0000000000000000000000000000000000022
:100ED0000000000000000000000000000000000012
:100EE0000000000000000000000000000000000002
:100EF00000000000000000000000000000000000F2
:100F000000000000000000000000000000000000E1
:100F100000000000000000000000000000000000D1
:100F200000000000000000000000000000000000C1
:100F300000000000000000000000000000000000B1
:100F400000000000000000000000000000000000A1
:100F50000000000000000000000000000000000091
:100F60000000000000000000000000000000000081
:100F70000000000000000000000000000000000071
:100F80000000000000000000000000000000000061
:100F90000000000000000000000000000000000051
:100FA0000000000000000000000000000000000041
:100FB0000000000000000000000000000000000031
:100FC0000000000000000000000000000000000021
:100FD0000000000000000000000000000000000011
:100FE0000000000000000000000000000000000001
:100FF00000000000000000000000000000000000F1
:1010000000000000000000000000000000000000E0
:1010100000000000000000000000000000000000D0
:1010200000000000000000000000000000000000C0
:1010300000000000000000000000000000000000B0
:1010400000000000000000000000000000000000A0
:101050000000000000000000000000000000000090
:101060000000000000000000000000000000000080
:101070000000000000000000000000000000000070
:101080000000000000000000000000000000000060
:101090000000000000000000000000000000000050
:1010A0000000000000000000000000000000000040
:1010B0000000000000000000000000000000000030
:1010C0000000000000000000000000000000000020
:1010D0000000000000000000000000000000000010
:1010E0000000000000000000000000000000000000
:1010F00000000000000000000000000000000000F0
:1011000000000000000000000000000000000000DF
:1011100000000000000000000000000000000000CF
:1011200000000000000000000000000000000000BF
:1011300000000000000000000000000000000000AF
:10114000000000000000000000000000000000009F
:10115000000000000000000000000000000000008F
:10116000000000000000000000000000000000007F
:10117000000000000000000000000000000000006F
:10118000000000000000000000000000000000005F
:10119000000000000000000000000000000000004F
:1011A000000000000000000000000000000000003F
:1011B000000000000000000000000000000000002F
:1011C000000000000000000000000000000000001F
:1011D000000000000000000000000000000000000F
:1011E00000000000000000000000000000000000FF
:1011F00000000000000000000000000000000000EF
:1012000000000000000000000000000000000000DE
:1012100000000000000000000000000000000000CE
:1012200000000000000000000000000000000000BE
:1012300000000000000000000000000000000000AE
:10124000000000000000000000000000000000009E
:10125000000000000000000000000000000000008E
:10126000000000000000000000000000000000007E
:10127000000000000000000000000000000000006E
:10128000000000000000000000000000000000005E
:10129000000000000000000000000000000000004E
:1012A000000000000000000000000000000000003E
:1012B000000000000000000000000000000000002E
:1012C000000000000000000000000000000000001E
:1012D000000000000000000000000000000000000E
:1012E00000000000000000000000000000000000FE
:1012F00000000000000000000000000000000000EE
:1013000000000000000000000000000000000000DD
:1013100000000000000000000000000000000000CD
:1013200000000000000000000000000000000000BD
:1013300000000000000000000000000000000000AD
:10134000000000000000000000000000000000009D
:10135000000000000000000000000000000000008D
:10136000000000000000000000000000000000007D
:10137000000000000000000000000000000000006D
:10138000000000000000000000000000000000005D
:10139000000000000000000000000000000000004D
:1013A000000000000000000000000000000000003D
:1013B000000000000000000000000000000000002D
:1013C000000000000000000000000000000000001D
:1013D000000000000000000000000000000000000D
:1013E00000000000000000000000000000000000FD
:1013F00000000000000000000000000000000000ED
:1014000000000000000000000000000000000000DC
:1014100000000000000000000000000000000000CC
:1014200000000000000000000000000000000000BC
:1014300000000000000000000000000000000000AC
:10144000000000000000000000000000000000009C
:10145000000000000000000000000000000000008C
:10146000000000000000000000000000000000007C
:10147000000000000000000000000000000000006C
:10148000000000000000000000000000000000005C
:10149000000000000000000000000000000000004C
:1014A000000000000000000000000000000000003C
:1014B000000000000000000000000000000000002C
:1014C000000000000000000000000000000000001C
:1014D000000000000000000000000000000000000C
:1014E00000000000000000000000000000000000FC
:1014F00000000000000000000000000000000000EC
:1015000000000000000000000000000000000000DB
:1015100000000000000000000000000000000000CB
:1015200000000000000000000000000000000000BB
:1015300000000000000000000000000000000000AB
:10154000000000000000000000000000000000009B
:10155000000000000000000000000000000000008B
:10156000000000000000000000000000000000007B
:10157000000000000000000000000000000000006B
:10158000000000000000000000000000000000005B
:10159000000000000000000000000000000000004B
:1015A000000000000000000000000000000000003B
:1015B000000000000000000000000000000000002B
:1015C000000000000000000000000000000000001B
:1015D000000000000000000000000000000000000B
:1015E00000000000000000000000000000000000FB
:1015F00000000000000000000000000000000000EB
:1016000000000000000000000000000000000000DA
:1016100000000000000000000000000000000000CA
:1016200000000000000000000000000000000000BA
:1016300000000000000000000000000000000000AA
:10164000000000000000000000000000000000009A
:10165000000000000000000000000000000000008A
:10166000000000000000000000000000000000007A
:10167000000000000000000000000000000000006A
:10168000000000000000000000000000000000005A
:10169000000000000000000000000000000000004A
:1016A000000000000000000000000000000000003A
:1016B000000000000000000000000000000000002A
:1016C000000000000000000000000000000000001A
:1016D000000000000000000000000000000000000A
:1016E00000000000000000000000000000000000FA
:1016F00000000000000000000000000000000000EA
:1017000000000000000000000000000000000000D9
:1017100000000000000000000000000000000000C9
:1017200000000000000000000000000000000000B9
:1017300000000000000000000000000000000000A9
:101740000000000000000000000000000000000099
:101750000000000000000000000000000000000089
:101760000000000000000000000000000000000079
:101770000000000000000000000000000000000069
:101780000000000000000000000000000000000059
:101790000000000000000000000000000000000049
:1017A0000000000000000000000000000000000039
:1017B0000000000000000000000000000000000029
:1017C0000000000000000000000000000000000019
:1017D0000000000000000000000000000000000009
:1017E00000000000000000000000000000000000F9
:1017F00000000000000000000000000000000000E9
:1018000000000000000000000000000000000000D8
:1018100000000000000000000000000000000000C8
:1018200000000000000000000000000000000000B8
:1018300000000000000000000000000000000000A8
:101840000000000000000000000000000000000098
:101850000000000000000000000000000000000088
:101860000000000000000000000000000000000078
:101870000000000000000000000000000000000068
:101880000000000000000000000000000000000058
:101890000000000000000000000000000000000048
:1018A0000000000000000000000000000000000038
:1018B0000000000000000000000000000000000028
:1018C0000000000000000000000000000000000018
:1018D0000000000000000000000000000000000008
:1018E00000000000000000000000000000000000F8
:1018F00000000000000000000000000000000000E8
:1019000000000000000000000000000000000000D7
:1019100000000000000000000000000000000000C7
:1019200000000000000000000000000000000000B7
:1019300000000000000000000000000000000000A7
:101940000000000000000000000000000000000097
:101950000000000000000000000000000000000087
:101960000000000000000000000000000000000077
:101970000000000000000000000000000000000067
:101980000000000000000000000000000000000057
:101990000000000000000000000000000000000047
:1019A0000000000000000000000000000000000037
:1019B0000000000000000000000000000000000027
:1019C0000000000000000000000000000000000017
:1019D0000000000000000000000000000000000007
:1019E00000000000000000000000000000000000F7
:1019F00000000000000000000000000000000000E7
:101A000000000000000000000000000000000000D6
:101A100000000000000000000000000000000000C6
:101A200000000000000000000000000000000000B6
:101A300000000000000000000000000000000000A6
:101A40000000000000000000000000000000000096
:101A50000000000000000000000000000000000086
:101A60000000000000000000000000000000000076
:101A70000000000000000000000000000000000066
:101A80000000000000000000000000000000000056
:101A90000000000000000000000000000000000046
:101AA0000000000000000000000000000000000036
:101AB0000000000000000000000000000000000026
:101AC0000000000000000000000000000000000016
:101AD0000000000000000000000000000000000006
:101AE00000000000000000000000000000000000F6
:101AF00000000000000000000000000000000000E6
:101B000000000000000000000000000000000000D5
:101B100000000000000000000000000000000000C5
:101B200000000000000000000000000000000000B5
:101B300000000000000000000000000000000000A5
:101B40000000000000000000000000000000000095
:101B50000000000000000000000000000000000085
:101B60000000000000000000000000000000000075
:101B70000000000000000000000000000000000065
:101B80000000000000000000000000000000000055
:101B90000000000000000000000000000000000045
:101BA0000000000000000000000000000000000035
:101BB0000000000000000000000000000000000025
:101BC0000000000000000000000000000000000015
:101BD0000000000000000000000000000000000005
:101BE00000000000000000000000000000000000F5
:101BF00000000000000000000000000000000000E5
:101C000000000000000000000000000000000000D4
:101C100000000000000000000000000000000000C4
:101C200000000000000000000000000000000000B4
:101C300000000000000000000000000000000000A4
:101C40000000000000000000000000000000000094
:101C50000000000000000000000000000000000084
:101C60000000000000000000000000000000000074
:101C70000000000000000000000000000000000064
:101C80000000000000000000000000000000000054
:101C90000000000000000000000000000000000044
:101CA0000000000000000000000000000000000034
:101CB0000000000000000000000000000000000024
:101CC0000000000000000000000000000000000014
:101CD0000000000000000000000000000000000004
:101CE00000000000000000000000000000000000F4
:101CF00000000000000000000000000000000000E4
:101D000000000000000000000000000000000000D3
:101D100000000000000000000000000000000000C3
:101D200000000000000000000000000000000000B3
:101D300000000000000000000000000000000000A3
:101D40000000000000000000000000000000000093
:101D50000000000000000000000000000000000083
:101D60000000000000000000000000000000000073
:101D70000000000000000000000000000000000063
:101D80000000000000000000000000000000000053
:101D90000000000000000000000000000000000043
:101DA0000000000000000000000000000000000033
:101DB0000000000000000000000000000000000023
:101DC0000000000000000000000000000000000013
:101DD0000000000000000000000000000000000003
:101DE00000000000000000000000000000000000F3
:101DF00000000000000000000000000000000000E3
:101E000000000000000000000000000000000000D2
:101E100000000000000000000000000000000000C2
:101E200000000000000000000000000000000000B2
:101E300000000000000000000000000000000000A2
:101E40000000000000000000000000000000000092
:101E50000000000000000000000000000000000082
:101E60000000000000000000000000000000000072
:101E70000000000000000000000000000000000062
:101E80000000000000000000000000000000000052
:101E90000000000000000000000000000000000042
:101EA0000000000000000000000000000000000032
:101EB0000000000000000000000000000000000022
:101EC0000000000000000000000000000000000012
:101ED0000000000000000000000000000000000002
:101EE00000000000000000000000000000000000F2
:101EF00000000000000000000000000000000000E2
:101F000000000000000000000000000000000000D1
:101F100000000000000000000000000000000000C1
:101F200000000000000000000000000000000000B1
:101F300000000000000000000000000000000000A1
:101F40000000000000000000000000000000000091
:101F50000000000000000000000000000000000081
:101F60000000000000000000000000000000000071
:101F70000000000000000000000000000000000061
:101F80000000000000000000000000000000000051
:101F90000000000000000000000000000000000041
:101FA0000000000000000000000000000000000031
:101FB0000000000000000000000000000000000021
:101FC0000000000000000000000000000000000011
:101FD0000000000000000000000000000000000001
:101FE00000000000000000000000000000000000F1
:101FF00000000000000000000000000000000000E1
:1020000000000000000000000000000000000000D0
:1020100000000000000000000000000000000000C0
:1020200000000000000000000000000000000000B0
:1020300000000000000000000000000000000000A0
:102040000000000000000000000000000000000090
:102050000000000000000000000000000000000080
:102060000000000000000000000000000000000070
:102070000000000000000000000000000000000060
:102080000000000000000000000000000000000050
:102090000000000000000000000000000000000040
:1020A0000000000000000000000000000000000030
:1020B0000000000000000000000000000000000020
:1020C0000000000000000000000000000000000010
:1020D0000000000000000000000000000000000000
:1020E00000000000000000000000000000000000F0
:1020F00000000000000000000000000000000000E0
:1021000000000000000000000000000000000000CF
:1021100000000000000000000000000000000000BF
:1021200000000000000000000000000000000000AF
:10213000000000000000000000000000000000009F
:10214000000000000000000000000000000000008F
:10215000000000000000000000000000000000007F
:10216000000000000000000000000000000000006F
:10217000000000000000000000000000000000005F
:10218000000000000000000000000000000000004F
:10219000000000000000000000000000000000003F
:1021A000000000000000000000000000000000002F
:1021B000000000000000000000000000000000001F
:1021C000000000000000000000000000000000000F
:1021D00000000000000000000000000000000000FF
:1021E00000000000000000000000000000000000EF
:1021F00000000000000000000000000000000000DF
:1022000000000000000000000000000000000000CE
:1022100000000000000000000000000000000000BE
:1022200000000000000000000000000000000000AE
:10223000000000000000000000000000000000009E
:10224000000000000000000000000000000000008E
:10225000000000000000000000000000000000007E
:10226000000000000000000000000000000000006E
:10227000000000000000000000000000000000005E
:10228000000000000000000000000000000000004E
:10229000000000000000000000000000000000003E
:1022A000000000000000000000000000000000002E
:1022B000000000000000000000000000000000001E
:1022C000000000000000000000000000000000000E
:1022D00000000000000000000000000000000000FE
:1022E00000000000000000000000000000000000EE
:1022F00000000000000000000000000000000000DE
:1023000000000000000000000000000000000000CD
:1023100000000000000000000000000000000000BD
:1023200000000000000000000000000000000000AD
:10233000000000000000000000000000000000009D
:10234000000000000000000000000000000000008D
:10235000000000000000000000000000000000007D
:10236000000000000000000000000000000000006D
:10237000000000000000000000000000000000005D
:10238000000000000000000000000000000000004D
:10239000000000000000000000000000000000003D
:1023A000000000000000000000000000000000002D
:1023B000000000000000000000000000000000001D
:1023C000000000000000000000000000000000000D
:1023D00000000000000000000000000000000000FD
:1023E00000000000000000000000000000000000ED
:1023F00000000000000000000000000000000000DD
:1024000000000000000000000000000000000000CC
:1024100000000000000000000000000000000000BC
:1024200000000000000000000000000000000000AC
:10243000000000000000000000000000000000009C
:10244000000000000000000000000000000000008C
:10245000000000000000000000000000000000007C
:10246000000000000000000000000000000000006C
:10247000000000000000000000000000000000005C
:10248000000000000000000000000000000000004C
:10249000000000000000000000000000000000003C
:1024A000000000000000000000000000000000002C
:1024B000000000000000000000000000000000001C
:1024C000000000000000000000000000000000000C
:1024D00000000000000000000000000000000000FC
:1024E00000000000000000000000000000000000EC
:1024F00000000000000000000000000000000000DC
:1025000000000000000000000000000000000000CB
:1025100000000000000000000000000000000000BB
:1025200000000000000000000000000000000000AB
:10253000000000000000000000000000000000009B
:10254000000000000000000000000000000000008B
:10255000000000000000000000000000000000007B
:10256000000000000000000000000000000000006B
:10257000000000000000000000000000000000005B
:10258000000000000000000000000000000000004B
:10259000000000000000000000000000000000003B
:1025A000000000000000000000000000000000002B
:1025B000000000000000000000000000000000001B
:1025C000000000000000000000000000000000000B
:1025D00000000000000000000000000000000000FB
:1025E00000000000000000000000000000000000EB
:1025F00000000000000000000000000000000000DB
:1026000000000000000000000000000000000000CA
:1026100000000000000000000000000000000000BA
:1026200000000000000000000000000000000000AA
:10263000000000000000000000000000000000009A
:10264000000000000000000000000000000000008A
:10265000000000000000000000000000000000007A
:10266000000000000000000000000000000000006A
:10267000000000000000000000000000000000005A
:10268000000000000000000000000000000000004A
:10269000000000000000000000000000000000003A
:1026A000000000000000000000000000000000002A
:1026B000000000000000000000000000000000001A
:1026C000000000000000000000000000000000000A
:1026D00000000000000000000000000000000000FA
:1026E00000000000000000000000000000000000EA
:1026F00000000000000000000000000000000000DA
:1027000000000000000000000000000000000000C9
:1027100000000000000000000000000000000000B9
:1027200000000000000000000000000000000000A9
:102730000000000000000000000000000000000099
:102740000000000000000000000000000000000089
:102750000000000000000000000000000000000079
:102760000000000000000000000000000000000069
:102770000000000000000000000000000000000059
:102780000000000000000000000000000000000049
:102790000000000000000000000000000000000039
:1027A0000000000000000000000000000000000029
:1027B0000000000000000000000000000000000019
:1027C0000000000000000000000000000000000009
:1027D00000000000000000000000000000000000F9
:1027E00000000000000000000000000000000000E9
:1027F00000000000000000000000000000000000D9
:1028000000000000000000000000000000000000C8
:1028100000000000000000000000000000000000B8
:1028200000000000000000000000000000000000A8
:102830000000000000000000000000000000000098
:102840000000000000000000000000000000000088
:102850000000000000000000000000000000000078
:102860000000000000000000000000000000000068
:102870000000000000000000000000000000000058
:102880000000000000000000000000000000000048
:102890000000000000000000000000000000000038
:1028A0000000000000000000000000000000000028
:1028B0000000000000000000000000000000000018
:1028C0000000000000000000000000000000000008
:1028D00000000000000000000000000000000000F8
:1028E00000000000000000000000000000000000E8
:1028F00000000000000000000000000000000000D8
:1029000000000000000000000000000000000000C7
:1029100000000000000000000000000000000000B7
:1029200000000000000000000000000000000000A7
:102930000000000000000000000000000000000097
:102940000000000000000000000000000000000087
:102950000000000000000000000000000000000077
:102960000000000000000000000000000000000067
:102970000000000000000000000000000000000057
:102980000000000000000000000000000000000047
:102990000000000000000000000000000000000037
:1029A0000000000000000000000000000000000027
:1029B0000000000000000000000000000000000017
:1029C0000000000000000000000000000000000007
:1029D00000000000000000000000000000000000F7
:1029E00000000000000000000000000000000000E7
:1029F00000000000000000000000000000000000D7
:102A000000000000000000000000000000000000C6
:102A100000000000000000000000000000000000B6
:102A200000000000000000000000000000000000A6
:102A30000000000000000000000000000000000096
:102A40000000000000000000000000000000000086
:102A50000000000000000000000000000000000076
:102A60000000000000000000000000000000000066
:102A70000000000000000000000000000000000056
:102A80000000000000000000000000000000000046
:102A90000000000000000000000000000000000036
:102AA0000000000000000000000000000000000026
:102AB0000000000000000000000000000000000016
:102AC0000000000000000000000000000000000006
:102AD00000000000000000000000000000000000F6
:102AE00000000000000000000000000000000000E6
:102AF00000000000000000000000000000000000D6
:102B000000000000000000000000000000000000C5
:102B100000000000000000000000000000000000B5
:102B200000000000000000000000000000000000A5
:102B30000000000000000000000000000000000095
:102B40000000000000000000000000000000000085
:102B50000000000000000000000000000000000075
:102B60000000000000000000000000000000000065
:102B70000000000000000000000000000000000055
:102B80000000000000000000000000000000000045
:102B90000000000000000000000000000000000035
:102BA0000000000000000000000000000000000025
:102BB0000000000000000000000000000000000015
:102BC0000000000000000000000000000000000005
:102BD00000000000000000000000000000000000F5
:102BE00000000000000000000000000000000000E5
:102BF00000000000000000000000000000000000D5
:102C000000000000000000000000000000000000C4
:102C100000000000000000000000000000000000B4
:102C200000000000000000000000000000000000A4
:102C30000000000000000000000000000000000094
:102C40000000000000000000000000000000000084
:102C50000000000000000000000000000000000074
:102C60000000000000000000000000000000000064
:102C70000000000000000000000000000000000054
:102C80000000000000000000000000000000000044
:102C90000000000000000000000000000000000034
:102CA0000000000000000000000000000000000024
:102CB0000000000000000000000000000000000014
:102CC0000000000000000000000000000000000004
:102CD00000000000000000000000000000000000F4
:102CE00000000000000000000000000000000000E4
:102CF00000000000000000000000000000000000D4
:102D000000000000000000000000000000000000C3
:102D100000000000000000000000000000000000B3
:102D200000000000000000000000000000000000A3
:102D30000000000000000000000000000000000093
:102D40000000000000000000000000000000000083
:102D50000000000000000000000000000000000073
:102D60000000000000000000000000000000000063
:102D70000000000000000000000000000000000053
:102D80000000000000000000000000000000000043
:102D90000000000000000000000000000000000033
:102DA0000000000000000000000000000000000023
:102DB0000000000000000000000000000000000013
:102DC0000000000000000000000000000000000003
:102DD00000000000000000000000000000000000F3
:102DE00000000000000000000000000000000000E3
:102DF00000000000000000000000000000000000D3
:102E000000000000000000000000000000000000C2
:102E100000000000000000000000000000000000B2
:102E200000000000000000000000000000000000A2
:102E30000000000000000000000000000000000092
:102E40000000000000000000000000000000000082
:102E50000000000000000000000000000000000072
:102E60000000000000000000000000000000000062
:102E70000000000000000000000000000000000052
:102E80000000000000000000000000000000000042
:102E90000000000000000000000000000000000032
:102EA0000000000000000000000000000000000022
:102EB0000000000000000000000000000000000012
:102EC0000000000000000000000000000000000002
:102ED00000000000000000000000000000000000F2
:102EE00000000000000000000000000000000000E2
:102EF00000000000000000000000000000000000D2
:102F000000000000000000000000000000000000C1
:102F100000000000000000000000000000000000B1
:102F200000000000000000000000000000000000A1
:102F30000000000000000000000000000000000091
:102F40000000000000000000000000000000000081
:102F50000000000000000000000000000000000071
:102F60000000000000000000000000000000000061
:102F70000000000000000000000000000000000051
:102F80000000000000000000000000000000000041
:102F90000000000000000000000000000000000031
:102FA0000000000000000000000000000000000021
:102FB0000000000000000000000000000000000011
:102FC0000000000000000000000000000000000001
:102FD00000000000000000000000000000000000F1
:102FE00000000000000000000000000000000000E1
:102FF00000000000000000000000000000000000D1
:1030000000000000000000000000000000000000C0
:1030100000000000000000000000000000000000B0
:1030200000000000000000000000000000000000A0
:103030000000000000000000000000000000000090
:103040000000000000000000000000000000000080
:103050000000000000000000000000000000000070
:103060000000000000000000000000000000000060
:103070000000000000000000000000000000000050
:103080000000000000000000000000000000000040
:103090000000000000000000000000000000000030
:1030A0000000000000000000000000000000000020
:1030B0000000000000000000000000000000000010
:1030C0000000000000000000000000000000000000
:1030D00000000000000000000000000000000000F0
:1030E00000000000000000000000000000000000E0
:1030F00000000000000000000000000000000000D0
:1031000000000000000000000000000000000000BF
:1031100000000000000000000000000000000000AF
:10312000000000000000000000000000000000009F
:10313000000000000000000000000000000000008F
:10314000000000000000000000000000000000007F
:10315000000000000000000000000000000000006F
:10316000000000000000000000000000000000005F
:10317000000000000000000000000000000000004F
:10318000000000000000000000000000000000003F
:10319000000000000000000000000000000000002F
:1031A000000000000000000000000000000000001F
:1031B000000000000000000000000000000000000F
:1031C00000000000000000000000000000000000FF
:1031D00000000000000000000000000000000000EF
:1031E00000000000000000000000000000000000DF
:1031F00000000000000000000000000000000000CF
:1032000000000000000000000000000000000000BE
:1032100000000000000000000000000000000000AE
:10322000000000000000000000000000000000009E
:10323000000000000000000000000000000000008E
:10324000000000000000000000000000000000007E
:10325000000000000000000000000000000000006E
:10326000000000000000000000000000000000005E
:10327000000000000000000000000000000000004E
:10328000000000000000000000000000000000003E
:10329000000000000000000000000000000000002E
:1032A000000000000000000000000000000000001E
:1032B000000000000000000000000000000000000E
:1032C00000000000000000000000000000000000FE
:1032D00000000000000000000000000000000000EE
:1032E00000000000000000000000000000000000DE
:1032F00000000000000000000000000000000000CE
:1033000000000000000000000000000000000000BD
:1033100000000000000000000000000000000000AD
:10332000000000000000000000000000000000009D
:10333000000000000000000000000000000000008D
:10334000000000000000000000000000000000007D
:10335000000000000000000000000000000000006D
:10336000000000000000000000000000000000005D
:10337000000000000000000000000000000000004D
:10338000000000000000000000000000000000003D
:10339000000000000000000000000000000000002D
:1033A000000000000000000000000000000000001D
:1033B000000000000000000000000000000000000D
:1033C00000000000000000000000000000000000FD
:1033D00000000000000000000000000000000000ED
:1033E00000000000000000000000000000000000DD
:1033F00000000000000000000000000000000000CD
:1034000000000000000000000000000000000000BC
:1034100000000000000000000000000000000000AC
:10342000000000000000000000000000000000009C
:10343000000000000000000000000000000000008C
:10344000000000000000000000000000000000007C
:10345000000000000000000000000000000000006C
:10346000000000000000000000000000000000005C
:10347000000000000000000000000000000000004C
:10348000000000000000000000000000000000003C
:10349000000000000000000000000000000000002C
:1034A000000000000000000000000000000000001C
:1034B000000000000000000000000000000000000C
:1034C00000000000000000000000000000000000FC
:1034D00000000000000000000000000000000000EC
:1034E00000000000000000000000000000000000DC
:1034F00000000000000000000000000000000000CC
:1035000000000000000000000000000000000000BB
:1035100000000000000000000000000000000000AB
:10352000000000000000000000000000000000009B
:10353000000000000000000000000000000000008B
:10354000000000000000000000000000000000007B
:10355000000000000000000000000000000000006B
:10356000000000000000000000000000000000005B
:10357000000000000000000000000000000000004B
:10358000000000000000000000000000000000003B
:10359000000000000000000000000000000000002B
:1035A000000000000000000000000000000000001B
:1035B000000000000000000000000000000000000B
:1035C00000000000000000000000000000000000FB
:1035D00000000000000000000000000000000000EB
:1035E00000000000000000000000000000000000DB
:1035F00000000000000000000000000000000000CB
:1036000000000000000000000000000000000000BA
:1036100000000000000000000000000000000000AA
:10362000000000000000000000000000000000009A
:10363000000000000000000000000000000000008A
:10364000000000000000000000000000000000007A
:10365000000000000000000000000000000000006A
:10366000000000000000000000000000000000005A
:10367000000000000000000000000000000000004A
:10368000000000000000000000000000000000003A
:10369000000000000000000000000000000000002A
:1036A000000000000000000000000000000000001A
:1036B000000000000000000000000000000000000A
:1036C00000000000000000000000000000000000FA
:1036D00000000000000000000000000000000000EA
:1036E00000000000000000000000000000000000DA
:1036F00000000000000000000000000000000000CA
:1037000000000000000000000000000000000000B9
:1037100000000000000000000000000000000000A9
:103720000000000000000000000000000000000099
:103730000000000000000000000000000000000089
:103740000000000000000000000000000000000079
:103750000000000000000000000000000000000069
:103760000000000000000000000000000000000059
:103770000000000000000000000000000000000049
:103780000000000000000000000000000000000039
:103790000000000000000000000000000000000029
:1037A0000000000000000000000000000000000019
:1037B0000000000000000000000000000000000009
:1037C00000000000000000000000000000000000F9
:1037D00000000000000000000000000000000000E9
:1037E00000000000000000000000000000000000D9
:1037F00000000000000000000000000000000000C9
:1038000000000000000000000000000000000000B8
:1038100000000000000000000000000000000000A8
:103820000000000000000000000000000000000098
:103830000000000000000000000000000000000088
:103840000000000000000000000000000000000078
:103850000000000000000000000000000000000068
:103860000000000000000000000000000000000058
:103870000000000000000000000000000000000048
:103880000000000000000000000000000000000038
:103890000000000000000000000000000000000028
:1038A0000000000000000000000000000000000018
:1038B0000000000000000000000000000000000008
:1038C00000000000000000000000000000000000F8
:1038D00000000000000000000000000000000000E8
:1038E00000000000000000000000000000000000D8
:1038F00000000000000000000000000000000000C8
:1039000000000000000000000000000000000000B7
:1039100000000000000000000000000000000000A7
:103920000000000000000000000000000000000097
:103930000000000000000000000000000000000087
:103940000000000000000000000000000000000077
:103950000000000000000000000000000000000067
:103960000000000000000000000000000000000057
:103970000000000000000000000000000000000047
:103980000000000000000000000000000000000037
:103990000000000000000000000000000000000027
:1039A0000000000000000000000000000000000017
:1039B0000000000000000000000000000000000007
:1039C00000000000000000000000000000000000F7
:1039D00000000000000000000000000000000000E7
:1039E00000000000000000000000000000000000D7
:1039F00000000000000000000000000000000000C7
:103A000000000000000000000000000000000000B6
:103A100000000000000000000000000000000000A6
:103A20000000000000000000000000000000000096
:103A30000000000000000000000000000000000086
:103A40000000000000000000000000000000000076
:103A50000000000000000000000000000000000066
:103A60000000000000000000000000000000000056
:103A70000000000000000000000000000000000046
:103A80000000000000000000000000000000000036
:103A90000000000000000000000000000000000026
:103AA0000000000000000000000000000000000016
:103AB0000000000000000000000000000000000006
:103AC00000000000000000000000000000000000F6
:103AD00000000000000000000000000000000000E6
:103AE00000000000000000000000000000000000D6
:103AF00000000000000000000000000000000000C6
:103B000000000000000000000000000000000000B5
:103B100000000000000000000000000000000000A5
:103B20000000000000000000000000000000000095
:103B30000000000000000000000000000000000085
:103B40000000000000000000000000000000000075
:103B50000000000000000000000000000000000065
:103B60000000000000000000000000000000000055
:103B70000000000000000000000000000000000045
:103B80000000000000000000000000000000000035
:103B90000000000000000000000000000000000025
:103BA0000000000000000000000000000000000015
:103BB0000000000000000000000000000000000005
:103BC00000000000000000000000000000000000F5
:103BD00000000000000000000000000000000000E5
:103BE00000000000000000000000000000000000D5
:103BF00000000000000000000000000000000000C5
:103C000000000000000000000000000000000000B4
:103C100000000000000000000000000000000000A4
:103C20000000000000000000000000000000000094
:103C30000000000000000000000000000000000084
:103C40000000000000000000000000000000000074
:103C50000000000000000000000000000000000064
:103C60000000000000000000000000000000000054
:103C70000000000000000000000000000000000044
:103C80000000000000000000000000000000000034
:103C90000000000000000000000000000000000024
:103CA0000000000000000000000000000000000014
:103CB0000000000000000000000000000000000004
:103CC00000000000000000000000000000000000F4
:103CD00000000000000000000000000000000000E4
:103CE00000000000000000000000000000000000D4
:103CF00000000000000000000000000000000000C4
:103D000000000000000000000000000000000000B3
:103D100000000000000000000000000000000000A3
:103D20000000000000000000000000000000000093
:103D30000000000000000000000000000000000083
:103D40000000000000000000000000000000000073
:103D50000000000000000000000000000000000063
:103D60000000000000000000000000000000000053
:103D70000000000000000000000000000000000043
:103D80000000000000000000000000000000000033
:103D90000000000000000000000000000000000023
:103DA0000000000000000000000000000000000013
:103DB0000000000000000000000000000000000003
:103DC00000000000000000000000000000000000F3
:103DD00000000000000000000000000000000000E3
:103DE00000000000000000000000000000000000D3
:103DF00000000000000000000000000000000000C3
:103E000000000000000000000000000000000000B2
:103E100000000000000000000000000000000000A2
:103E20000000000000000000000000000000000092
:103E30000000000000000000000000000000000082
:103E40000000000000000000000000000000000072
:103E50000000000000000000000000000000000062
:103E60000000000000000000000000000000000052
:103E70000000000000000000000000000000000042
:103E80000000000000000000000000000000000032
:103E90000000000000000000000000000000000022
:103EA0000000000000000000000000000000000012
:103EB0000000000000000000000000000000000002
:103EC00000000000000000000000000000000000F2
:103ED00000000000000000000000000000000000E2
:103EE00000000000000000000000000000000000D2
:103EF00000000000000000000000000000000000C2
:103F000000000000000000000000000000000000B1
:103F100000000000000000000000000000000000A1
:103F20000000000000000000000000000000000091
:103F30000000000000000000000000000000000081
:103F40000000000000000000000000000000000071
:103F50000000000000000000000000000000000061
:103F60000000000000000000000000000000000051
:103F70000000000000000000000000000000000041
:103F80000000000000000000000000000000000031
:103F90000000000000000000000000000000000021
:103FA0000000000000000000000000000000000011
:103FB0000000000000000000000000000000000001
:103FC00000000000000000000000000000000000F1
:103FD00000000000000000000000000000000000E1
:103FE00000000000000000000000000000000000D1
:103FF00000000000000000000000000000000000C1
:1040000000000000000000000000000000000000B0
:1040100000000000000000000000000000000000A0
:104020000000000000000000000000000000000090
:1040300000000000000000008B81E2FF0000000093
:10404000000100000000000000000000000000006F
:1040500000000000000000000467E0FF0000000016
:104060008381E2FF000000008001000000000000EA
:104070000000000000000000000000000000000040
:104080000467E0FF000000007B81E2FF0000000009
:10409000000200000000000000000000000000001E
:1040A00000000000000000000467E0FF00000000C6
:1040B000759CE2FF000000006400000000000000AA
:1040C000584EE2FF00000000000000000000000069
:1040D0006414E2FF00000000000000000000000087
:1040E00000000000000000001C14E2FF00000000BF
:1040F00000000000000000000000000000000000C0
:10410000000000000000000020000000100000007F
:104110000000000000000000A8F4E2FF0000000022
:1041200000000000000000006D6DE2FF00000000D4
:104130004F00000000000000B84EE2FF0000000049
:1041400000000000000000006413E0FF0000000019
:10415000000000000000000000000000000000005F
:10416000000000000000000000000000000000004F
:10417000000000000000000000000000000000003F
:104180000800000000000000000000000000000027
:10419000205BE2FF000000000400000000000000BF
:1041A0000D84E2FF00000000560000000000000047
:1041B00000000000000000000000000000000000FF
:1041C00000000000000000000000000000000000EF
:1041D00000000000000000000000000000000000DF
:1041E00000000000000000000000000000000000CF
:1041F00000000000000000000000000000000000BF
:104200000000000000000000F84EE2FF0000000087
:104210000000000000000000729AE2FF00000000B1
:104220007400000000000000204FE2FF00000000CA
:10423000000000000000000088FCE1FF000000001A
:1042400034F8E1FF00000000000000000000000062
:1042500014FEE1FF0000000000000000000000006C
:10426000000000000000000000000000000000004E
:10427000A80000005800000000000000000000003E
:10428000984FE2FF00000000000400000000000062
:104290007486E2FF000000001F0000000000000024
:1042A000E84FE2FF000000000000000000000000F6
:1042B00000000000000000000000000000000000FE
:1042C0000000000000000000C8FEE0FF0000000049
:1042D00000000000000000000000000000000000DE
:1042E000000000000000000000000000300000009E
:1042F00000000000000000000850E2FF0000000085
:1043000000000000000000003286E2FF0000000014
:104310001F0000000000000000000000000000007E
:10432000000000000000000000000000000000008D
:10433000000000000000000000000000000000007D
:10434000000000000000000000000000000000006D
:10435000000000000000000000000000000000005D
:10436000000000000000000000000000000000004D
:10437000A850E2FF00000000040000000000000060
:104380002E96E2FF000000004D000000000000003B
:104390002051E2FF000000000000000000000000CB
:1043A0006CDDE1FF000000000000000000000000E4
:1043B00000000000000000000000000000000000FD
:1043C00000000000000000000000000000000000ED
:1043D000000000000000000058070000000000007E
:1043E00000000000000000000000000000000000CD
:1043F00000000000000000001CA8E2FF0000000018
:104400008C000000000000004852E2FF00000000A5
:104410000000000000000000B438E2FF00000000CF
:10442000000000000000000000000000000000008C
:10443000000000000000000000000000000000007C
:10444000000000000000000000000000000000006C
:10445000200000000000000000000000000000003C
:104460006852E2FF000000000400000000000000AD
:104470004786E2FF000000001F000000000000006F
:104480004850E2FF000000000000000000000000B3
:10449000000000000000000000000000000000001C
:1044A000000000000000000058FEE0FF00000000D7
:1044B00000000000000000000000000000000000FC
:1044C00000000000000000000000000030000000BC
:1044D00000000000000000006850E2FF0000000043
:1044E0000400000000000000AC96E2FF00000000A5
:1044F0007500000000000000E05AE2FF000000002C
:10450000000000000000000028E1E1FF00000000C2
:1045100048E2E1FF00000000000000000000000091
:10452000000000000000000000000000000000008B
:10453000000000000000000000000000000000007B
:1045400098020000000000000000000000000000D1
:10455000005BE2FF0000000000040000000000001B
:104560002489E2FF000000001700000000000000A6
:10457000000000000000000000000000000000003B
:104580003844E1FF000000000000000000000000CF
:10459000000000000000000000000000000000001B
:1045A000000000000000000000000000000000000B
:1045B00000000000000000000000000000000000FB
:1045C0000000000000000000B854E2FF00000000FE
:1045D0000004000000000000BF9BE2FF000000009C
:1045E0004C0000000000000000000000000000007F
:1045F00000000000000000000000000000000000BB
:1046000000000000000000000000000000000000AA
:10461000000000000000000000000000000000009A
:10462000000000000000000000000000000000008A
:10463000000000000000000000000000000000007A
:10464000E054E2FF00000000040000000000000051
:104650009485E2FF000000001E0000000000000042
:10466000E854E2FF0000000000000000000000002D
:1046700068F5E0FF000000000000000000000000FE
:10468000000000000000000000000000000000002A
:10469000000000000000000000000000000000001A
:1046A000000000000000000000000000000000000A
:1046B00000000000000000000000000000000000FA
:1046C0000400000000000000A597E2FF00000000C9
:1046D0006F000000000000000855E2FF000000002D
:1046E0000000000000000000D0EFE1FF000000002B
:1046F00000000000000000000000000000000000BA
:10470000ECEBE1FF000000000000000000000000F2
:104710000000000000000000000000000000000099
:104720002000000028000000000000000000000041
:104730007855E2FF000000000000000000000000CB
:104740005185E2FF000000001E0000000000000094
:104750007854E2FF000000000000000000000000AC
:10476000F0F3E0FF00000000000000000000000087
:104770000000000000000000000000000000000039
:104780000000000000000000000000000000000029
:104790000000000000000000000000000000000019
:1047A0000000000000000000000000000000000009
:1047B0000400000000000000D086E2FF00000000BE
:1047C00000000000000000000000000000000000E9
:1047D00000000000000000000000000000000000D9
:1047E00000000000000000000000000000000000C9
:1047F00000000000000000000000000000000000B9
:1048000000000000000000000000000000000000A8
:104810000000000000000000000000000000000098
:104820000000000000000000000000000000000088
:10483000E086E2FF000000007000000000000000C1
:104840003854E2FF000000000000000000000000FB
:104850000000000000000000000000000000000058
:104860000000000000000000000000000000000048
:104870000000000000000000000000000000000038
:104880000000000000000000000000000000000028
:104890000000000000000000000000000000000018
:1048A00004000000000000009A86E2FF0000000003
:1048B0001F00000000000000305AE2FF000000006E
:1048C0000000000000000000BC04E1FF0000000048
:1048D00000000000000000000000000000000000D8
:1048E0000802E1FF000000000000000000000000DE
:1048F00000000000000000000000000000000000B8
:104900000000000010000000000000000000000097
:10491000C0B3E2FF00000000000000000000000043
:104920007E87E2FF000000004F0000000000000052
:10493000505AE2FF000000000000000000000000EC
:104940006429E1FF000000000000000000000000FA
:104950000000000000000000000000000000000057
:104960000000000000000000000000000000000047
:104970000000000000000000000000000000000037
:104980000000000000000000000000000000000027
:104990000000000000000000C589E2FF00000000E8
:1049A0004B00000000000000705AE2FF0000000011
:1049B000B855E1FF00000000C454E1FF0000000012
:1049C00000000000000000000000000000000000E7
:1049D000D053E1FF000000000000000000000000D4
:1049E00000000000000000000000000000000000C7
:1049F000A0000000700100000000000000000000A6
:104A00008852E2FF000000000000000000000000EB
:104A10000EA8E2FF00000000680000000000000097
:104A2000905AE2FF00000000DC37E2FF00000000C7
:104A30008437E2FF00000000BC36E2FF0000000007
:104A40000000000000000000000000000000000066
:104A50000000000000000000000000000000000056
:104A6000000000000000000008000000000000003E
:104A70000000000000000000B05AE2FF000000004B
:104A800000040000000000002299E2FF0000000086
:104A900076000000000000000000000000000000A0
:104AA0000000000000000000000000000000000006
:104AB00000000000000000000000000000000000F6
:104AC00000000000000000000000000000000000E6
:104AD00000000000000000000000000000000000D6
:104AE00000000000000000000000000000000000C6
:104AF00000000000000000000000000000000000B6
:104B0000CB87E2FF000000007A00000000000000F8
:104B10000000000000000000000000000000000095
:104B20000000000000000000000000000000000085
:104B30000000000000000000000000000000000075
:104B40000000000000000000000000000000000065
:104B50000000000000000000000000000000000055
:104B6000000000000000000000B4E2FF00000000B0
:104B70000000000000000000BF9BE2FF00000000FA
:104B80000000000000000000F17DE2FF00000000D6
:104B9000D862E0FF00000000A684E2FF00000000F1
:104BA000020000000800000018EDE0FF0000000017
:104BB000000000000000000018EAE0FF0000000014
:104BC000998AE2FF0000000006000000400000009B
:104BD0005C5BE1FF0000000000000000000000003E
:104BE000645BE1FF00000000D172E2FF0000000002
:104BF0000100000000000000402DE0FF0000000068
:104C0000CC72E2FF00000000020000000000000083
:104C1000402DE0FF00000000C572E2FF0000000030
:104C20000300000000000000402DE0FF0000000035
:104C3000D871E2FF00000000040000000000000046
:104C4000882AE0FF000000005473E2FF000000002B
:104C500000000000000000000832E0FF000000003B
:104C60005073E2FF00000000080000000000000098
:104C70003431E0FF000000002889E2FF000000005E
:104C8000170000000000000000000000000000000D
:104C90000000000000000000000000000000000014
:104CA00058EDE0FF000000000000000000000000E0
:104CB00000000000000000000000000000000000F4
:104CC00000000000000000000000000000000000E4
:104CD00000000000000000000000000000000000D4
:104CE0009000000000000000000000000000000034
:104CF0006785E2FF000000001E00000000000000C9
:104D0000CC19E1FF000000000000000000000000DE
:104D10000000000000000000000000000000000093
:104D20000000000000000000000000000000000083
:104D30000000000000000000000000000000000073
:104D40000000000000000000000000000000000063
:104D50000000000000000000000000000000000053
:104D600000000000000000001E86E2FF00000000BE
:104D70001F00000000000000000000000000000014
:104D80000000000000000000000000000000000023
:104D9000BCFDE0FF0000000000000000000000007B
:104DA0000000000000000000000000000000000003
:104DB00000000000000000000000000000000000F3
:104DC00000000000000000000000000000000000E3
:104DD00000000000000000000000000000000000D3
:104DE0001387E2FF000000004A00000000000000FE
:104DF000CC19E1FF000000000000000000000000EE
:104E000000000000000000000000000000000000A2
:104E10000000000000000000000000000000000092
:104E20000000000000000000000000000000000082
:104E30000000000000000000000000000000000072
:104E40000000000000000000000000000000000062
:104E500000000000000000004D78E2FF00000000AC
:104E60004B000000000000000000000000000000F7
:104E70000000000000000000000000000000000032
:104E800000000000000000005444E1FF00000000AA
:104E90000000000000000000000000000000000012
:104EA0000000000000000000000000000000000002
:104EB00000000000000000000000000008000000EA
:104EC00000000000000000000000000001000000E1
:104ED000B39BE2FF000000004C0000000000000057
:104EE00000000000000000000000000000000000C2
:104EF00000000000000000000000000000000000B2
:104F000000000000000000000000000000000000A1
:104F10000000000000000000000000000000000091
:104F20000000000000000000000000000000000081
:104F30000000000000000000000000000000000071
:104F40000000000000000000F784E2FF0000000005
:104F50004D00000000000000000000000000000004
:104F60000000000000000000000000000000000041
:104F70000000000000000000000000000000000031
:104F80000000000000000000000000000000000021
:104F90000000000000000000000000000000000011
:104FA0000000000000000000000000009001000070
:104FB00000000000000000000000000000000000F1
:104FC000DC86E2FF000000004F000000000000004F
:104FD00000000000000000000000000000000000D1
:104FE00000000000000000000000000000000000C1
:104FF00000000000000000000000000000000000B1
:1050000000000000000000000000000000000000A0
:105010000000000000000000000000000000000090
:105020000000000000000000000000000000000080
:1050300000000000000000001184E2FF00000000FA
:10504000560000000000000000000000000000000A
:105050000000000000000000000000000000000050
:105060000000000000000000000000000000000040
:105070000000000000000000000000000000000030
:105080000000000000000000000000000000000020
:105090000000000000000000000000000000000010
:1050A0007800000000000000000000000000000088
:1050B0007376E2FF000000006400000000000000C2
:1050C00000000000000000000000000000000000E0
:1050D00000000000000000000000000000000000D0
:1050E00000000000000000000000000000000000C0
:1050F00000000000000000000000000000000000B0
:10510000000000000000000000000000000000009F
:10511000000000000000000000000000000000008F
:10512000000000000000000016A8E2FF00000000E0
:105130006800000000000000000000000000000007
:10514000000000000000000000000000000000005F
:10515000000000000000000000000000000000004F
:10516000000000000000000000000000000000003F
:10517000000000000000000000000000000000002F
:10518000000000000000000000000000000000001F
:10519000000000000000000000000000000000000F
:1051A000CB86E2FF000000000000000000000000CD
:1051B00000000000000000000000000000000000EF
:1051C00000000000000000000000000000000000DF
:1051D00000000000000000000000000000000000CF
:1051E00000000000000000000000000000000000BF
:1051F00000000000000000000000000000000000AF
:10520000000000000000000000000000000000009E
:105210000000000000000000AD97E2FF0000000069
:105220006F0000000000000000000000000000000F
:10523000000000000000000000000000000000006E
:10524000ECE9E1FF0000000010EAE1FF00000000CF
:10525000000000000000000000000000000000004E
:10526000000000000000000000000000000000003E
:105270000000000000000000000000000800000026
:10528000000000000000000000000000010000001D
:10529000E086E2FF00000000700000000000000057
:1052A0005423E1FF000000000000000000000000A7
:1052B00000000000000000000000000000000000EE
:1052C00000000000000000000000000000000000DE
:1052D00000000000000000000000000000000000CE
:1052E00000000000000000000000000000000000BE
:1052F0000000000000000000180000000000000096
:1053000000000000000000007A9AE2FF00000000A8
:105310007400000000000000CC19E1FF0000000054
:10532000000000000000000000000000000000007D
:1053300030F1E1FF0000000000000000000000006C
:1053400014F7E1FF00000000E4F0E1FF00000000BE
:10535000000000000000000000000000000000004D
:105360000000000000000000000000000C00000031
:1053700000000000300000001000000001000000EC
:105380003299E2FF000000007600000000000000FB
:10539000000000000000000000000000000000000D
:1053A00000000000000000000000000000000000FD
:1053B00000000000000000000000000000000000ED
:1053C00000000000000000000000000000000000DD
:1053D00000000000000000000000000000000000CD
:1053E00000000000000000000000000000000000BD
:1053F0000000000000000000BA96E2FF000000007C
:105400007500000000000000E8DFE1FF0000000080
:10541000000000000000000000000000000000008C
:10542000000000000000000000000000000000007C
:10543000000000000000000000000000000000006C
:10544000000000000000000000000000000000005C
:1054500000000000000000000000000098020000B2
:10546000000000000000000000000000000000003C
:10547000D387E2FF000000007A0000000000000077
:10548000000000000000000000000000000000001C
:10549000000000000000000000000000000000000C
:1054A00000000000000000000000000000000000FC
:1054B00000000000000000000000000000000000EC
:1054C00000000000000000000000000000000000DC
:1054D00000000000000000000000000000000000CC
:1054E0000000000000000000E8A8E2FF000000004B
:1054F0008C00000000000000000000000000000020
:105500000000000000000000083AE2FF0000000078
:10551000000000000000000000000000000000008B
:10552000000000000000000000000000000000007B
:10553000000000000000000000000000000000006B
:1055400000000000000000000000000078000000E3
:10555000000000000000000000000000010000004A
:10556000D00DFEED0000169F000000380000142C46
:1055700000000028000000110000000200000000F0
:1055800000000273000013F400000000000000009F
:10559000000000000000000000000001000000000A
:1055A000000000030000003000000000696E746518
:1055B0006C2C736F63667067612D6167696C6578C9
:1055C0002D736F63646B00696E74656C2C736F630D
:1055D000667067612D6167696C6578000000000383
:1055E000000000040000000B0000000200000003A7
:1055F000000000040000001A000000020000000388
:105600000000001800000026536F43465047412019
:105610004167696C6578372D4D20536F43444B00CB
:1056200000000001736F63403000000000000003C1
:10563000000000040000000B000000010000000357
:10564000000000040000001A000000010000000338
:105650000000000B0000000073696D706C652D6226
:105660007573000000000003000000040000002C1F
:10567000736F63000000000300000010000000389A
:10568000000000000000000000000000FFFFFFFF1E
:1056900000000001636C6F636B2D636F6E74726F3B
:1056A0006C6C6572406666643130303030000000EA
:1056B000000000030000001400000000696E746523
:1056C0006C2C6167696C65782D636C6B6D6772001B
:1056D00000000003000000080000003FFFD10000B0
:1056E0000000100000000003000000040000004360
:1056F0000000000100000003000000040000005052
:105700000000000B00000002000000016D6D63400E
:10571000666638303830303000000000000000038A
:10572000000000040000000B000000010000000366
:10573000000000040000001A000000000000000348
:105740000000001500000000616C74722C736F6320
:10575000667067612D64772D6D73686300000000CB
:1057600000000003000000080000003FFF808000F0
:1057700000001000000000030000000400000058BA
:10578000000004000000000300000010000000639F
:105790000000000800000027000000080000002FA3
:1057A00000000003000000060000006A72657365D7
:1057B00074000000000000030000001000000076EC
:1057C0000000000B000000210000000B0000003072
:1057D00000000003000000080000007D6269750001
:1057E00063697500000000030000000800000089E4
:1057F0000000000900000005000000030000000C8C
:10580000000000900000000A0000002800000004D2
:105810000000000300000005000000A36F6B617929
:10582000000000000000000300000000000000AACB
:105830000000000300000000000000BB00000003A7
:1058400000000004000000C5000000040000000388
:1058500000000008000000CF0000000000000087EA
:105860000000000300000000000000DF0000000353
:1058700000000004000000E9000000030000000335
:1058800000000004000000F0000000000000000321
:10589000000000040000005000000013000000029F
:1058A000000000016E616E642D636F6E74726F6C28
:1058B0006C6572406666623930303030000000003E
:1058C00000000003000000040000000B00000001C5
:1058D00000000003000000040000001A00000000A7
:1058E000000000030000001900000000616C7472E9
:1058F0002C736F63667067612D64656E616C692DD2
:105900006E616E64000000000000000300000010E3
:105910000000003FFFB9000000010000FFB80000D8
:10592000000010000000000300000015000000F857
:105930006E616E645F646174610064656E616C6960
:105940005F726567000000000000000300000010A7
:10595000000000760000000B0000002D0000000B8E
:1059600000000033000000030000000C0000007D78
:105970006E616E64006E616E645F7800000000030B
:105980000000001000000063000000080000002577
:10599000000000080000002D0000000300000005CA
:1059A000000000A36F6B617900000000000000039D
:1059B00000000004000001020000001000000002CE
:1059C000000000017273746D677240666664313165
:1059D00030303000000000030000000D0000000027
:1059E000616C74722C7273742D6D6772000000000C
:1059F00000000003000000080000003FFFD110007D
:105A0000000001000000000300000004000001117C
:105A10000000000100000003000000040000011E5F
:105A200000000020000000030000000400000050FF
:105A30000000000800000002000000017379736D8F
:105A40006772406666643132303030000000000317
:105A50000000001400000000616C74722C737973F4
:105A60002D6D677200737973636F6E000000000321
:105A7000000000080000003FFFD1200000000500EA
:105A80000000000300000004000000500000000AB5
:105A9000000000020000000173657269616C4066DD
:105AA0006663303230303000000000030000001127
:105AB00000000000736E70732C64772D6170622D8E
:105AC000756172740000000000000003000000080F
:105AD0000000003FFFC020000000010000000003A4
:105AE000000000040000013100000002000000037B
:105AF000000000040000013B00000004000000035F
:105B000000000008000000630000000800000050D2
:105B10000000000300000005000000A36F6B617926
:105B200000000000000000030000000800000076F4
:105B30000000000B00000022000000030000000431
:105B40000000014805F5E10000000002000000012E
:105B50007761746368646F674066666430303230C2
:105B600030000000000000030000000C00000000F6
:105B7000736E70732C64772D7764740000000003DB
:105B8000000000080000003FFFD0020000000100FC
:105B9000000000030000000800000063000000088F
:105BA0000000004000000003000000080000007634
:105BB0000000000B000000030000000300000005CF
:105BC000000000A36F6B617900000000000000027C
:105BD000000000017364724066383031313130307A
:105BE000000000000000000300000017000000009B
:105BF000696E74656C2C7364722D63746C2D6167AF
:105C0000696C6578376D0000000000030000000833
:105C10000000003FF8020000000001000000000347
:105C2000000000080000006300000008000000669B
:105C30000000000300000004000000500000000FFE
:105C4000000000020000000173706940666638645D
:105C50003230303000000000000000030000000E71
:105C60000000000063646E732C717370692D6E6F99
:105C70007200000000000003000000040000000BA0
:105C80000000000100000003000000040000001AF2
:105C90000000000000000003000000100000003FB2
:105CA000FF8D200000000100FF90000000100000A8
:105CB0000000000300000004000001580000008004
:105CC0000000000300000004000001680000000460
:105CD0000000000300000004000001780000000044
:105CE0000000000300000009000000A36469736164
:105CF000626C65640000000000000001666C617366
:105D000068403000000000030000000E00000000AA
:105D10006A656465632C7370692D6E6F7200000094
:105D200000000003000000040000003F000000002D
:105D300000000003000000040000018D05F5E100F3
:105D400000000003000000000000019F00000003AD
:105D500000000004000001AE00000032000000035B
:105D600000000004000001BC00000032000000033D
:105D700000000004000001CA00000004000000034D
:105D800000000004000001D800000004000000032F
:105D9000000000040000000B0000000100000003F0
:105DA000000000040000001A0000000100000003D1
:105DB00000000004000001E60000000400000003F1
:105DC00000000004000001F70000000400000003D0
:105DD00000000004000002080000010000000003B1
:105DE0000000000400000217000000100000000284
:105DF0000000000200000001736F63667067612D90
:105E000073797374656D2D6D67722D666972657730
:105E1000616C6C0000000003000000140000000032
:105E2000696E74656C2C736F63667067612D647442
:105E30007265670000000003000000040000000B12
:105E40000000000100000003000000040000001A30
:105E50000000000100000001695F7379735F6D67E6
:105E6000725F636F72654066666431323030300055
:105E700000000003000000080000003FFFD12000E8
:105E8000000002300000000300000018000002279C
:105E900000000020FF010000FF01001100000024AD
:105EA000FFFFFFFFFFFFFFFF0000000200000002F6
:105EB00000000001736F63667067612D6C33696E5B
:105EC000746572636F6E6E6563742D666972657753
:105ED000616C6C0000000003000000140000000072
:105EE000696E74656C2C736F63667067612D647482
:105EF0007265670000000003000000040000000B52
:105F00000000000100000003000000040000001A6F
:105F100000000001000000016E6F635F66775F6C38
:105F2000345F7065725F6C345F7065725F7363724B
:105F300040666664323130303000000000000003FB
:105F4000000000080000003FFFD2100000000074B5
:105F50000000000300000114000002270000000000
:105F60000101000101010001000000040101000124
:105F7000010100010000000C01010001010100010C
:105F80000000001001010001010100010000001CDF
:105F900001010001010101010000002001010001D7
:105FA00001010101000000240101000101010101C2
:105FB0000000002801010001010101010000002C86
:105FC0000101000101010001000000300101000198
:105FD0000101000100000034010100010101000184
:105FE0000000004001010001010100010000004427
:105FF000010100010101010100000048010100014F
:106000000101010100000050010100010101010135
:1060100000000054010100010101010100000058CD
:1060200001010001010101010000005C010100010A
:1060300001010101000000600101000101010101F5
:10604000000000640101000101010101000000687D
:1060500001010001010101010000006C01010001CA
:1060600001010101000000700101000101010101B5
:1060700000000002000000016E6F635F66775F6CD6
:10608000345F7379735F6C345F7379735F736372BA
:106090004066666432313130300000000000000399
:1060A000000000080000003FFFD21100000000982F
:1060B0000000000300000144000002270000000867
:1060C00001010001010100010000000C01010001BB
:1060D00001010001000000100101000101010001A7
:1060E000000000140101000101010001000000187E
:1060F00001010001010100010000001C010100017B
:106100000101000100000020010100010101000166
:106110000000002C0101000101010001000000301D
:106120000101000101010001000000340101000132
:10613000010100010000003801010001010100011E
:1061400000000040010100010101000100000044C5
:1061500001010001010100010000004801010001EE
:10616000010100010000004C0101000101010001DA
:10617000000000540101000101010001000000586D
:1061800001010001010100010000005C01010001AA
:106190000101000100000060010100010101010195
:1061A000000000640101000101010101000000681C
:1061B00001010001010101010000006C0101000169
:1061C0000101010100000070010100010101010154
:1061D00000000074010100010101010100000078CC
:1061E0000101000103010001000000900101000114
:1061F0000101000100000094010100010101000102
:1062000000000002000000016E6F635F66775F733D
:106210006F6332667067615F736F63326670676168
:106220005F73637240666664323132303000000062
:1062300000000003000000080000003FFFD2120031
:1062400000000004000000030000000C0000022712
:10625000000000000FFE01010FFE0101000000021E
:10626000000000016E6F635F66775F6C77736F632A
:1062700032667067615F6C77736F633266706761F7
:106280005F73637240666664323133303000000001
:1062900000000003000000080000003FFFD21300D0
:1062A00000000004000000030000000C00000227B2
:1062B000000000000FFE01010FFE010100000002BE
:1062C000000000016E6F635F66775F7463755F74D3
:1062D00063755F73637240666664323134303000D8
:1062E00000000003000000080000003FFFD214007F
:1062F00000000004000000030000000C0000022762
:106300000000000001010001010100010000000285
:10631000000000016E6F635F66775F707269765F81
:106320004D656D6F72794D61705F70726976406610
:10633000666432343830300000000003000000088A
:106340000000003FFFD248000000000C00000003E6
:106350000000000C0000022700000000FFF73FFBD8
:10636000FFF73FFB00000002000000014343555FC0
:10637000636F685F637075305F6279706173735FBC
:106380004F435F4669726577616C6C5F6D61696EE2
:106390005F4669726577616C6C40663731303032C8
:1063A0003030000000000003000000080000003F43
:1063B000F71002000000001400000003000000308D
:1063C00000000227000000048000FFFFE003FFFF41
:1063D000000000088000FFFFE003FFFF0000000C4A
:1063E0008000FFFFE003FFFF000000108000FFFFC0
:1063F000E003FFFF0000000200000001736F635F15
:106400006E6F635F66775F6D7066655F6373725F03
:10641000696E73745F305F6D7066655F7363724041
:1064200066383032303030300000000000000003A9
:10643000000000080000003FF80200000000001CFF
:10644000000000030000000C000002270000000014
:106450000001010100010101000000020000000133
:10646000736F635F6E6F635F66775F6464725F66AE
:1064700070676132736472616D5F696E73745F30EF
:106480005F6464725F7363724066383032303130FB
:106490003000000000000003000000080000003F82
:1064A000F80201000000005000000003000000E4BA
:1064B0000000022700000000000000000000000FA4
:1064C00000000004000000000000000F00000008B1
:1064D000000000000000000F00000010000000009D
:1064E000FFFF00000000001400000000000000FF9B
:1064F0000000001800000000FFFF00000000001C6A
:1065000000000000000000FF00000020000000006C
:10651000FFFF00000000002400000000000000FF5A
:106520000000002800000000FFFF00000000002C19
:1065300000000000000000FF00000030000000002C
:10654000FFFF00000000003400000000000000FF1A
:106550000000003800000000FFFF00000000003CC9
:1065600000000000000000FF0000004000000000EC
:10657000FFFF00000000004400000000000000FFDA
:106580000000004800000000FFFF00000000004C79
:1065900000000000000000FF0000000200000001F9
:1065A000736F635F6D7066655F6E6F635F696E7357
:1065B000745F305F6363755F6D656D305F495F6DFC
:1065C00061696E5F516F7347656E657261746F725A
:1065D00040663830323230383000000000000003AE
:1065E000000000080000003FF80220800000001CAE
:1065F000000000030000003C00000227000000082B
:1066000000000200000003030000000C0000000373
:10661000000000030000001000000BFE00007FFFE0
:106620000000001400000008000003FF0000001834
:10663000000000000000000F000000020000000247
:1066400000000001736F63667067612D736D6D7577
:106650002D7365637572652D636F6E6669670000E3
:10666000000000030000001400000000696E746563
:106670006C2C736F63667067612D6474726567005C
:1066800000000003000000040000000B00000001F7
:1066900000000003000000040000001A00000001D8
:1066A000000000016E6F635F66775F7463755F74EF
:1066B00063755F73637240666664323134303000F4
:1066C00000000003000000080000003FFFD214009B
:1066D00000000100000000030000000C0000022781
:1066E00000000000010100010101000100000002A2
:1066F00000000001695F7379735F6D67745F737980
:10670000736D67725F6373724066666431323030F6
:106710003000000000000003000000080000003FFF
:10672000FFD120000000050000000003000000C0B1
:1067300000000227000000440A0000000A000000D8
:10674000000000480A0000000A0000000000004CA1
:106750000A0000000A0000000000003400220000CF
:10676000002200000000002C00000020000000209B
:106770000000003800000200000002000000003CA1
:1067800000000200000002000000005000100100A4
:106790000010010000000054002002000020020050
:1067A0000000005800300300003003000000005CCF
:1067B00000040004000400040000002C0005000098
:1067C0000005000000000038000600000006000080
:1067D0000000003C000700000007000000000074FB
:1067E00000080008000800080000007800090009FF
:1067F0000009000900000002000000020000000182
:1068000063616368652D636F6E74726F6C6C657223
:106810004066373030303030300000000000000378
:106820000000001200000000617274657269732C30
:106830006E636F72652D63637500000000000003D6
:10684000000000080000003FF700000000100900F1
:10685000000000020000000200000001616C69619C
:106860007365730000000003000000170000023D84
:106870002F736F6340302F73657269616C40666679
:10688000633032303030000000000003000000149C
:10689000000002452F736F6340302F7370694066AC
:1068A000663864323030300000000003000000170A
:1068B0000000024A2F736F6340302F7379736D6746
:1068C00072406666643132303030000000000002F1
:1068D0000000000163686F73656E00000000000334
:1068E000000000110000025173657269616C303A5A
:1068F0003131353230306E380000000000000003C6
:10690000000000140000025D2F736F6340302F6D94
:106910006D63406666383038303030000000000269
:10692000000000016D656D6F72794030000000005D
:1069300000000003000000070000002C6D656D6F73
:106940007279000000000003000000040000000B4A
:106950000000000200000003000000040000001A14
:106960000000000200000003000000100000003FD3
:106970000000000000000000000000008000000097
:10698000000000020000000200000009636F6D704B
:10699000617469626C650023616464726573732D50
:1069A00063656C6C73002373697A652D63656C6C29
:1069B00073006D6F64656C006465766963655F7410
:1069C0007970650072616E67657300726567002398
:1069D000636C6F636B2D63656C6C73007068616EC4
:1069E000646C65006669666F2D646570746800721A
:1069F00065736574730072657365742D6E616D6582
:106A00007300636C6F636B7300636C6F636B2D6EED
:106A1000616D657300696F6D6D757300616C747283
:106A20002C7379736D67722D737973636F6E007356
:106A30007461747573006361702D73642D68696788
:106A40006873706565640062726F6B656E2D636458
:106A5000006275732D776964746800636C6B2D70C8
:106A6000686173652D73642D6873006669666F2DA8
:106A70006D6F64650064727673656C00736D706C25
:106A800073656C007265672D6E616D6573006E6174
:106A90006E642D6275732D77696474680023726566
:106AA0007365742D63656C6C7300616C74722C6D0E
:106AB0006F647273742D6F666673657400726567B8
:106AC0002D7368696674007265672D696F2D77692B
:106AD00064746800636C6F636B2D667265717565B5
:106AE0006E63790063646E732C6669666F2D6465EE
:106AF0007074680063646E732C6669666F2D7769C5
:106B00006474680063646E732C747269676765727D
:106B10002D61646472657373007370692D6D6178A3
:106B20002D6672657175656E6379006D3235702CF6
:106B3000666173742D726561640063646E732C7496
:106B40007368736C2D6E730063646E732C7473645E
:106B500032642D6E730063646E732C7463687368A3
:106B60002D6E730063646E732C74736C63682D6E8A
:106B700073007370692D74782D6275732D77696455
:106B80007468007370692D72782D6275732D776942
:106B90006474680063646E732C706167652D73693B
:106BA0007A650063646E732C626C6F636B2D73691E
:106BB0007A6500696E74656C2C6F66667365742DFA
:106BC00073657474696E67730073657269616C30A4
:106BD0000073706930007379736D67720073746449
:106BE0006F75742D7061746800752D626F6F742CF1
:0F6BF00073706C2D626F6F742D6F72646572001D
:04000005FFE0000018
:00000001FF
